env,policy,algo,seed,utility,failure_rate,completion_rate
default,always_execute,baseline,1000,151.20000000000005,0.14,0.65
default,always_execute,baseline,1001,112.41200000000008,0.15,0.61
default,always_execute,baseline,1002,111.92999999999992,0.21,0.62
default,always_execute,baseline,1003,74.14139999999998,0.14,0.6
default,always_execute,baseline,1004,151.1438,0.11,0.64
default,always_execute,baseline,1005,117.52080000000001,0.15,0.61
default,always_execute,baseline,1006,108.44340000000001,0.16,0.66
default,always_execute,baseline,1007,131.1046,0.14,0.63
default,always_execute,baseline,1008,108.11700000000002,0.11,0.64
default,always_execute,baseline,1009,150.5876,0.15,0.6
default,always_execute,baseline,1010,165.61740000000003,0.13,0.64
default,always_execute,baseline,1011,156.28960000000004,0.12,0.66
default,always_execute,baseline,1012,134.56,0.12,0.64
default,always_execute,baseline,1013,181.6708,0.11,0.67
default,always_execute,baseline,1014,94.10280000000002,0.17,0.63
default,always_execute,baseline,1015,108.44179999999997,0.18,0.62
default,always_execute,baseline,1016,82.36800000000004,0.15,0.63
default,always_execute,baseline,1017,128.99699999999999,0.18,0.62
default,always_execute,baseline,1018,104.05759999999992,0.13,0.64
default,always_execute,baseline,1019,148.10299999999998,0.15,0.6
default,always_execute,baseline,1020,85.52159999999996,0.21,0.56
default,always_execute,baseline,1021,112.19939999999994,0.16,0.65
default,always_execute,baseline,1022,150.1082,0.22,0.58
default,always_execute,baseline,1023,100.32380000000003,0.22,0.57
default,always_execute,baseline,1024,139.27620000000002,0.13,0.63
default,always_execute,baseline,1025,127.04519999999997,0.18,0.63
default,always_execute,baseline,1026,131.88460000000003,0.14,0.64
default,always_execute,baseline,1027,120.89439999999996,0.22,0.6
default,always_execute,baseline,1028,124.23439999999997,0.18,0.63
default,always_execute,baseline,1029,67.2624000000001,0.23,0.6
default,always_execute,baseline,1030,59.18699999999993,0.16,0.61
default,always_execute,baseline,1031,116.30979999999994,0.17,0.62
default,always_execute,baseline,1032,102.32440000000003,0.25,0.55
default,always_execute,baseline,1033,108.39200000000007,0.12,0.64
default,always_execute,baseline,1034,155.40000000000003,0.12,0.67
default,always_execute,baseline,1035,164.77139999999997,0.11,0.68
default,always_execute,baseline,1036,177.211,0.12,0.69
default,always_execute,baseline,1037,159.90500000000006,0.13,0.66
default,always_execute,baseline,1038,149.76579999999996,0.12,0.66
default,always_execute,baseline,1039,166.90479999999997,0.13,0.63
default,always_execute,baseline,1040,58.8664,0.22,0.55
default,always_execute,baseline,1041,140.49040000000002,0.17,0.66
default,always_execute,baseline,1042,156.778,0.09,0.6
default,always_execute,baseline,1043,108.22440000000007,0.17,0.64
default,always_execute,baseline,1044,137.72039999999998,0.14,0.66
default,always_execute,baseline,1045,124.77080000000001,0.1,0.67
default,always_execute,baseline,1046,182.13719999999998,0.1,0.69
default,always_execute,baseline,1047,171.27459999999996,0.08,0.66
default,always_execute,baseline,1048,77.19300000000004,0.15,0.59
default,always_execute,baseline,1049,150.94419999999997,0.17,0.65
default,always_execute,baseline,1050,120.32680000000008,0.13,0.67
default,always_execute,baseline,1051,118.672,0.15,0.63
default,always_execute,baseline,1052,76.5498,0.15,0.6
default,always_execute,baseline,1053,140.20439999999996,0.12,0.65
default,always_execute,baseline,1054,98.3284,0.14,0.6
default,always_execute,baseline,1055,115.7562,0.2,0.61
default,always_execute,baseline,1056,142.934,0.2,0.64
default,always_execute,baseline,1057,112.12239999999991,0.18,0.61
default,always_execute,baseline,1058,139.099,0.1,0.66
default,always_execute,baseline,1059,128.69159999999997,0.14,0.66
default,always_execute,baseline,1060,156.35320000000002,0.19,0.6
default,always_execute,baseline,1061,131.31939999999997,0.11,0.67
default,always_execute,baseline,1062,124.5621999999999,0.19,0.65
default,always_execute,baseline,1063,100.14979999999997,0.15,0.63
default,always_execute,baseline,1064,103.83239999999998,0.15,0.63
default,always_execute,baseline,1065,129.2604,0.11,0.64
default,always_execute,baseline,1066,105.58160000000002,0.2,0.63
default,always_execute,baseline,1067,121.95860000000002,0.09,0.68
default,always_execute,baseline,1068,134.45440000000002,0.15,0.65
default,always_execute,baseline,1069,109.92519999999995,0.14,0.65
default,always_execute,baseline,1070,144.7226,0.16,0.66
default,always_execute,baseline,1071,108.84039999999999,0.18,0.61
default,always_execute,baseline,1072,93.70780000000005,0.11,0.64
default,always_execute,baseline,1073,92.07780000000001,0.12,0.64
default,always_execute,baseline,1074,158.82500000000005,0.05,0.68
default,always_execute,baseline,1075,69.5316,0.14,0.64
default,always_execute,baseline,1076,115.83919999999995,0.18,0.64
default,always_execute,baseline,1077,102.23979999999995,0.11,0.64
default,always_execute,baseline,1078,174.38719999999998,0.14,0.66
default,always_execute,baseline,1079,193.54620000000003,0.08,0.67
default,always_execute,baseline,1080,137.12599999999998,0.18,0.6
default,always_execute,baseline,1081,130.48520000000008,0.13,0.68
default,always_execute,baseline,1082,74.71319999999992,0.21,0.61
default,always_execute,baseline,1083,162.3194,0.1,0.66
default,always_execute,baseline,1084,140.60999999999996,0.18,0.63
default,always_execute,baseline,1085,165.80220000000003,0.13,0.64
default,always_execute,baseline,1086,110.83460000000005,0.16,0.55
default,always_execute,baseline,1087,165.47660000000002,0.08,0.64
default,always_execute,baseline,1088,151.63799999999998,0.11,0.65
default,always_execute,baseline,1089,156.75539999999998,0.16,0.59
default,always_execute,baseline,1090,125.7926,0.15,0.61
default,always_execute,baseline,1091,113.8884,0.12,0.61
default,always_execute,baseline,1092,128.421,0.25,0.55
default,always_execute,baseline,1093,136.90620000000004,0.13,0.6
default,always_execute,baseline,1094,107.79779999999997,0.18,0.58
default,always_execute,baseline,1095,86.21799999999999,0.19,0.59
default,always_execute,baseline,1096,174.0222,0.11,0.7
default,always_execute,baseline,1097,173.02700000000002,0.13,0.64
default,always_execute,baseline,1098,122.07039999999995,0.18,0.6
default,always_execute,baseline,1099,142.0256,0.12,0.64
default,always_execute,baseline,1100,114.8664,0.2,0.62
default,always_execute,baseline,1101,88.29860000000012,0.13,0.67
default,always_execute,baseline,1102,91.56919999999997,0.21,0.58
default,always_execute,baseline,1103,107.00079999999998,0.15,0.66
default,always_execute,baseline,1104,105.56660000000002,0.14,0.67
default,always_execute,baseline,1105,108.73540000000007,0.13,0.62
default,always_execute,baseline,1106,113.86219999999997,0.21,0.58
default,always_execute,baseline,1107,92.92799999999991,0.2,0.62
default,always_execute,baseline,1108,153.0884,0.11,0.64
default,always_execute,baseline,1109,105.71219999999994,0.09,0.62
default,always_execute,baseline,1110,126.92440000000005,0.16,0.61
default,always_execute,baseline,1111,166.32140000000004,0.15,0.62
default,always_execute,baseline,1112,99.55739999999994,0.11,0.63
default,always_execute,baseline,1113,149.44499999999996,0.07,0.69
default,always_execute,baseline,1114,152.49520000000004,0.16,0.61
default,always_execute,baseline,1115,146.92219999999998,0.13,0.63
default,always_execute,baseline,1116,117.257,0.24,0.59
default,always_execute,baseline,1117,120.17679999999996,0.14,0.67
default,always_execute,baseline,1118,165.20739999999995,0.12,0.67
default,always_execute,baseline,1119,121.69320000000005,0.17,0.62
default,always_execute,baseline,1120,154.98679999999993,0.11,0.66
default,always_execute,baseline,1121,85.19379999999995,0.19,0.62
default,always_execute,baseline,1122,115.99019999999999,0.11,0.62
default,always_execute,baseline,1123,149.21460000000002,0.15,0.61
default,always_execute,baseline,1124,160.4168,0.13,0.64
default,always_execute,baseline,1125,119.72560000000001,0.19,0.64
default,always_execute,baseline,1126,141.39319999999998,0.13,0.62
default,always_execute,baseline,1127,111.9392,0.1,0.66
default,always_execute,baseline,1128,134.76999999999992,0.15,0.6
default,always_execute,baseline,1129,157.65680000000003,0.15,0.61
default,always_execute,baseline,1130,124.035,0.21,0.62
default,always_execute,baseline,1131,185.5654,0.16,0.61
default,always_execute,baseline,1132,108.57259999999997,0.12,0.61
default,always_execute,baseline,1133,139.2068,0.11,0.65
default,always_execute,baseline,1134,167.96179999999998,0.2,0.6
default,always_execute,baseline,1135,100.36760000000001,0.18,0.62
default,always_execute,baseline,1136,126.99159999999998,0.1,0.73
default,always_execute,baseline,1137,187.9936,0.09,0.67
default,always_execute,baseline,1138,95.32039999999992,0.1,0.65
default,always_execute,baseline,1139,94.20139999999994,0.17,0.61
default,always_execute,baseline,1140,70.60099999999996,0.15,0.63
default,always_execute,baseline,1141,103.51620000000003,0.27,0.55
default,always_execute,baseline,1142,139.314,0.18,0.61
default,always_execute,baseline,1143,102.55799999999991,0.12,0.65
default,always_execute,baseline,1144,155.2026,0.1,0.65
default,always_execute,baseline,1145,105.48400000000001,0.17,0.64
default,always_execute,baseline,1146,97.63479999999998,0.14,0.62
default,always_execute,baseline,1147,166.5832,0.08,0.66
default,always_execute,baseline,1148,158.53480000000002,0.13,0.63
default,always_execute,baseline,1149,132.14999999999998,0.12,0.66
default,always_execute,baseline,1150,150.28199999999998,0.09,0.68
default,always_execute,baseline,1151,138.9466,0.16,0.63
default,always_execute,baseline,1152,120.80700000000002,0.16,0.61
default,always_execute,baseline,1153,150.95600000000005,0.18,0.63
default,always_execute,baseline,1154,126.29219999999995,0.13,0.64
default,always_execute,baseline,1155,136.48180000000002,0.16,0.62
default,always_execute,baseline,1156,120.80939999999998,0.16,0.6
default,always_execute,baseline,1157,109.82959999999997,0.1,0.64
default,always_execute,baseline,1158,166.41679999999994,0.09,0.64
default,always_execute,baseline,1159,103.08000000000003,0.21,0.61
default,always_execute,baseline,1160,131.95319999999998,0.09,0.67
default,always_execute,baseline,1161,126.48399999999998,0.15,0.66
default,always_execute,baseline,1162,80.97940000000004,0.18,0.58
default,always_execute,baseline,1163,155.40259999999995,0.08,0.68
default,always_execute,baseline,1164,82.64740000000002,0.11,0.63
default,always_execute,baseline,1165,107.13260000000005,0.15,0.61
default,always_execute,baseline,1166,110.5784,0.15,0.59
default,always_execute,baseline,1167,155.583,0.18,0.61
default,always_execute,baseline,1168,123.98959999999994,0.13,0.62
default,always_execute,baseline,1169,85.31280000000004,0.21,0.63
default,always_execute,baseline,1170,145.5406,0.12,0.68
default,always_execute,baseline,1171,120.44480000000004,0.17,0.62
default,always_execute,baseline,1172,118.09020000000001,0.18,0.62
default,always_execute,baseline,1173,137.87139999999997,0.14,0.64
default,always_execute,baseline,1174,152.7448,0.17,0.62
default,always_execute,baseline,1175,111.38680000000002,0.12,0.64
default,always_execute,baseline,1176,86.25460000000001,0.3,0.52
default,always_execute,baseline,1177,139.24,0.1,0.67
default,always_execute,baseline,1178,127.01639999999992,0.14,0.64
default,always_execute,baseline,1179,107.23259999999999,0.2,0.58
default,always_execute,baseline,1180,129.8172,0.12,0.67
default,always_execute,baseline,1181,121.04419999999999,0.16,0.61
default,always_execute,baseline,1182,91.65220000000004,0.13,0.6
default,always_execute,baseline,1183,104.98419999999997,0.13,0.64
default,always_execute,baseline,1184,101.9118,0.23,0.59
default,always_execute,baseline,1185,133.79219999999998,0.12,0.61
default,always_execute,baseline,1186,105.52280000000003,0.14,0.63
default,always_execute,baseline,1187,144.0562,0.12,0.65
default,always_execute,baseline,1188,171.33259999999999,0.12,0.65
default,always_execute,baseline,1189,127.64380000000006,0.12,0.63
default,always_execute,baseline,1190,73.4864,0.22,0.55
default,always_execute,baseline,1191,141.12720000000002,0.11,0.64
default,always_execute,baseline,1192,114.63360000000003,0.12,0.59
default,always_execute,baseline,1193,95.89379999999998,0.06,0.69
default,always_execute,baseline,1194,128.8194,0.15,0.62
default,always_execute,baseline,1195,129.9786,0.12,0.63
default,always_execute,baseline,1196,150.24220000000005,0.13,0.63
default,always_execute,baseline,1197,107.25539999999992,0.19,0.63
default,always_execute,baseline,1198,126.96019999999999,0.16,0.61
default,always_execute,baseline,1199,160.893,0.16,0.67
default,always_execute,baseline,1200,84.15700000000004,0.25,0.56
default,always_execute,baseline,1201,103.07619999999999,0.13,0.66
default,always_execute,baseline,1202,176.04500000000002,0.12,0.65
default,always_execute,baseline,1203,93.48380000000003,0.18,0.6
default,always_execute,baseline,1204,90.71920000000001,0.14,0.66
default,always_execute,baseline,1205,157.1912,0.08,0.67
default,always_execute,baseline,1206,83.66699999999997,0.23,0.59
default,always_execute,baseline,1207,96.59259999999999,0.1,0.66
default,always_execute,baseline,1208,118.62879999999998,0.13,0.64
default,always_execute,baseline,1209,78.45140000000004,0.11,0.65
default,always_execute,baseline,1210,148.56079999999997,0.09,0.67
default,always_execute,baseline,1211,172.95060000000004,0.07,0.68
default,always_execute,baseline,1212,165.85459999999995,0.08,0.69
default,always_execute,baseline,1213,112.38619999999997,0.09,0.65
default,always_execute,baseline,1214,96.74659999999999,0.13,0.65
default,always_execute,baseline,1215,129.53999999999996,0.12,0.62
default,always_execute,baseline,1216,101.43380000000005,0.12,0.69
default,always_execute,baseline,1217,139.7146,0.07,0.68
default,always_execute,baseline,1218,181.01180000000002,0.14,0.65
default,always_execute,baseline,1219,131.19,0.16,0.6
default,always_execute,baseline,1220,162.50039999999996,0.14,0.61
default,always_execute,baseline,1221,83.70700000000001,0.1,0.62
default,always_execute,baseline,1222,119.28979999999999,0.18,0.59
default,always_execute,baseline,1223,83.79339999999992,0.14,0.64
default,always_execute,baseline,1224,116.31879999999995,0.17,0.64
default,always_execute,baseline,1225,146.93260000000004,0.17,0.6
default,always_execute,baseline,1226,147.8074,0.15,0.58
default,always_execute,baseline,1227,54.91339999999994,0.21,0.56
default,always_execute,baseline,1228,97.73920000000001,0.17,0.59
default,always_execute,baseline,1229,137.90640000000002,0.18,0.63
default,always_execute,baseline,1230,153.0796,0.15,0.64
default,always_execute,baseline,1231,83.7672,0.14,0.63
default,always_execute,baseline,1232,174.9344,0.11,0.65
default,always_execute,baseline,1233,127.90559999999999,0.17,0.64
default,always_execute,baseline,1234,105.76680000000007,0.18,0.58
default,always_execute,baseline,1235,154.3492,0.15,0.63
default,always_execute,baseline,1236,81.13119999999995,0.17,0.65
default,always_execute,baseline,1237,88.82819999999998,0.13,0.63
default,always_execute,baseline,1238,99.33700000000002,0.12,0.64
default,always_execute,baseline,1239,102.73840000000001,0.17,0.6
default,always_execute,baseline,1240,153.7512,0.14,0.66
default,always_execute,baseline,1241,118.9322,0.19,0.61
default,always_execute,baseline,1242,90.63220000000001,0.17,0.63
default,always_execute,baseline,1243,134.84380000000004,0.16,0.67
default,always_execute,baseline,1244,108.81479999999995,0.16,0.67
default,always_execute,baseline,1245,172.8984,0.13,0.62
default,always_execute,baseline,1246,119.6866,0.14,0.63
default,always_execute,baseline,1247,145.81279999999998,0.08,0.7
default,always_execute,baseline,1248,154.23719999999992,0.11,0.67
default,always_execute,baseline,1249,133.98200000000003,0.18,0.61
default,scale_when_blocked (hand),hand,1000,151.20000000000005,0.14,0.65
default,scale_when_blocked (hand),hand,1001,126.76300000000003,0.11,0.64
default,scale_when_blocked (hand),hand,1002,91.69279999999999,0.21,0.62
default,scale_when_blocked (hand),hand,1003,83.88979999999997,0.11,0.63
default,scale_when_blocked (hand),hand,1004,167.8734,0.12,0.65
default,scale_when_blocked (hand),hand,1005,134.3686,0.13,0.63
default,scale_when_blocked (hand),hand,1006,112.07619999999997,0.17,0.65
default,scale_when_blocked (hand),hand,1007,102.7318,0.15,0.6
default,scale_when_blocked (hand),hand,1008,105.73179999999999,0.12,0.63
default,scale_when_blocked (hand),hand,1009,150.16699999999997,0.15,0.6
default,scale_when_blocked (hand),hand,1010,167.02319999999997,0.13,0.64
default,scale_when_blocked (hand),hand,1011,156.7914,0.14,0.67
default,scale_when_blocked (hand),hand,1012,134.56,0.12,0.64
default,scale_when_blocked (hand),hand,1013,178.3798,0.11,0.67
default,scale_when_blocked (hand),hand,1014,90.58239999999999,0.18,0.64
default,scale_when_blocked (hand),hand,1015,121.01099999999994,0.17,0.63
default,scale_when_blocked (hand),hand,1016,70.26700000000002,0.12,0.61
default,scale_when_blocked (hand),hand,1017,128.99699999999999,0.18,0.62
default,scale_when_blocked (hand),hand,1018,108.04359999999998,0.13,0.65
default,scale_when_blocked (hand),hand,1019,116.41879999999998,0.19,0.59
default,scale_when_blocked (hand),hand,1020,140.915,0.18,0.6
default,scale_when_blocked (hand),hand,1021,101.00559999999999,0.13,0.62
default,scale_when_blocked (hand),hand,1022,157.3478,0.18,0.62
default,scale_when_blocked (hand),hand,1023,121.83660000000003,0.2,0.64
default,scale_when_blocked (hand),hand,1024,142.5574,0.13,0.64
default,scale_when_blocked (hand),hand,1025,127.03079999999994,0.18,0.63
default,scale_when_blocked (hand),hand,1026,137.2514,0.12,0.66
default,scale_when_blocked (hand),hand,1027,120.89439999999996,0.22,0.6
default,scale_when_blocked (hand),hand,1028,121.969,0.19,0.63
default,scale_when_blocked (hand),hand,1029,67.34000000000007,0.23,0.6
default,scale_when_blocked (hand),hand,1030,79.17780000000005,0.19,0.58
default,scale_when_blocked (hand),hand,1031,95.41619999999998,0.2,0.59
default,scale_when_blocked (hand),hand,1032,114.93019999999999,0.24,0.56
default,scale_when_blocked (hand),hand,1033,96.26380000000003,0.16,0.62
default,scale_when_blocked (hand),hand,1034,153.55219999999997,0.09,0.68
default,scale_when_blocked (hand),hand,1035,155.4356,0.12,0.65
default,scale_when_blocked (hand),hand,1036,169.2386,0.12,0.7
default,scale_when_blocked (hand),hand,1037,146.64020000000002,0.13,0.67
default,scale_when_blocked (hand),hand,1038,149.76579999999996,0.12,0.66
default,scale_when_blocked (hand),hand,1039,140.5876,0.19,0.61
default,scale_when_blocked (hand),hand,1040,60.45440000000002,0.21,0.56
default,scale_when_blocked (hand),hand,1041,116.96899999999997,0.21,0.64
default,scale_when_blocked (hand),hand,1042,165.43179999999998,0.11,0.62
default,scale_when_blocked (hand),hand,1043,102.04880000000004,0.19,0.63
default,scale_when_blocked (hand),hand,1044,139.63459999999992,0.13,0.67
default,scale_when_blocked (hand),hand,1045,114.62439999999998,0.13,0.65
default,scale_when_blocked (hand),hand,1046,182.13719999999998,0.1,0.69
default,scale_when_blocked (hand),hand,1047,179.591,0.05,0.68
default,scale_when_blocked (hand),hand,1048,78.49500000000006,0.15,0.6
default,scale_when_blocked (hand),hand,1049,109.33579999999999,0.13,0.66
default,scale_when_blocked (hand),hand,1050,122.96879999999999,0.12,0.68
default,scale_when_blocked (hand),hand,1051,159.18060000000003,0.15,0.63
default,scale_when_blocked (hand),hand,1052,72.44220000000001,0.16,0.59
default,scale_when_blocked (hand),hand,1053,137.85720000000003,0.14,0.64
default,scale_when_blocked (hand),hand,1054,101.86600000000004,0.14,0.61
default,scale_when_blocked (hand),hand,1055,106.0668,0.19,0.6
default,scale_when_blocked (hand),hand,1056,154.33160000000004,0.17,0.65
default,scale_when_blocked (hand),hand,1057,128.2728,0.15,0.64
default,scale_when_blocked (hand),hand,1058,144.7276,0.17,0.62
default,scale_when_blocked (hand),hand,1059,165.63340000000002,0.11,0.67
default,scale_when_blocked (hand),hand,1060,158.15699999999998,0.19,0.6
default,scale_when_blocked (hand),hand,1061,142.64299999999997,0.11,0.68
default,scale_when_blocked (hand),hand,1062,137.18999999999994,0.18,0.67
default,scale_when_blocked (hand),hand,1063,105.94700000000006,0.16,0.62
default,scale_when_blocked (hand),hand,1064,148.98420000000002,0.11,0.66
default,scale_when_blocked (hand),hand,1065,166.67759999999998,0.08,0.68
default,scale_when_blocked (hand),hand,1066,106.9778,0.2,0.64
default,scale_when_blocked (hand),hand,1067,129.3546,0.07,0.71
default,scale_when_blocked (hand),hand,1068,100.99359999999993,0.13,0.65
default,scale_when_blocked (hand),hand,1069,109.92519999999995,0.14,0.65
default,scale_when_blocked (hand),hand,1070,144.7226,0.16,0.66
default,scale_when_blocked (hand),hand,1071,118.36319999999995,0.18,0.61
default,scale_when_blocked (hand),hand,1072,96.51400000000002,0.11,0.65
default,scale_when_blocked (hand),hand,1073,87.38159999999993,0.12,0.64
default,scale_when_blocked (hand),hand,1074,146.51760000000007,0.08,0.68
default,scale_when_blocked (hand),hand,1075,68.44219999999999,0.14,0.64
default,scale_when_blocked (hand),hand,1076,115.83919999999995,0.18,0.64
default,scale_when_blocked (hand),hand,1077,102.86519999999997,0.11,0.64
default,scale_when_blocked (hand),hand,1078,163.211,0.12,0.66
default,scale_when_blocked (hand),hand,1079,193.54620000000003,0.08,0.67
default,scale_when_blocked (hand),hand,1080,144.8304,0.16,0.62
default,scale_when_blocked (hand),hand,1081,125.01179999999994,0.15,0.66
default,scale_when_blocked (hand),hand,1082,92.08560000000007,0.19,0.62
default,scale_when_blocked (hand),hand,1083,171.406,0.09,0.67
default,scale_when_blocked (hand),hand,1084,167.537,0.14,0.67
default,scale_when_blocked (hand),hand,1085,150.7906,0.17,0.62
default,scale_when_blocked (hand),hand,1086,134.61240000000004,0.18,0.57
default,scale_when_blocked (hand),hand,1087,162.8106,0.09,0.65
default,scale_when_blocked (hand),hand,1088,148.1364,0.13,0.64
default,scale_when_blocked (hand),hand,1089,135.42659999999995,0.15,0.63
default,scale_when_blocked (hand),hand,1090,116.83759999999998,0.18,0.62
default,scale_when_blocked (hand),hand,1091,110.84459999999997,0.13,0.61
default,scale_when_blocked (hand),hand,1092,125.10019999999997,0.25,0.55
default,scale_when_blocked (hand),hand,1093,145.77199999999996,0.15,0.63
default,scale_when_blocked (hand),hand,1094,107.79779999999997,0.18,0.58
default,scale_when_blocked (hand),hand,1095,117.9108,0.14,0.63
default,scale_when_blocked (hand),hand,1096,192.4118,0.1,0.7
default,scale_when_blocked (hand),hand,1097,173.02700000000002,0.13,0.64
default,scale_when_blocked (hand),hand,1098,156.80559999999997,0.16,0.62
default,scale_when_blocked (hand),hand,1099,127.35419999999999,0.14,0.63
default,scale_when_blocked (hand),hand,1100,114.8664,0.2,0.62
default,scale_when_blocked (hand),hand,1101,88.29860000000012,0.13,0.67
default,scale_when_blocked (hand),hand,1102,124.54419999999999,0.17,0.63
default,scale_when_blocked (hand),hand,1103,108.08659999999999,0.15,0.67
default,scale_when_blocked (hand),hand,1104,105.56660000000002,0.14,0.67
default,scale_when_blocked (hand),hand,1105,112.67520000000002,0.19,0.61
default,scale_when_blocked (hand),hand,1106,125.4324,0.21,0.61
default,scale_when_blocked (hand),hand,1107,92.92799999999991,0.2,0.62
default,scale_when_blocked (hand),hand,1108,141.83419999999998,0.14,0.63
default,scale_when_blocked (hand),hand,1109,111.61319999999996,0.09,0.64
default,scale_when_blocked (hand),hand,1110,142.5164,0.13,0.61
default,scale_when_blocked (hand),hand,1111,166.32140000000004,0.15,0.62
default,scale_when_blocked (hand),hand,1112,101.95979999999994,0.11,0.63
default,scale_when_blocked (hand),hand,1113,149.09339999999997,0.06,0.68
default,scale_when_blocked (hand),hand,1114,150.36,0.18,0.61
default,scale_when_blocked (hand),hand,1115,146.16980000000004,0.14,0.62
default,scale_when_blocked (hand),hand,1116,117.257,0.24,0.59
default,scale_when_blocked (hand),hand,1117,106.95439999999999,0.14,0.65
default,scale_when_blocked (hand),hand,1118,160.46280000000004,0.13,0.66
default,scale_when_blocked (hand),hand,1119,120.54560000000004,0.17,0.62
default,scale_when_blocked (hand),hand,1120,154.8635999999999,0.11,0.66
default,scale_when_blocked (hand),hand,1121,72.51659999999998,0.19,0.64
default,scale_when_blocked (hand),hand,1122,141.13359999999997,0.11,0.62
default,scale_when_blocked (hand),hand,1123,145.091,0.14,0.61
default,scale_when_blocked (hand),hand,1124,136.738,0.14,0.66
default,scale_when_blocked (hand),hand,1125,139.4138,0.18,0.61
default,scale_when_blocked (hand),hand,1126,150.94899999999998,0.11,0.64
default,scale_when_blocked (hand),hand,1127,130.60519999999997,0.1,0.66
default,scale_when_blocked (hand),hand,1128,108.51740000000007,0.2,0.59
default,scale_when_blocked (hand),hand,1129,158.72759999999997,0.16,0.66
default,scale_when_blocked (hand),hand,1130,124.035,0.21,0.62
default,scale_when_blocked (hand),hand,1131,190.51600000000002,0.15,0.63
default,scale_when_blocked (hand),hand,1132,104.54499999999999,0.12,0.61
default,scale_when_blocked (hand),hand,1133,127.23160000000001,0.14,0.65
default,scale_when_blocked (hand),hand,1134,173.28879999999998,0.17,0.63
default,scale_when_blocked (hand),hand,1135,148.0308,0.17,0.61
default,scale_when_blocked (hand),hand,1136,126.99159999999998,0.1,0.73
default,scale_when_blocked (hand),hand,1137,187.9936,0.09,0.67
default,scale_when_blocked (hand),hand,1138,110.25619999999994,0.09,0.68
default,scale_when_blocked (hand),hand,1139,75.72219999999994,0.19,0.61
default,scale_when_blocked (hand),hand,1140,69.06479999999999,0.15,0.63
default,scale_when_blocked (hand),hand,1141,103.41180000000003,0.27,0.55
default,scale_when_blocked (hand),hand,1142,120.17840000000001,0.2,0.59
default,scale_when_blocked (hand),hand,1143,103.22139999999996,0.13,0.65
default,scale_when_blocked (hand),hand,1144,156.239,0.09,0.67
default,scale_when_blocked (hand),hand,1145,130.75959999999998,0.11,0.66
default,scale_when_blocked (hand),hand,1146,96.90900000000002,0.14,0.62
default,scale_when_blocked (hand),hand,1147,166.9128,0.08,0.67
default,scale_when_blocked (hand),hand,1148,152.16899999999998,0.11,0.65
default,scale_when_blocked (hand),hand,1149,109.39799999999998,0.15,0.66
default,scale_when_blocked (hand),hand,1150,142.6464,0.12,0.68
default,scale_when_blocked (hand),hand,1151,152.1642,0.15,0.61
default,scale_when_blocked (hand),hand,1152,124.25539999999995,0.17,0.59
default,scale_when_blocked (hand),hand,1153,150.95600000000005,0.18,0.63
default,scale_when_blocked (hand),hand,1154,126.29219999999995,0.13,0.64
default,scale_when_blocked (hand),hand,1155,151.421,0.15,0.65
default,scale_when_blocked (hand),hand,1156,148.813,0.14,0.62
default,scale_when_blocked (hand),hand,1157,113.2816,0.1,0.66
default,scale_when_blocked (hand),hand,1158,149.69339999999997,0.14,0.61
default,scale_when_blocked (hand),hand,1159,103.08000000000003,0.21,0.61
default,scale_when_blocked (hand),hand,1160,131.95319999999998,0.09,0.67
default,scale_when_blocked (hand),hand,1161,81.02379999999997,0.19,0.61
default,scale_when_blocked (hand),hand,1162,97.9148,0.17,0.6
default,scale_when_blocked (hand),hand,1163,144.61159999999995,0.11,0.68
default,scale_when_blocked (hand),hand,1164,78.06480000000003,0.15,0.63
default,scale_when_blocked (hand),hand,1165,126.57540000000003,0.11,0.65
default,scale_when_blocked (hand),hand,1166,124.81060000000002,0.16,0.61
default,scale_when_blocked (hand),hand,1167,155.583,0.18,0.61
default,scale_when_blocked (hand),hand,1168,161.18239999999997,0.13,0.65
default,scale_when_blocked (hand),hand,1169,89.58139999999999,0.23,0.63
default,scale_when_blocked (hand),hand,1170,154.543,0.13,0.69
default,scale_when_blocked (hand),hand,1171,180.4016,0.1,0.68
default,scale_when_blocked (hand),hand,1172,135.6714,0.17,0.63
default,scale_when_blocked (hand),hand,1173,140.35299999999998,0.14,0.65
default,scale_when_blocked (hand),hand,1174,152.6488,0.17,0.62
default,scale_when_blocked (hand),hand,1175,111.28400000000002,0.12,0.64
default,scale_when_blocked (hand),hand,1176,113.11040000000003,0.2,0.61
default,scale_when_blocked (hand),hand,1177,139.55619999999996,0.11,0.67
default,scale_when_blocked (hand),hand,1178,111.32620000000011,0.16,0.63
default,scale_when_blocked (hand),hand,1179,107.23259999999999,0.2,0.58
default,scale_when_blocked (hand),hand,1180,129.8172,0.12,0.67
default,scale_when_blocked (hand),hand,1181,121.04419999999999,0.16,0.61
default,scale_when_blocked (hand),hand,1182,119.30520000000001,0.12,0.64
default,scale_when_blocked (hand),hand,1183,104.98419999999997,0.13,0.64
default,scale_when_blocked (hand),hand,1184,114.4632,0.21,0.64
default,scale_when_blocked (hand),hand,1185,137.41140000000001,0.11,0.62
default,scale_when_blocked (hand),hand,1186,111.3743999999999,0.11,0.68
default,scale_when_blocked (hand),hand,1187,116.42379999999991,0.16,0.61
default,scale_when_blocked (hand),hand,1188,167.83360000000005,0.1,0.65
default,scale_when_blocked (hand),hand,1189,127.63580000000005,0.12,0.63
default,scale_when_blocked (hand),hand,1190,67.83239999999995,0.2,0.59
default,scale_when_blocked (hand),hand,1191,151.00820000000004,0.11,0.64
default,scale_when_blocked (hand),hand,1192,113.12959999999995,0.14,0.59
default,scale_when_blocked (hand),hand,1193,93.65039999999998,0.07,0.68
default,scale_when_blocked (hand),hand,1194,128.8194,0.15,0.62
default,scale_when_blocked (hand),hand,1195,139.50819999999996,0.11,0.66
default,scale_when_blocked (hand),hand,1196,154.2768,0.1,0.65
default,scale_when_blocked (hand),hand,1197,107.67679999999997,0.18,0.63
default,scale_when_blocked (hand),hand,1198,145.76600000000002,0.15,0.6
default,scale_when_blocked (hand),hand,1199,160.869,0.15,0.67
default,scale_when_blocked (hand),hand,1200,88.47519999999999,0.22,0.57
default,scale_when_blocked (hand),hand,1201,103.07619999999999,0.13,0.66
default,scale_when_blocked (hand),hand,1202,166.66740000000001,0.13,0.65
default,scale_when_blocked (hand),hand,1203,132.74640000000005,0.14,0.66
default,scale_when_blocked (hand),hand,1204,96.2856,0.15,0.64
default,scale_when_blocked (hand),hand,1205,157.1912,0.08,0.67
default,scale_when_blocked (hand),hand,1206,94.03500000000001,0.23,0.59
default,scale_when_blocked (hand),hand,1207,133.60019999999997,0.09,0.67
default,scale_when_blocked (hand),hand,1208,123.50940000000003,0.12,0.67
default,scale_when_blocked (hand),hand,1209,74.64240000000002,0.13,0.63
default,scale_when_blocked (hand),hand,1210,171.0144,0.09,0.67
default,scale_when_blocked (hand),hand,1211,172.95060000000004,0.07,0.68
default,scale_when_blocked (hand),hand,1212,115.25959999999992,0.15,0.63
default,scale_when_blocked (hand),hand,1213,151.43499999999995,0.1,0.65
default,scale_when_blocked (hand),hand,1214,96.4104,0.13,0.65
default,scale_when_blocked (hand),hand,1215,136.25779999999997,0.14,0.63
default,scale_when_blocked (hand),hand,1216,96.67939999999996,0.1,0.68
default,scale_when_blocked (hand),hand,1217,131.10879999999995,0.09,0.67
default,scale_when_blocked (hand),hand,1218,180.48160000000001,0.14,0.65
default,scale_when_blocked (hand),hand,1219,144.5486,0.18,0.62
default,scale_when_blocked (hand),hand,1220,155.26500000000001,0.15,0.62
default,scale_when_blocked (hand),hand,1221,84.04280000000003,0.1,0.65
default,scale_when_blocked (hand),hand,1222,141.9148,0.17,0.61
default,scale_when_blocked (hand),hand,1223,120.90999999999994,0.09,0.67
default,scale_when_blocked (hand),hand,1224,164.71439999999998,0.15,0.66
default,scale_when_blocked (hand),hand,1225,140.7082,0.19,0.58
default,scale_when_blocked (hand),hand,1226,147.8074,0.15,0.58
default,scale_when_blocked (hand),hand,1227,66.59719999999999,0.2,0.59
default,scale_when_blocked (hand),hand,1228,108.00820000000006,0.15,0.62
default,scale_when_blocked (hand),hand,1229,149.9374,0.14,0.65
default,scale_when_blocked (hand),hand,1230,152.5924,0.14,0.64
default,scale_when_blocked (hand),hand,1231,124.42139999999998,0.15,0.65
default,scale_when_blocked (hand),hand,1232,162.32459999999992,0.11,0.68
default,scale_when_blocked (hand),hand,1233,119.31439999999998,0.2,0.63
default,scale_when_blocked (hand),hand,1234,99.84940000000003,0.19,0.57
default,scale_when_blocked (hand),hand,1235,159.06380000000004,0.13,0.64
default,scale_when_blocked (hand),hand,1236,78.948,0.17,0.64
default,scale_when_blocked (hand),hand,1237,142.62079999999997,0.13,0.65
default,scale_when_blocked (hand),hand,1238,78.94519999999994,0.15,0.62
default,scale_when_blocked (hand),hand,1239,110.24199999999999,0.13,0.63
default,scale_when_blocked (hand),hand,1240,151.82380000000003,0.14,0.66
default,scale_when_blocked (hand),hand,1241,137.34699999999998,0.16,0.63
default,scale_when_blocked (hand),hand,1242,113.66560000000004,0.16,0.65
default,scale_when_blocked (hand),hand,1243,109.83940000000003,0.15,0.66
default,scale_when_blocked (hand),hand,1244,130.88220000000004,0.15,0.69
default,scale_when_blocked (hand),hand,1245,167.8528,0.13,0.62
default,scale_when_blocked (hand),hand,1246,135.76959999999997,0.17,0.63
default,scale_when_blocked (hand),hand,1247,147.65599999999995,0.08,0.7
default,scale_when_blocked (hand),hand,1248,138.51600000000005,0.11,0.67
default,scale_when_blocked (hand),hand,1249,133.98200000000003,0.18,0.61
default,REINFORCE:seed11,REINFORCE,1000,151.20000000000005,0.14,0.65
default,REINFORCE:seed11,REINFORCE,1001,112.41200000000008,0.15,0.61
default,REINFORCE:seed11,REINFORCE,1002,111.92999999999992,0.21,0.62
default,REINFORCE:seed11,REINFORCE,1003,74.14139999999998,0.14,0.6
default,REINFORCE:seed11,REINFORCE,1004,151.1438,0.11,0.64
default,REINFORCE:seed11,REINFORCE,1005,117.52080000000001,0.15,0.61
default,REINFORCE:seed11,REINFORCE,1006,108.44340000000001,0.16,0.66
default,REINFORCE:seed11,REINFORCE,1007,131.1046,0.14,0.63
default,REINFORCE:seed11,REINFORCE,1008,108.11700000000002,0.11,0.64
default,REINFORCE:seed11,REINFORCE,1009,150.5876,0.15,0.6
default,REINFORCE:seed11,REINFORCE,1010,165.61740000000003,0.13,0.64
default,REINFORCE:seed11,REINFORCE,1011,156.28960000000004,0.12,0.66
default,REINFORCE:seed11,REINFORCE,1012,134.56,0.12,0.64
default,REINFORCE:seed11,REINFORCE,1013,181.6708,0.11,0.67
default,REINFORCE:seed11,REINFORCE,1014,94.10280000000002,0.17,0.63
default,REINFORCE:seed11,REINFORCE,1015,108.44179999999997,0.18,0.62
default,REINFORCE:seed11,REINFORCE,1016,82.36800000000004,0.15,0.63
default,REINFORCE:seed11,REINFORCE,1017,128.99699999999999,0.18,0.62
default,REINFORCE:seed11,REINFORCE,1018,104.05759999999992,0.13,0.64
default,REINFORCE:seed11,REINFORCE,1019,148.10299999999998,0.15,0.6
default,REINFORCE:seed11,REINFORCE,1020,85.52159999999996,0.21,0.56
default,REINFORCE:seed11,REINFORCE,1021,112.19939999999994,0.16,0.65
default,REINFORCE:seed11,REINFORCE,1022,150.1082,0.22,0.58
default,REINFORCE:seed11,REINFORCE,1023,100.32380000000003,0.22,0.57
default,REINFORCE:seed11,REINFORCE,1024,139.27620000000002,0.13,0.63
default,REINFORCE:seed11,REINFORCE,1025,127.04519999999997,0.18,0.63
default,REINFORCE:seed11,REINFORCE,1026,131.88460000000003,0.14,0.64
default,REINFORCE:seed11,REINFORCE,1027,120.89439999999996,0.22,0.6
default,REINFORCE:seed11,REINFORCE,1028,124.23439999999997,0.18,0.63
default,REINFORCE:seed11,REINFORCE,1029,67.2624000000001,0.23,0.6
default,REINFORCE:seed11,REINFORCE,1030,59.18699999999993,0.16,0.61
default,REINFORCE:seed11,REINFORCE,1031,116.30979999999994,0.17,0.62
default,REINFORCE:seed11,REINFORCE,1032,102.32440000000003,0.25,0.55
default,REINFORCE:seed11,REINFORCE,1033,108.39200000000007,0.12,0.64
default,REINFORCE:seed11,REINFORCE,1034,155.40000000000003,0.12,0.67
default,REINFORCE:seed11,REINFORCE,1035,164.77139999999997,0.11,0.68
default,REINFORCE:seed11,REINFORCE,1036,177.211,0.12,0.69
default,REINFORCE:seed11,REINFORCE,1037,159.90500000000006,0.13,0.66
default,REINFORCE:seed11,REINFORCE,1038,149.76579999999996,0.12,0.66
default,REINFORCE:seed11,REINFORCE,1039,166.90479999999997,0.13,0.63
default,REINFORCE:seed11,REINFORCE,1040,58.8664,0.22,0.55
default,REINFORCE:seed11,REINFORCE,1041,140.49040000000002,0.17,0.66
default,REINFORCE:seed11,REINFORCE,1042,156.778,0.09,0.6
default,REINFORCE:seed11,REINFORCE,1043,108.22440000000007,0.17,0.64
default,REINFORCE:seed11,REINFORCE,1044,137.72039999999998,0.14,0.66
default,REINFORCE:seed11,REINFORCE,1045,124.77080000000001,0.1,0.67
default,REINFORCE:seed11,REINFORCE,1046,182.13719999999998,0.1,0.69
default,REINFORCE:seed11,REINFORCE,1047,171.27459999999996,0.08,0.66
default,REINFORCE:seed11,REINFORCE,1048,77.19300000000004,0.15,0.59
default,REINFORCE:seed11,REINFORCE,1049,150.94419999999997,0.17,0.65
default,REINFORCE:seed11,REINFORCE,1050,120.32680000000008,0.13,0.67
default,REINFORCE:seed11,REINFORCE,1051,118.672,0.15,0.63
default,REINFORCE:seed11,REINFORCE,1052,76.5498,0.15,0.6
default,REINFORCE:seed11,REINFORCE,1053,140.20439999999996,0.12,0.65
default,REINFORCE:seed11,REINFORCE,1054,98.3284,0.14,0.6
default,REINFORCE:seed11,REINFORCE,1055,115.7562,0.2,0.61
default,REINFORCE:seed11,REINFORCE,1056,142.934,0.2,0.64
default,REINFORCE:seed11,REINFORCE,1057,112.12239999999991,0.18,0.61
default,REINFORCE:seed11,REINFORCE,1058,139.099,0.1,0.66
default,REINFORCE:seed11,REINFORCE,1059,128.69159999999997,0.14,0.66
default,REINFORCE:seed11,REINFORCE,1060,156.35320000000002,0.19,0.6
default,REINFORCE:seed11,REINFORCE,1061,131.31939999999997,0.11,0.67
default,REINFORCE:seed11,REINFORCE,1062,124.5621999999999,0.19,0.65
default,REINFORCE:seed11,REINFORCE,1063,100.14979999999997,0.15,0.63
default,REINFORCE:seed11,REINFORCE,1064,103.83239999999998,0.15,0.63
default,REINFORCE:seed11,REINFORCE,1065,129.2604,0.11,0.64
default,REINFORCE:seed11,REINFORCE,1066,105.58160000000002,0.2,0.63
default,REINFORCE:seed11,REINFORCE,1067,121.95860000000002,0.09,0.68
default,REINFORCE:seed11,REINFORCE,1068,134.45440000000002,0.15,0.65
default,REINFORCE:seed11,REINFORCE,1069,109.92519999999995,0.14,0.65
default,REINFORCE:seed11,REINFORCE,1070,144.7226,0.16,0.66
default,REINFORCE:seed11,REINFORCE,1071,108.84039999999999,0.18,0.61
default,REINFORCE:seed11,REINFORCE,1072,93.70780000000005,0.11,0.64
default,REINFORCE:seed11,REINFORCE,1073,92.07780000000001,0.12,0.64
default,REINFORCE:seed11,REINFORCE,1074,158.82500000000005,0.05,0.68
default,REINFORCE:seed11,REINFORCE,1075,69.5316,0.14,0.64
default,REINFORCE:seed11,REINFORCE,1076,115.83919999999995,0.18,0.64
default,REINFORCE:seed11,REINFORCE,1077,102.23979999999995,0.11,0.64
default,REINFORCE:seed11,REINFORCE,1078,174.38719999999998,0.14,0.66
default,REINFORCE:seed11,REINFORCE,1079,193.54620000000003,0.08,0.67
default,REINFORCE:seed11,REINFORCE,1080,137.12599999999998,0.18,0.6
default,REINFORCE:seed11,REINFORCE,1081,130.48520000000008,0.13,0.68
default,REINFORCE:seed11,REINFORCE,1082,74.71319999999992,0.21,0.61
default,REINFORCE:seed11,REINFORCE,1083,162.3194,0.1,0.66
default,REINFORCE:seed11,REINFORCE,1084,140.60999999999996,0.18,0.63
default,REINFORCE:seed11,REINFORCE,1085,165.80220000000003,0.13,0.64
default,REINFORCE:seed11,REINFORCE,1086,110.83460000000005,0.16,0.55
default,REINFORCE:seed11,REINFORCE,1087,165.47660000000002,0.08,0.64
default,REINFORCE:seed11,REINFORCE,1088,151.63799999999998,0.11,0.65
default,REINFORCE:seed11,REINFORCE,1089,156.75539999999998,0.16,0.59
default,REINFORCE:seed11,REINFORCE,1090,125.7926,0.15,0.61
default,REINFORCE:seed11,REINFORCE,1091,113.8884,0.12,0.61
default,REINFORCE:seed11,REINFORCE,1092,128.421,0.25,0.55
default,REINFORCE:seed11,REINFORCE,1093,136.90620000000004,0.13,0.6
default,REINFORCE:seed11,REINFORCE,1094,107.79779999999997,0.18,0.58
default,REINFORCE:seed11,REINFORCE,1095,86.21799999999999,0.19,0.59
default,REINFORCE:seed11,REINFORCE,1096,174.0222,0.11,0.7
default,REINFORCE:seed11,REINFORCE,1097,173.02700000000002,0.13,0.64
default,REINFORCE:seed11,REINFORCE,1098,122.07039999999995,0.18,0.6
default,REINFORCE:seed11,REINFORCE,1099,142.0256,0.12,0.64
default,REINFORCE:seed11,REINFORCE,1100,114.8664,0.2,0.62
default,REINFORCE:seed11,REINFORCE,1101,88.29860000000012,0.13,0.67
default,REINFORCE:seed11,REINFORCE,1102,91.56919999999997,0.21,0.58
default,REINFORCE:seed11,REINFORCE,1103,107.00079999999998,0.15,0.66
default,REINFORCE:seed11,REINFORCE,1104,105.56660000000002,0.14,0.67
default,REINFORCE:seed11,REINFORCE,1105,108.73540000000007,0.13,0.62
default,REINFORCE:seed11,REINFORCE,1106,113.86219999999997,0.21,0.58
default,REINFORCE:seed11,REINFORCE,1107,92.92799999999991,0.2,0.62
default,REINFORCE:seed11,REINFORCE,1108,153.0884,0.11,0.64
default,REINFORCE:seed11,REINFORCE,1109,105.71219999999994,0.09,0.62
default,REINFORCE:seed11,REINFORCE,1110,126.92440000000005,0.16,0.61
default,REINFORCE:seed11,REINFORCE,1111,166.32140000000004,0.15,0.62
default,REINFORCE:seed11,REINFORCE,1112,99.55739999999994,0.11,0.63
default,REINFORCE:seed11,REINFORCE,1113,149.44499999999996,0.07,0.69
default,REINFORCE:seed11,REINFORCE,1114,152.49520000000004,0.16,0.61
default,REINFORCE:seed11,REINFORCE,1115,146.92219999999998,0.13,0.63
default,REINFORCE:seed11,REINFORCE,1116,117.257,0.24,0.59
default,REINFORCE:seed11,REINFORCE,1117,120.17679999999996,0.14,0.67
default,REINFORCE:seed11,REINFORCE,1118,165.20739999999995,0.12,0.67
default,REINFORCE:seed11,REINFORCE,1119,121.69320000000005,0.17,0.62
default,REINFORCE:seed11,REINFORCE,1120,154.98679999999993,0.11,0.66
default,REINFORCE:seed11,REINFORCE,1121,85.19379999999995,0.19,0.62
default,REINFORCE:seed11,REINFORCE,1122,115.99019999999999,0.11,0.62
default,REINFORCE:seed11,REINFORCE,1123,149.21460000000002,0.15,0.61
default,REINFORCE:seed11,REINFORCE,1124,160.4168,0.13,0.64
default,REINFORCE:seed11,REINFORCE,1125,119.72560000000001,0.19,0.64
default,REINFORCE:seed11,REINFORCE,1126,141.39319999999998,0.13,0.62
default,REINFORCE:seed11,REINFORCE,1127,111.9392,0.1,0.66
default,REINFORCE:seed11,REINFORCE,1128,134.76999999999992,0.15,0.6
default,REINFORCE:seed11,REINFORCE,1129,157.65680000000003,0.15,0.61
default,REINFORCE:seed11,REINFORCE,1130,124.035,0.21,0.62
default,REINFORCE:seed11,REINFORCE,1131,185.5654,0.16,0.61
default,REINFORCE:seed11,REINFORCE,1132,108.57259999999997,0.12,0.61
default,REINFORCE:seed11,REINFORCE,1133,139.2068,0.11,0.65
default,REINFORCE:seed11,REINFORCE,1134,167.96179999999998,0.2,0.6
default,REINFORCE:seed11,REINFORCE,1135,100.36760000000001,0.18,0.62
default,REINFORCE:seed11,REINFORCE,1136,126.99159999999998,0.1,0.73
default,REINFORCE:seed11,REINFORCE,1137,187.9936,0.09,0.67
default,REINFORCE:seed11,REINFORCE,1138,95.32039999999992,0.1,0.65
default,REINFORCE:seed11,REINFORCE,1139,94.20139999999994,0.17,0.61
default,REINFORCE:seed11,REINFORCE,1140,70.60099999999996,0.15,0.63
default,REINFORCE:seed11,REINFORCE,1141,103.51620000000003,0.27,0.55
default,REINFORCE:seed11,REINFORCE,1142,139.314,0.18,0.61
default,REINFORCE:seed11,REINFORCE,1143,102.55799999999991,0.12,0.65
default,REINFORCE:seed11,REINFORCE,1144,155.2026,0.1,0.65
default,REINFORCE:seed11,REINFORCE,1145,105.48400000000001,0.17,0.64
default,REINFORCE:seed11,REINFORCE,1146,97.63479999999998,0.14,0.62
default,REINFORCE:seed11,REINFORCE,1147,166.5832,0.08,0.66
default,REINFORCE:seed11,REINFORCE,1148,158.53480000000002,0.13,0.63
default,REINFORCE:seed11,REINFORCE,1149,132.14999999999998,0.12,0.66
default,REINFORCE:seed11,REINFORCE,1150,150.28199999999998,0.09,0.68
default,REINFORCE:seed11,REINFORCE,1151,138.9466,0.16,0.63
default,REINFORCE:seed11,REINFORCE,1152,120.80700000000002,0.16,0.61
default,REINFORCE:seed11,REINFORCE,1153,150.95600000000005,0.18,0.63
default,REINFORCE:seed11,REINFORCE,1154,126.29219999999995,0.13,0.64
default,REINFORCE:seed11,REINFORCE,1155,136.48180000000002,0.16,0.62
default,REINFORCE:seed11,REINFORCE,1156,120.80939999999998,0.16,0.6
default,REINFORCE:seed11,REINFORCE,1157,109.82959999999997,0.1,0.64
default,REINFORCE:seed11,REINFORCE,1158,166.41679999999994,0.09,0.64
default,REINFORCE:seed11,REINFORCE,1159,103.08000000000003,0.21,0.61
default,REINFORCE:seed11,REINFORCE,1160,131.95319999999998,0.09,0.67
default,REINFORCE:seed11,REINFORCE,1161,126.48399999999998,0.15,0.66
default,REINFORCE:seed11,REINFORCE,1162,80.97940000000004,0.18,0.58
default,REINFORCE:seed11,REINFORCE,1163,155.40259999999995,0.08,0.68
default,REINFORCE:seed11,REINFORCE,1164,82.64740000000002,0.11,0.63
default,REINFORCE:seed11,REINFORCE,1165,107.13260000000005,0.15,0.61
default,REINFORCE:seed11,REINFORCE,1166,110.5784,0.15,0.59
default,REINFORCE:seed11,REINFORCE,1167,155.583,0.18,0.61
default,REINFORCE:seed11,REINFORCE,1168,123.98959999999994,0.13,0.62
default,REINFORCE:seed11,REINFORCE,1169,85.31280000000004,0.21,0.63
default,REINFORCE:seed11,REINFORCE,1170,145.5406,0.12,0.68
default,REINFORCE:seed11,REINFORCE,1171,120.44480000000004,0.17,0.62
default,REINFORCE:seed11,REINFORCE,1172,118.09020000000001,0.18,0.62
default,REINFORCE:seed11,REINFORCE,1173,137.87139999999997,0.14,0.64
default,REINFORCE:seed11,REINFORCE,1174,152.7448,0.17,0.62
default,REINFORCE:seed11,REINFORCE,1175,111.38680000000002,0.12,0.64
default,REINFORCE:seed11,REINFORCE,1176,86.25460000000001,0.3,0.52
default,REINFORCE:seed11,REINFORCE,1177,139.24,0.1,0.67
default,REINFORCE:seed11,REINFORCE,1178,127.01639999999992,0.14,0.64
default,REINFORCE:seed11,REINFORCE,1179,107.23259999999999,0.2,0.58
default,REINFORCE:seed11,REINFORCE,1180,129.8172,0.12,0.67
default,REINFORCE:seed11,REINFORCE,1181,121.04419999999999,0.16,0.61
default,REINFORCE:seed11,REINFORCE,1182,91.65220000000004,0.13,0.6
default,REINFORCE:seed11,REINFORCE,1183,104.98419999999997,0.13,0.64
default,REINFORCE:seed11,REINFORCE,1184,101.9118,0.23,0.59
default,REINFORCE:seed11,REINFORCE,1185,133.79219999999998,0.12,0.61
default,REINFORCE:seed11,REINFORCE,1186,105.52280000000003,0.14,0.63
default,REINFORCE:seed11,REINFORCE,1187,144.0562,0.12,0.65
default,REINFORCE:seed11,REINFORCE,1188,171.33259999999999,0.12,0.65
default,REINFORCE:seed11,REINFORCE,1189,127.64380000000006,0.12,0.63
default,REINFORCE:seed11,REINFORCE,1190,73.4864,0.22,0.55
default,REINFORCE:seed11,REINFORCE,1191,141.12720000000002,0.11,0.64
default,REINFORCE:seed11,REINFORCE,1192,114.63360000000003,0.12,0.59
default,REINFORCE:seed11,REINFORCE,1193,95.89379999999998,0.06,0.69
default,REINFORCE:seed11,REINFORCE,1194,128.8194,0.15,0.62
default,REINFORCE:seed11,REINFORCE,1195,129.9786,0.12,0.63
default,REINFORCE:seed11,REINFORCE,1196,150.24220000000005,0.13,0.63
default,REINFORCE:seed11,REINFORCE,1197,107.25539999999992,0.19,0.63
default,REINFORCE:seed11,REINFORCE,1198,126.96019999999999,0.16,0.61
default,REINFORCE:seed11,REINFORCE,1199,160.893,0.16,0.67
default,REINFORCE:seed11,REINFORCE,1200,84.15700000000004,0.25,0.56
default,REINFORCE:seed11,REINFORCE,1201,103.07619999999999,0.13,0.66
default,REINFORCE:seed11,REINFORCE,1202,176.04500000000002,0.12,0.65
default,REINFORCE:seed11,REINFORCE,1203,93.48380000000003,0.18,0.6
default,REINFORCE:seed11,REINFORCE,1204,90.71920000000001,0.14,0.66
default,REINFORCE:seed11,REINFORCE,1205,157.1912,0.08,0.67
default,REINFORCE:seed11,REINFORCE,1206,83.66699999999997,0.23,0.59
default,REINFORCE:seed11,REINFORCE,1207,96.59259999999999,0.1,0.66
default,REINFORCE:seed11,REINFORCE,1208,118.62879999999998,0.13,0.64
default,REINFORCE:seed11,REINFORCE,1209,78.45140000000004,0.11,0.65
default,REINFORCE:seed11,REINFORCE,1210,148.56079999999997,0.09,0.67
default,REINFORCE:seed11,REINFORCE,1211,172.95060000000004,0.07,0.68
default,REINFORCE:seed11,REINFORCE,1212,165.85459999999995,0.08,0.69
default,REINFORCE:seed11,REINFORCE,1213,112.38619999999997,0.09,0.65
default,REINFORCE:seed11,REINFORCE,1214,96.74659999999999,0.13,0.65
default,REINFORCE:seed11,REINFORCE,1215,129.53999999999996,0.12,0.62
default,REINFORCE:seed11,REINFORCE,1216,101.43380000000005,0.12,0.69
default,REINFORCE:seed11,REINFORCE,1217,139.7146,0.07,0.68
default,REINFORCE:seed11,REINFORCE,1218,181.01180000000002,0.14,0.65
default,REINFORCE:seed11,REINFORCE,1219,131.19,0.16,0.6
default,REINFORCE:seed11,REINFORCE,1220,162.50039999999996,0.14,0.61
default,REINFORCE:seed11,REINFORCE,1221,83.70700000000001,0.1,0.62
default,REINFORCE:seed11,REINFORCE,1222,119.28979999999999,0.18,0.59
default,REINFORCE:seed11,REINFORCE,1223,83.79339999999992,0.14,0.64
default,REINFORCE:seed11,REINFORCE,1224,116.31879999999995,0.17,0.64
default,REINFORCE:seed11,REINFORCE,1225,146.93260000000004,0.17,0.6
default,REINFORCE:seed11,REINFORCE,1226,147.8074,0.15,0.58
default,REINFORCE:seed11,REINFORCE,1227,54.91339999999994,0.21,0.56
default,REINFORCE:seed11,REINFORCE,1228,97.73920000000001,0.17,0.59
default,REINFORCE:seed11,REINFORCE,1229,137.90640000000002,0.18,0.63
default,REINFORCE:seed11,REINFORCE,1230,153.0796,0.15,0.64
default,REINFORCE:seed11,REINFORCE,1231,83.7672,0.14,0.63
default,REINFORCE:seed11,REINFORCE,1232,174.9344,0.11,0.65
default,REINFORCE:seed11,REINFORCE,1233,127.90559999999999,0.17,0.64
default,REINFORCE:seed11,REINFORCE,1234,105.76680000000007,0.18,0.58
default,REINFORCE:seed11,REINFORCE,1235,154.3492,0.15,0.63
default,REINFORCE:seed11,REINFORCE,1236,81.13119999999995,0.17,0.65
default,REINFORCE:seed11,REINFORCE,1237,88.82819999999998,0.13,0.63
default,REINFORCE:seed11,REINFORCE,1238,99.33700000000002,0.12,0.64
default,REINFORCE:seed11,REINFORCE,1239,102.73840000000001,0.17,0.6
default,REINFORCE:seed11,REINFORCE,1240,153.7512,0.14,0.66
default,REINFORCE:seed11,REINFORCE,1241,118.9322,0.19,0.61
default,REINFORCE:seed11,REINFORCE,1242,90.63220000000001,0.17,0.63
default,REINFORCE:seed11,REINFORCE,1243,134.84380000000004,0.16,0.67
default,REINFORCE:seed11,REINFORCE,1244,108.81479999999995,0.16,0.67
default,REINFORCE:seed11,REINFORCE,1245,172.8984,0.13,0.62
default,REINFORCE:seed11,REINFORCE,1246,119.6866,0.14,0.63
default,REINFORCE:seed11,REINFORCE,1247,145.81279999999998,0.08,0.7
default,REINFORCE:seed11,REINFORCE,1248,154.23719999999992,0.11,0.67
default,REINFORCE:seed11,REINFORCE,1249,133.98200000000003,0.18,0.61
default,REINFORCE:seed13,REINFORCE,1000,151.20000000000005,0.14,0.65
default,REINFORCE:seed13,REINFORCE,1001,112.41200000000008,0.15,0.61
default,REINFORCE:seed13,REINFORCE,1002,111.92999999999992,0.21,0.62
default,REINFORCE:seed13,REINFORCE,1003,74.14139999999998,0.14,0.6
default,REINFORCE:seed13,REINFORCE,1004,151.1438,0.11,0.64
default,REINFORCE:seed13,REINFORCE,1005,117.52080000000001,0.15,0.61
default,REINFORCE:seed13,REINFORCE,1006,108.44340000000001,0.16,0.66
default,REINFORCE:seed13,REINFORCE,1007,131.1046,0.14,0.63
default,REINFORCE:seed13,REINFORCE,1008,108.11700000000002,0.11,0.64
default,REINFORCE:seed13,REINFORCE,1009,150.5876,0.15,0.6
default,REINFORCE:seed13,REINFORCE,1010,165.61740000000003,0.13,0.64
default,REINFORCE:seed13,REINFORCE,1011,156.28960000000004,0.12,0.66
default,REINFORCE:seed13,REINFORCE,1012,134.56,0.12,0.64
default,REINFORCE:seed13,REINFORCE,1013,181.6708,0.11,0.67
default,REINFORCE:seed13,REINFORCE,1014,94.10280000000002,0.17,0.63
default,REINFORCE:seed13,REINFORCE,1015,108.44179999999997,0.18,0.62
default,REINFORCE:seed13,REINFORCE,1016,82.36800000000004,0.15,0.63
default,REINFORCE:seed13,REINFORCE,1017,128.99699999999999,0.18,0.62
default,REINFORCE:seed13,REINFORCE,1018,104.05759999999992,0.13,0.64
default,REINFORCE:seed13,REINFORCE,1019,148.10299999999998,0.15,0.6
default,REINFORCE:seed13,REINFORCE,1020,85.52159999999996,0.21,0.56
default,REINFORCE:seed13,REINFORCE,1021,112.19939999999994,0.16,0.65
default,REINFORCE:seed13,REINFORCE,1022,150.1082,0.22,0.58
default,REINFORCE:seed13,REINFORCE,1023,100.32380000000003,0.22,0.57
default,REINFORCE:seed13,REINFORCE,1024,139.27620000000002,0.13,0.63
default,REINFORCE:seed13,REINFORCE,1025,127.04519999999997,0.18,0.63
default,REINFORCE:seed13,REINFORCE,1026,131.88460000000003,0.14,0.64
default,REINFORCE:seed13,REINFORCE,1027,120.89439999999996,0.22,0.6
default,REINFORCE:seed13,REINFORCE,1028,124.23439999999997,0.18,0.63
default,REINFORCE:seed13,REINFORCE,1029,67.2624000000001,0.23,0.6
default,REINFORCE:seed13,REINFORCE,1030,59.18699999999993,0.16,0.61
default,REINFORCE:seed13,REINFORCE,1031,116.30979999999994,0.17,0.62
default,REINFORCE:seed13,REINFORCE,1032,102.32440000000003,0.25,0.55
default,REINFORCE:seed13,REINFORCE,1033,108.39200000000007,0.12,0.64
default,REINFORCE:seed13,REINFORCE,1034,155.40000000000003,0.12,0.67
default,REINFORCE:seed13,REINFORCE,1035,164.77139999999997,0.11,0.68
default,REINFORCE:seed13,REINFORCE,1036,177.211,0.12,0.69
default,REINFORCE:seed13,REINFORCE,1037,159.90500000000006,0.13,0.66
default,REINFORCE:seed13,REINFORCE,1038,149.76579999999996,0.12,0.66
default,REINFORCE:seed13,REINFORCE,1039,166.90479999999997,0.13,0.63
default,REINFORCE:seed13,REINFORCE,1040,58.8664,0.22,0.55
default,REINFORCE:seed13,REINFORCE,1041,140.49040000000002,0.17,0.66
default,REINFORCE:seed13,REINFORCE,1042,156.778,0.09,0.6
default,REINFORCE:seed13,REINFORCE,1043,108.22440000000007,0.17,0.64
default,REINFORCE:seed13,REINFORCE,1044,137.72039999999998,0.14,0.66
default,REINFORCE:seed13,REINFORCE,1045,124.77080000000001,0.1,0.67
default,REINFORCE:seed13,REINFORCE,1046,182.13719999999998,0.1,0.69
default,REINFORCE:seed13,REINFORCE,1047,171.27459999999996,0.08,0.66
default,REINFORCE:seed13,REINFORCE,1048,77.19300000000004,0.15,0.59
default,REINFORCE:seed13,REINFORCE,1049,150.94419999999997,0.17,0.65
default,REINFORCE:seed13,REINFORCE,1050,120.32680000000008,0.13,0.67
default,REINFORCE:seed13,REINFORCE,1051,118.672,0.15,0.63
default,REINFORCE:seed13,REINFORCE,1052,76.5498,0.15,0.6
default,REINFORCE:seed13,REINFORCE,1053,140.20439999999996,0.12,0.65
default,REINFORCE:seed13,REINFORCE,1054,98.3284,0.14,0.6
default,REINFORCE:seed13,REINFORCE,1055,115.7562,0.2,0.61
default,REINFORCE:seed13,REINFORCE,1056,142.934,0.2,0.64
default,REINFORCE:seed13,REINFORCE,1057,112.12239999999991,0.18,0.61
default,REINFORCE:seed13,REINFORCE,1058,139.099,0.1,0.66
default,REINFORCE:seed13,REINFORCE,1059,128.69159999999997,0.14,0.66
default,REINFORCE:seed13,REINFORCE,1060,156.35320000000002,0.19,0.6
default,REINFORCE:seed13,REINFORCE,1061,131.31939999999997,0.11,0.67
default,REINFORCE:seed13,REINFORCE,1062,124.5621999999999,0.19,0.65
default,REINFORCE:seed13,REINFORCE,1063,100.14979999999997,0.15,0.63
default,REINFORCE:seed13,REINFORCE,1064,103.83239999999998,0.15,0.63
default,REINFORCE:seed13,REINFORCE,1065,129.2604,0.11,0.64
default,REINFORCE:seed13,REINFORCE,1066,105.58160000000002,0.2,0.63
default,REINFORCE:seed13,REINFORCE,1067,121.95860000000002,0.09,0.68
default,REINFORCE:seed13,REINFORCE,1068,134.45440000000002,0.15,0.65
default,REINFORCE:seed13,REINFORCE,1069,109.92519999999995,0.14,0.65
default,REINFORCE:seed13,REINFORCE,1070,144.7226,0.16,0.66
default,REINFORCE:seed13,REINFORCE,1071,108.84039999999999,0.18,0.61
default,REINFORCE:seed13,REINFORCE,1072,93.70780000000005,0.11,0.64
default,REINFORCE:seed13,REINFORCE,1073,92.07780000000001,0.12,0.64
default,REINFORCE:seed13,REINFORCE,1074,158.82500000000005,0.05,0.68
default,REINFORCE:seed13,REINFORCE,1075,69.5316,0.14,0.64
default,REINFORCE:seed13,REINFORCE,1076,115.83919999999995,0.18,0.64
default,REINFORCE:seed13,REINFORCE,1077,102.23979999999995,0.11,0.64
default,REINFORCE:seed13,REINFORCE,1078,174.38719999999998,0.14,0.66
default,REINFORCE:seed13,REINFORCE,1079,193.54620000000003,0.08,0.67
default,REINFORCE:seed13,REINFORCE,1080,137.12599999999998,0.18,0.6
default,REINFORCE:seed13,REINFORCE,1081,130.48520000000008,0.13,0.68
default,REINFORCE:seed13,REINFORCE,1082,74.71319999999992,0.21,0.61
default,REINFORCE:seed13,REINFORCE,1083,162.3194,0.1,0.66
default,REINFORCE:seed13,REINFORCE,1084,140.60999999999996,0.18,0.63
default,REINFORCE:seed13,REINFORCE,1085,165.80220000000003,0.13,0.64
default,REINFORCE:seed13,REINFORCE,1086,110.83460000000005,0.16,0.55
default,REINFORCE:seed13,REINFORCE,1087,165.47660000000002,0.08,0.64
default,REINFORCE:seed13,REINFORCE,1088,151.63799999999998,0.11,0.65
default,REINFORCE:seed13,REINFORCE,1089,156.75539999999998,0.16,0.59
default,REINFORCE:seed13,REINFORCE,1090,125.7926,0.15,0.61
default,REINFORCE:seed13,REINFORCE,1091,113.8884,0.12,0.61
default,REINFORCE:seed13,REINFORCE,1092,128.421,0.25,0.55
default,REINFORCE:seed13,REINFORCE,1093,136.90620000000004,0.13,0.6
default,REINFORCE:seed13,REINFORCE,1094,107.79779999999997,0.18,0.58
default,REINFORCE:seed13,REINFORCE,1095,86.21799999999999,0.19,0.59
default,REINFORCE:seed13,REINFORCE,1096,174.0222,0.11,0.7
default,REINFORCE:seed13,REINFORCE,1097,173.02700000000002,0.13,0.64
default,REINFORCE:seed13,REINFORCE,1098,122.07039999999995,0.18,0.6
default,REINFORCE:seed13,REINFORCE,1099,142.0256,0.12,0.64
default,REINFORCE:seed13,REINFORCE,1100,114.8664,0.2,0.62
default,REINFORCE:seed13,REINFORCE,1101,88.29860000000012,0.13,0.67
default,REINFORCE:seed13,REINFORCE,1102,91.56919999999997,0.21,0.58
default,REINFORCE:seed13,REINFORCE,1103,107.00079999999998,0.15,0.66
default,REINFORCE:seed13,REINFORCE,1104,105.56660000000002,0.14,0.67
default,REINFORCE:seed13,REINFORCE,1105,108.73540000000007,0.13,0.62
default,REINFORCE:seed13,REINFORCE,1106,113.86219999999997,0.21,0.58
default,REINFORCE:seed13,REINFORCE,1107,92.92799999999991,0.2,0.62
default,REINFORCE:seed13,REINFORCE,1108,153.0884,0.11,0.64
default,REINFORCE:seed13,REINFORCE,1109,105.71219999999994,0.09,0.62
default,REINFORCE:seed13,REINFORCE,1110,126.92440000000005,0.16,0.61
default,REINFORCE:seed13,REINFORCE,1111,166.32140000000004,0.15,0.62
default,REINFORCE:seed13,REINFORCE,1112,99.55739999999994,0.11,0.63
default,REINFORCE:seed13,REINFORCE,1113,149.44499999999996,0.07,0.69
default,REINFORCE:seed13,REINFORCE,1114,152.49520000000004,0.16,0.61
default,REINFORCE:seed13,REINFORCE,1115,146.92219999999998,0.13,0.63
default,REINFORCE:seed13,REINFORCE,1116,117.257,0.24,0.59
default,REINFORCE:seed13,REINFORCE,1117,120.17679999999996,0.14,0.67
default,REINFORCE:seed13,REINFORCE,1118,165.20739999999995,0.12,0.67
default,REINFORCE:seed13,REINFORCE,1119,121.69320000000005,0.17,0.62
default,REINFORCE:seed13,REINFORCE,1120,154.98679999999993,0.11,0.66
default,REINFORCE:seed13,REINFORCE,1121,85.19379999999995,0.19,0.62
default,REINFORCE:seed13,REINFORCE,1122,115.99019999999999,0.11,0.62
default,REINFORCE:seed13,REINFORCE,1123,149.21460000000002,0.15,0.61
default,REINFORCE:seed13,REINFORCE,1124,160.4168,0.13,0.64
default,REINFORCE:seed13,REINFORCE,1125,119.72560000000001,0.19,0.64
default,REINFORCE:seed13,REINFORCE,1126,141.39319999999998,0.13,0.62
default,REINFORCE:seed13,REINFORCE,1127,111.9392,0.1,0.66
default,REINFORCE:seed13,REINFORCE,1128,134.76999999999992,0.15,0.6
default,REINFORCE:seed13,REINFORCE,1129,157.65680000000003,0.15,0.61
default,REINFORCE:seed13,REINFORCE,1130,124.035,0.21,0.62
default,REINFORCE:seed13,REINFORCE,1131,185.5654,0.16,0.61
default,REINFORCE:seed13,REINFORCE,1132,108.57259999999997,0.12,0.61
default,REINFORCE:seed13,REINFORCE,1133,139.2068,0.11,0.65
default,REINFORCE:seed13,REINFORCE,1134,167.96179999999998,0.2,0.6
default,REINFORCE:seed13,REINFORCE,1135,100.36760000000001,0.18,0.62
default,REINFORCE:seed13,REINFORCE,1136,126.99159999999998,0.1,0.73
default,REINFORCE:seed13,REINFORCE,1137,187.9936,0.09,0.67
default,REINFORCE:seed13,REINFORCE,1138,95.32039999999992,0.1,0.65
default,REINFORCE:seed13,REINFORCE,1139,94.20139999999994,0.17,0.61
default,REINFORCE:seed13,REINFORCE,1140,70.60099999999996,0.15,0.63
default,REINFORCE:seed13,REINFORCE,1141,103.51620000000003,0.27,0.55
default,REINFORCE:seed13,REINFORCE,1142,139.314,0.18,0.61
default,REINFORCE:seed13,REINFORCE,1143,102.55799999999991,0.12,0.65
default,REINFORCE:seed13,REINFORCE,1144,155.2026,0.1,0.65
default,REINFORCE:seed13,REINFORCE,1145,105.48400000000001,0.17,0.64
default,REINFORCE:seed13,REINFORCE,1146,97.63479999999998,0.14,0.62
default,REINFORCE:seed13,REINFORCE,1147,166.5832,0.08,0.66
default,REINFORCE:seed13,REINFORCE,1148,158.53480000000002,0.13,0.63
default,REINFORCE:seed13,REINFORCE,1149,132.14999999999998,0.12,0.66
default,REINFORCE:seed13,REINFORCE,1150,150.28199999999998,0.09,0.68
default,REINFORCE:seed13,REINFORCE,1151,138.9466,0.16,0.63
default,REINFORCE:seed13,REINFORCE,1152,120.80700000000002,0.16,0.61
default,REINFORCE:seed13,REINFORCE,1153,150.95600000000005,0.18,0.63
default,REINFORCE:seed13,REINFORCE,1154,126.29219999999995,0.13,0.64
default,REINFORCE:seed13,REINFORCE,1155,136.48180000000002,0.16,0.62
default,REINFORCE:seed13,REINFORCE,1156,120.80939999999998,0.16,0.6
default,REINFORCE:seed13,REINFORCE,1157,109.82959999999997,0.1,0.64
default,REINFORCE:seed13,REINFORCE,1158,166.41679999999994,0.09,0.64
default,REINFORCE:seed13,REINFORCE,1159,103.08000000000003,0.21,0.61
default,REINFORCE:seed13,REINFORCE,1160,131.95319999999998,0.09,0.67
default,REINFORCE:seed13,REINFORCE,1161,126.48399999999998,0.15,0.66
default,REINFORCE:seed13,REINFORCE,1162,80.97940000000004,0.18,0.58
default,REINFORCE:seed13,REINFORCE,1163,155.40259999999995,0.08,0.68
default,REINFORCE:seed13,REINFORCE,1164,82.64740000000002,0.11,0.63
default,REINFORCE:seed13,REINFORCE,1165,107.13260000000005,0.15,0.61
default,REINFORCE:seed13,REINFORCE,1166,110.5784,0.15,0.59
default,REINFORCE:seed13,REINFORCE,1167,155.583,0.18,0.61
default,REINFORCE:seed13,REINFORCE,1168,123.98959999999994,0.13,0.62
default,REINFORCE:seed13,REINFORCE,1169,85.31280000000004,0.21,0.63
default,REINFORCE:seed13,REINFORCE,1170,145.5406,0.12,0.68
default,REINFORCE:seed13,REINFORCE,1171,120.44480000000004,0.17,0.62
default,REINFORCE:seed13,REINFORCE,1172,118.09020000000001,0.18,0.62
default,REINFORCE:seed13,REINFORCE,1173,137.87139999999997,0.14,0.64
default,REINFORCE:seed13,REINFORCE,1174,152.7448,0.17,0.62
default,REINFORCE:seed13,REINFORCE,1175,111.38680000000002,0.12,0.64
default,REINFORCE:seed13,REINFORCE,1176,86.25460000000001,0.3,0.52
default,REINFORCE:seed13,REINFORCE,1177,139.24,0.1,0.67
default,REINFORCE:seed13,REINFORCE,1178,127.01639999999992,0.14,0.64
default,REINFORCE:seed13,REINFORCE,1179,107.23259999999999,0.2,0.58
default,REINFORCE:seed13,REINFORCE,1180,129.8172,0.12,0.67
default,REINFORCE:seed13,REINFORCE,1181,121.04419999999999,0.16,0.61
default,REINFORCE:seed13,REINFORCE,1182,91.65220000000004,0.13,0.6
default,REINFORCE:seed13,REINFORCE,1183,104.98419999999997,0.13,0.64
default,REINFORCE:seed13,REINFORCE,1184,101.9118,0.23,0.59
default,REINFORCE:seed13,REINFORCE,1185,133.79219999999998,0.12,0.61
default,REINFORCE:seed13,REINFORCE,1186,105.52280000000003,0.14,0.63
default,REINFORCE:seed13,REINFORCE,1187,144.0562,0.12,0.65
default,REINFORCE:seed13,REINFORCE,1188,171.33259999999999,0.12,0.65
default,REINFORCE:seed13,REINFORCE,1189,127.64380000000006,0.12,0.63
default,REINFORCE:seed13,REINFORCE,1190,73.4864,0.22,0.55
default,REINFORCE:seed13,REINFORCE,1191,141.12720000000002,0.11,0.64
default,REINFORCE:seed13,REINFORCE,1192,114.63360000000003,0.12,0.59
default,REINFORCE:seed13,REINFORCE,1193,95.89379999999998,0.06,0.69
default,REINFORCE:seed13,REINFORCE,1194,128.8194,0.15,0.62
default,REINFORCE:seed13,REINFORCE,1195,129.9786,0.12,0.63
default,REINFORCE:seed13,REINFORCE,1196,150.24220000000005,0.13,0.63
default,REINFORCE:seed13,REINFORCE,1197,107.25539999999992,0.19,0.63
default,REINFORCE:seed13,REINFORCE,1198,126.96019999999999,0.16,0.61
default,REINFORCE:seed13,REINFORCE,1199,160.893,0.16,0.67
default,REINFORCE:seed13,REINFORCE,1200,84.15700000000004,0.25,0.56
default,REINFORCE:seed13,REINFORCE,1201,103.07619999999999,0.13,0.66
default,REINFORCE:seed13,REINFORCE,1202,176.04500000000002,0.12,0.65
default,REINFORCE:seed13,REINFORCE,1203,93.48380000000003,0.18,0.6
default,REINFORCE:seed13,REINFORCE,1204,90.71920000000001,0.14,0.66
default,REINFORCE:seed13,REINFORCE,1205,157.1912,0.08,0.67
default,REINFORCE:seed13,REINFORCE,1206,83.66699999999997,0.23,0.59
default,REINFORCE:seed13,REINFORCE,1207,96.59259999999999,0.1,0.66
default,REINFORCE:seed13,REINFORCE,1208,118.62879999999998,0.13,0.64
default,REINFORCE:seed13,REINFORCE,1209,78.45140000000004,0.11,0.65
default,REINFORCE:seed13,REINFORCE,1210,148.56079999999997,0.09,0.67
default,REINFORCE:seed13,REINFORCE,1211,172.95060000000004,0.07,0.68
default,REINFORCE:seed13,REINFORCE,1212,165.85459999999995,0.08,0.69
default,REINFORCE:seed13,REINFORCE,1213,112.38619999999997,0.09,0.65
default,REINFORCE:seed13,REINFORCE,1214,96.74659999999999,0.13,0.65
default,REINFORCE:seed13,REINFORCE,1215,129.53999999999996,0.12,0.62
default,REINFORCE:seed13,REINFORCE,1216,101.43380000000005,0.12,0.69
default,REINFORCE:seed13,REINFORCE,1217,139.7146,0.07,0.68
default,REINFORCE:seed13,REINFORCE,1218,181.01180000000002,0.14,0.65
default,REINFORCE:seed13,REINFORCE,1219,131.19,0.16,0.6
default,REINFORCE:seed13,REINFORCE,1220,162.50039999999996,0.14,0.61
default,REINFORCE:seed13,REINFORCE,1221,83.70700000000001,0.1,0.62
default,REINFORCE:seed13,REINFORCE,1222,119.28979999999999,0.18,0.59
default,REINFORCE:seed13,REINFORCE,1223,83.79339999999992,0.14,0.64
default,REINFORCE:seed13,REINFORCE,1224,116.31879999999995,0.17,0.64
default,REINFORCE:seed13,REINFORCE,1225,146.93260000000004,0.17,0.6
default,REINFORCE:seed13,REINFORCE,1226,147.8074,0.15,0.58
default,REINFORCE:seed13,REINFORCE,1227,54.91339999999994,0.21,0.56
default,REINFORCE:seed13,REINFORCE,1228,97.73920000000001,0.17,0.59
default,REINFORCE:seed13,REINFORCE,1229,137.90640000000002,0.18,0.63
default,REINFORCE:seed13,REINFORCE,1230,153.0796,0.15,0.64
default,REINFORCE:seed13,REINFORCE,1231,83.7672,0.14,0.63
default,REINFORCE:seed13,REINFORCE,1232,174.9344,0.11,0.65
default,REINFORCE:seed13,REINFORCE,1233,127.90559999999999,0.17,0.64
default,REINFORCE:seed13,REINFORCE,1234,105.76680000000007,0.18,0.58
default,REINFORCE:seed13,REINFORCE,1235,154.3492,0.15,0.63
default,REINFORCE:seed13,REINFORCE,1236,81.13119999999995,0.17,0.65
default,REINFORCE:seed13,REINFORCE,1237,88.82819999999998,0.13,0.63
default,REINFORCE:seed13,REINFORCE,1238,99.33700000000002,0.12,0.64
default,REINFORCE:seed13,REINFORCE,1239,102.73840000000001,0.17,0.6
default,REINFORCE:seed13,REINFORCE,1240,153.7512,0.14,0.66
default,REINFORCE:seed13,REINFORCE,1241,118.9322,0.19,0.61
default,REINFORCE:seed13,REINFORCE,1242,90.63220000000001,0.17,0.63
default,REINFORCE:seed13,REINFORCE,1243,134.84380000000004,0.16,0.67
default,REINFORCE:seed13,REINFORCE,1244,108.81479999999995,0.16,0.67
default,REINFORCE:seed13,REINFORCE,1245,172.8984,0.13,0.62
default,REINFORCE:seed13,REINFORCE,1246,119.6866,0.14,0.63
default,REINFORCE:seed13,REINFORCE,1247,145.81279999999998,0.08,0.7
default,REINFORCE:seed13,REINFORCE,1248,154.23719999999992,0.11,0.67
default,REINFORCE:seed13,REINFORCE,1249,133.98200000000003,0.18,0.61
default,REINFORCE:seed7,REINFORCE,1000,151.20000000000005,0.14,0.65
default,REINFORCE:seed7,REINFORCE,1001,112.41200000000008,0.15,0.61
default,REINFORCE:seed7,REINFORCE,1002,111.92999999999992,0.21,0.62
default,REINFORCE:seed7,REINFORCE,1003,74.14139999999998,0.14,0.6
default,REINFORCE:seed7,REINFORCE,1004,151.1438,0.11,0.64
default,REINFORCE:seed7,REINFORCE,1005,117.52080000000001,0.15,0.61
default,REINFORCE:seed7,REINFORCE,1006,108.44340000000001,0.16,0.66
default,REINFORCE:seed7,REINFORCE,1007,131.1046,0.14,0.63
default,REINFORCE:seed7,REINFORCE,1008,108.11700000000002,0.11,0.64
default,REINFORCE:seed7,REINFORCE,1009,150.5876,0.15,0.6
default,REINFORCE:seed7,REINFORCE,1010,165.61740000000003,0.13,0.64
default,REINFORCE:seed7,REINFORCE,1011,156.28960000000004,0.12,0.66
default,REINFORCE:seed7,REINFORCE,1012,134.56,0.12,0.64
default,REINFORCE:seed7,REINFORCE,1013,181.6708,0.11,0.67
default,REINFORCE:seed7,REINFORCE,1014,94.10280000000002,0.17,0.63
default,REINFORCE:seed7,REINFORCE,1015,108.44179999999997,0.18,0.62
default,REINFORCE:seed7,REINFORCE,1016,82.36800000000004,0.15,0.63
default,REINFORCE:seed7,REINFORCE,1017,128.99699999999999,0.18,0.62
default,REINFORCE:seed7,REINFORCE,1018,104.05759999999992,0.13,0.64
default,REINFORCE:seed7,REINFORCE,1019,148.10299999999998,0.15,0.6
default,REINFORCE:seed7,REINFORCE,1020,85.52159999999996,0.21,0.56
default,REINFORCE:seed7,REINFORCE,1021,112.19939999999994,0.16,0.65
default,REINFORCE:seed7,REINFORCE,1022,150.1082,0.22,0.58
default,REINFORCE:seed7,REINFORCE,1023,100.32380000000003,0.22,0.57
default,REINFORCE:seed7,REINFORCE,1024,139.27620000000002,0.13,0.63
default,REINFORCE:seed7,REINFORCE,1025,127.04519999999997,0.18,0.63
default,REINFORCE:seed7,REINFORCE,1026,131.88460000000003,0.14,0.64
default,REINFORCE:seed7,REINFORCE,1027,120.89439999999996,0.22,0.6
default,REINFORCE:seed7,REINFORCE,1028,124.23439999999997,0.18,0.63
default,REINFORCE:seed7,REINFORCE,1029,67.2624000000001,0.23,0.6
default,REINFORCE:seed7,REINFORCE,1030,59.18699999999993,0.16,0.61
default,REINFORCE:seed7,REINFORCE,1031,116.30979999999994,0.17,0.62
default,REINFORCE:seed7,REINFORCE,1032,102.32440000000003,0.25,0.55
default,REINFORCE:seed7,REINFORCE,1033,108.39200000000007,0.12,0.64
default,REINFORCE:seed7,REINFORCE,1034,155.40000000000003,0.12,0.67
default,REINFORCE:seed7,REINFORCE,1035,164.77139999999997,0.11,0.68
default,REINFORCE:seed7,REINFORCE,1036,177.211,0.12,0.69
default,REINFORCE:seed7,REINFORCE,1037,159.90500000000006,0.13,0.66
default,REINFORCE:seed7,REINFORCE,1038,149.76579999999996,0.12,0.66
default,REINFORCE:seed7,REINFORCE,1039,166.90479999999997,0.13,0.63
default,REINFORCE:seed7,REINFORCE,1040,58.8664,0.22,0.55
default,REINFORCE:seed7,REINFORCE,1041,140.49040000000002,0.17,0.66
default,REINFORCE:seed7,REINFORCE,1042,156.778,0.09,0.6
default,REINFORCE:seed7,REINFORCE,1043,108.22440000000007,0.17,0.64
default,REINFORCE:seed7,REINFORCE,1044,137.72039999999998,0.14,0.66
default,REINFORCE:seed7,REINFORCE,1045,124.77080000000001,0.1,0.67
default,REINFORCE:seed7,REINFORCE,1046,182.13719999999998,0.1,0.69
default,REINFORCE:seed7,REINFORCE,1047,171.27459999999996,0.08,0.66
default,REINFORCE:seed7,REINFORCE,1048,77.19300000000004,0.15,0.59
default,REINFORCE:seed7,REINFORCE,1049,150.94419999999997,0.17,0.65
default,REINFORCE:seed7,REINFORCE,1050,120.32680000000008,0.13,0.67
default,REINFORCE:seed7,REINFORCE,1051,118.672,0.15,0.63
default,REINFORCE:seed7,REINFORCE,1052,76.5498,0.15,0.6
default,REINFORCE:seed7,REINFORCE,1053,140.20439999999996,0.12,0.65
default,REINFORCE:seed7,REINFORCE,1054,98.3284,0.14,0.6
default,REINFORCE:seed7,REINFORCE,1055,115.7562,0.2,0.61
default,REINFORCE:seed7,REINFORCE,1056,142.934,0.2,0.64
default,REINFORCE:seed7,REINFORCE,1057,112.12239999999991,0.18,0.61
default,REINFORCE:seed7,REINFORCE,1058,139.099,0.1,0.66
default,REINFORCE:seed7,REINFORCE,1059,128.69159999999997,0.14,0.66
default,REINFORCE:seed7,REINFORCE,1060,156.35320000000002,0.19,0.6
default,REINFORCE:seed7,REINFORCE,1061,131.31939999999997,0.11,0.67
default,REINFORCE:seed7,REINFORCE,1062,124.5621999999999,0.19,0.65
default,REINFORCE:seed7,REINFORCE,1063,100.14979999999997,0.15,0.63
default,REINFORCE:seed7,REINFORCE,1064,103.83239999999998,0.15,0.63
default,REINFORCE:seed7,REINFORCE,1065,129.2604,0.11,0.64
default,REINFORCE:seed7,REINFORCE,1066,105.58160000000002,0.2,0.63
default,REINFORCE:seed7,REINFORCE,1067,121.95860000000002,0.09,0.68
default,REINFORCE:seed7,REINFORCE,1068,134.45440000000002,0.15,0.65
default,REINFORCE:seed7,REINFORCE,1069,109.92519999999995,0.14,0.65
default,REINFORCE:seed7,REINFORCE,1070,144.7226,0.16,0.66
default,REINFORCE:seed7,REINFORCE,1071,108.84039999999999,0.18,0.61
default,REINFORCE:seed7,REINFORCE,1072,93.70780000000005,0.11,0.64
default,REINFORCE:seed7,REINFORCE,1073,92.07780000000001,0.12,0.64
default,REINFORCE:seed7,REINFORCE,1074,158.82500000000005,0.05,0.68
default,REINFORCE:seed7,REINFORCE,1075,69.5316,0.14,0.64
default,REINFORCE:seed7,REINFORCE,1076,115.83919999999995,0.18,0.64
default,REINFORCE:seed7,REINFORCE,1077,102.23979999999995,0.11,0.64
default,REINFORCE:seed7,REINFORCE,1078,174.38719999999998,0.14,0.66
default,REINFORCE:seed7,REINFORCE,1079,193.54620000000003,0.08,0.67
default,REINFORCE:seed7,REINFORCE,1080,137.12599999999998,0.18,0.6
default,REINFORCE:seed7,REINFORCE,1081,130.48520000000008,0.13,0.68
default,REINFORCE:seed7,REINFORCE,1082,74.71319999999992,0.21,0.61
default,REINFORCE:seed7,REINFORCE,1083,162.3194,0.1,0.66
default,REINFORCE:seed7,REINFORCE,1084,140.60999999999996,0.18,0.63
default,REINFORCE:seed7,REINFORCE,1085,165.80220000000003,0.13,0.64
default,REINFORCE:seed7,REINFORCE,1086,110.83460000000005,0.16,0.55
default,REINFORCE:seed7,REINFORCE,1087,165.47660000000002,0.08,0.64
default,REINFORCE:seed7,REINFORCE,1088,151.63799999999998,0.11,0.65
default,REINFORCE:seed7,REINFORCE,1089,156.75539999999998,0.16,0.59
default,REINFORCE:seed7,REINFORCE,1090,125.7926,0.15,0.61
default,REINFORCE:seed7,REINFORCE,1091,113.8884,0.12,0.61
default,REINFORCE:seed7,REINFORCE,1092,128.421,0.25,0.55
default,REINFORCE:seed7,REINFORCE,1093,136.90620000000004,0.13,0.6
default,REINFORCE:seed7,REINFORCE,1094,107.79779999999997,0.18,0.58
default,REINFORCE:seed7,REINFORCE,1095,86.21799999999999,0.19,0.59
default,REINFORCE:seed7,REINFORCE,1096,174.0222,0.11,0.7
default,REINFORCE:seed7,REINFORCE,1097,173.02700000000002,0.13,0.64
default,REINFORCE:seed7,REINFORCE,1098,122.07039999999995,0.18,0.6
default,REINFORCE:seed7,REINFORCE,1099,142.0256,0.12,0.64
default,REINFORCE:seed7,REINFORCE,1100,114.8664,0.2,0.62
default,REINFORCE:seed7,REINFORCE,1101,88.29860000000012,0.13,0.67
default,REINFORCE:seed7,REINFORCE,1102,91.56919999999997,0.21,0.58
default,REINFORCE:seed7,REINFORCE,1103,107.00079999999998,0.15,0.66
default,REINFORCE:seed7,REINFORCE,1104,105.56660000000002,0.14,0.67
default,REINFORCE:seed7,REINFORCE,1105,108.73540000000007,0.13,0.62
default,REINFORCE:seed7,REINFORCE,1106,113.86219999999997,0.21,0.58
default,REINFORCE:seed7,REINFORCE,1107,92.92799999999991,0.2,0.62
default,REINFORCE:seed7,REINFORCE,1108,153.0884,0.11,0.64
default,REINFORCE:seed7,REINFORCE,1109,105.71219999999994,0.09,0.62
default,REINFORCE:seed7,REINFORCE,1110,126.92440000000005,0.16,0.61
default,REINFORCE:seed7,REINFORCE,1111,166.32140000000004,0.15,0.62
default,REINFORCE:seed7,REINFORCE,1112,99.55739999999994,0.11,0.63
default,REINFORCE:seed7,REINFORCE,1113,149.44499999999996,0.07,0.69
default,REINFORCE:seed7,REINFORCE,1114,152.49520000000004,0.16,0.61
default,REINFORCE:seed7,REINFORCE,1115,146.92219999999998,0.13,0.63
default,REINFORCE:seed7,REINFORCE,1116,117.257,0.24,0.59
default,REINFORCE:seed7,REINFORCE,1117,120.17679999999996,0.14,0.67
default,REINFORCE:seed7,REINFORCE,1118,165.20739999999995,0.12,0.67
default,REINFORCE:seed7,REINFORCE,1119,121.69320000000005,0.17,0.62
default,REINFORCE:seed7,REINFORCE,1120,154.98679999999993,0.11,0.66
default,REINFORCE:seed7,REINFORCE,1121,85.19379999999995,0.19,0.62
default,REINFORCE:seed7,REINFORCE,1122,115.99019999999999,0.11,0.62
default,REINFORCE:seed7,REINFORCE,1123,149.21460000000002,0.15,0.61
default,REINFORCE:seed7,REINFORCE,1124,160.4168,0.13,0.64
default,REINFORCE:seed7,REINFORCE,1125,119.72560000000001,0.19,0.64
default,REINFORCE:seed7,REINFORCE,1126,141.39319999999998,0.13,0.62
default,REINFORCE:seed7,REINFORCE,1127,111.9392,0.1,0.66
default,REINFORCE:seed7,REINFORCE,1128,134.76999999999992,0.15,0.6
default,REINFORCE:seed7,REINFORCE,1129,157.65680000000003,0.15,0.61
default,REINFORCE:seed7,REINFORCE,1130,124.035,0.21,0.62
default,REINFORCE:seed7,REINFORCE,1131,185.5654,0.16,0.61
default,REINFORCE:seed7,REINFORCE,1132,108.57259999999997,0.12,0.61
default,REINFORCE:seed7,REINFORCE,1133,139.2068,0.11,0.65
default,REINFORCE:seed7,REINFORCE,1134,167.96179999999998,0.2,0.6
default,REINFORCE:seed7,REINFORCE,1135,100.36760000000001,0.18,0.62
default,REINFORCE:seed7,REINFORCE,1136,126.99159999999998,0.1,0.73
default,REINFORCE:seed7,REINFORCE,1137,187.9936,0.09,0.67
default,REINFORCE:seed7,REINFORCE,1138,95.32039999999992,0.1,0.65
default,REINFORCE:seed7,REINFORCE,1139,94.20139999999994,0.17,0.61
default,REINFORCE:seed7,REINFORCE,1140,70.60099999999996,0.15,0.63
default,REINFORCE:seed7,REINFORCE,1141,103.51620000000003,0.27,0.55
default,REINFORCE:seed7,REINFORCE,1142,139.314,0.18,0.61
default,REINFORCE:seed7,REINFORCE,1143,102.55799999999991,0.12,0.65
default,REINFORCE:seed7,REINFORCE,1144,155.2026,0.1,0.65
default,REINFORCE:seed7,REINFORCE,1145,105.48400000000001,0.17,0.64
default,REINFORCE:seed7,REINFORCE,1146,97.63479999999998,0.14,0.62
default,REINFORCE:seed7,REINFORCE,1147,166.5832,0.08,0.66
default,REINFORCE:seed7,REINFORCE,1148,158.53480000000002,0.13,0.63
default,REINFORCE:seed7,REINFORCE,1149,132.14999999999998,0.12,0.66
default,REINFORCE:seed7,REINFORCE,1150,150.28199999999998,0.09,0.68
default,REINFORCE:seed7,REINFORCE,1151,138.9466,0.16,0.63
default,REINFORCE:seed7,REINFORCE,1152,120.80700000000002,0.16,0.61
default,REINFORCE:seed7,REINFORCE,1153,150.95600000000005,0.18,0.63
default,REINFORCE:seed7,REINFORCE,1154,126.29219999999995,0.13,0.64
default,REINFORCE:seed7,REINFORCE,1155,136.48180000000002,0.16,0.62
default,REINFORCE:seed7,REINFORCE,1156,120.80939999999998,0.16,0.6
default,REINFORCE:seed7,REINFORCE,1157,109.82959999999997,0.1,0.64
default,REINFORCE:seed7,REINFORCE,1158,166.41679999999994,0.09,0.64
default,REINFORCE:seed7,REINFORCE,1159,103.08000000000003,0.21,0.61
default,REINFORCE:seed7,REINFORCE,1160,131.95319999999998,0.09,0.67
default,REINFORCE:seed7,REINFORCE,1161,126.48399999999998,0.15,0.66
default,REINFORCE:seed7,REINFORCE,1162,80.97940000000004,0.18,0.58
default,REINFORCE:seed7,REINFORCE,1163,155.40259999999995,0.08,0.68
default,REINFORCE:seed7,REINFORCE,1164,82.64740000000002,0.11,0.63
default,REINFORCE:seed7,REINFORCE,1165,107.13260000000005,0.15,0.61
default,REINFORCE:seed7,REINFORCE,1166,110.5784,0.15,0.59
default,REINFORCE:seed7,REINFORCE,1167,155.583,0.18,0.61
default,REINFORCE:seed7,REINFORCE,1168,123.98959999999994,0.13,0.62
default,REINFORCE:seed7,REINFORCE,1169,85.31280000000004,0.21,0.63
default,REINFORCE:seed7,REINFORCE,1170,145.5406,0.12,0.68
default,REINFORCE:seed7,REINFORCE,1171,120.44480000000004,0.17,0.62
default,REINFORCE:seed7,REINFORCE,1172,118.09020000000001,0.18,0.62
default,REINFORCE:seed7,REINFORCE,1173,137.87139999999997,0.14,0.64
default,REINFORCE:seed7,REINFORCE,1174,152.7448,0.17,0.62
default,REINFORCE:seed7,REINFORCE,1175,111.38680000000002,0.12,0.64
default,REINFORCE:seed7,REINFORCE,1176,86.25460000000001,0.3,0.52
default,REINFORCE:seed7,REINFORCE,1177,139.24,0.1,0.67
default,REINFORCE:seed7,REINFORCE,1178,127.01639999999992,0.14,0.64
default,REINFORCE:seed7,REINFORCE,1179,107.23259999999999,0.2,0.58
default,REINFORCE:seed7,REINFORCE,1180,129.8172,0.12,0.67
default,REINFORCE:seed7,REINFORCE,1181,121.04419999999999,0.16,0.61
default,REINFORCE:seed7,REINFORCE,1182,91.65220000000004,0.13,0.6
default,REINFORCE:seed7,REINFORCE,1183,104.98419999999997,0.13,0.64
default,REINFORCE:seed7,REINFORCE,1184,101.9118,0.23,0.59
default,REINFORCE:seed7,REINFORCE,1185,133.79219999999998,0.12,0.61
default,REINFORCE:seed7,REINFORCE,1186,105.52280000000003,0.14,0.63
default,REINFORCE:seed7,REINFORCE,1187,144.0562,0.12,0.65
default,REINFORCE:seed7,REINFORCE,1188,171.33259999999999,0.12,0.65
default,REINFORCE:seed7,REINFORCE,1189,127.64380000000006,0.12,0.63
default,REINFORCE:seed7,REINFORCE,1190,73.4864,0.22,0.55
default,REINFORCE:seed7,REINFORCE,1191,141.12720000000002,0.11,0.64
default,REINFORCE:seed7,REINFORCE,1192,114.63360000000003,0.12,0.59
default,REINFORCE:seed7,REINFORCE,1193,95.89379999999998,0.06,0.69
default,REINFORCE:seed7,REINFORCE,1194,128.8194,0.15,0.62
default,REINFORCE:seed7,REINFORCE,1195,129.9786,0.12,0.63
default,REINFORCE:seed7,REINFORCE,1196,150.24220000000005,0.13,0.63
default,REINFORCE:seed7,REINFORCE,1197,107.25539999999992,0.19,0.63
default,REINFORCE:seed7,REINFORCE,1198,126.96019999999999,0.16,0.61
default,REINFORCE:seed7,REINFORCE,1199,160.893,0.16,0.67
default,REINFORCE:seed7,REINFORCE,1200,84.15700000000004,0.25,0.56
default,REINFORCE:seed7,REINFORCE,1201,103.07619999999999,0.13,0.66
default,REINFORCE:seed7,REINFORCE,1202,176.04500000000002,0.12,0.65
default,REINFORCE:seed7,REINFORCE,1203,93.48380000000003,0.18,0.6
default,REINFORCE:seed7,REINFORCE,1204,90.71920000000001,0.14,0.66
default,REINFORCE:seed7,REINFORCE,1205,157.1912,0.08,0.67
default,REINFORCE:seed7,REINFORCE,1206,83.66699999999997,0.23,0.59
default,REINFORCE:seed7,REINFORCE,1207,96.59259999999999,0.1,0.66
default,REINFORCE:seed7,REINFORCE,1208,118.62879999999998,0.13,0.64
default,REINFORCE:seed7,REINFORCE,1209,78.45140000000004,0.11,0.65
default,REINFORCE:seed7,REINFORCE,1210,148.56079999999997,0.09,0.67
default,REINFORCE:seed7,REINFORCE,1211,172.95060000000004,0.07,0.68
default,REINFORCE:seed7,REINFORCE,1212,165.85459999999995,0.08,0.69
default,REINFORCE:seed7,REINFORCE,1213,112.38619999999997,0.09,0.65
default,REINFORCE:seed7,REINFORCE,1214,96.74659999999999,0.13,0.65
default,REINFORCE:seed7,REINFORCE,1215,129.53999999999996,0.12,0.62
default,REINFORCE:seed7,REINFORCE,1216,101.43380000000005,0.12,0.69
default,REINFORCE:seed7,REINFORCE,1217,139.7146,0.07,0.68
default,REINFORCE:seed7,REINFORCE,1218,181.01180000000002,0.14,0.65
default,REINFORCE:seed7,REINFORCE,1219,131.19,0.16,0.6
default,REINFORCE:seed7,REINFORCE,1220,162.50039999999996,0.14,0.61
default,REINFORCE:seed7,REINFORCE,1221,83.70700000000001,0.1,0.62
default,REINFORCE:seed7,REINFORCE,1222,119.28979999999999,0.18,0.59
default,REINFORCE:seed7,REINFORCE,1223,83.79339999999992,0.14,0.64
default,REINFORCE:seed7,REINFORCE,1224,116.31879999999995,0.17,0.64
default,REINFORCE:seed7,REINFORCE,1225,146.93260000000004,0.17,0.6
default,REINFORCE:seed7,REINFORCE,1226,147.8074,0.15,0.58
default,REINFORCE:seed7,REINFORCE,1227,54.91339999999994,0.21,0.56
default,REINFORCE:seed7,REINFORCE,1228,97.73920000000001,0.17,0.59
default,REINFORCE:seed7,REINFORCE,1229,137.90640000000002,0.18,0.63
default,REINFORCE:seed7,REINFORCE,1230,153.0796,0.15,0.64
default,REINFORCE:seed7,REINFORCE,1231,83.7672,0.14,0.63
default,REINFORCE:seed7,REINFORCE,1232,174.9344,0.11,0.65
default,REINFORCE:seed7,REINFORCE,1233,127.90559999999999,0.17,0.64
default,REINFORCE:seed7,REINFORCE,1234,105.76680000000007,0.18,0.58
default,REINFORCE:seed7,REINFORCE,1235,154.3492,0.15,0.63
default,REINFORCE:seed7,REINFORCE,1236,81.13119999999995,0.17,0.65
default,REINFORCE:seed7,REINFORCE,1237,88.82819999999998,0.13,0.63
default,REINFORCE:seed7,REINFORCE,1238,99.33700000000002,0.12,0.64
default,REINFORCE:seed7,REINFORCE,1239,102.73840000000001,0.17,0.6
default,REINFORCE:seed7,REINFORCE,1240,153.7512,0.14,0.66
default,REINFORCE:seed7,REINFORCE,1241,118.9322,0.19,0.61
default,REINFORCE:seed7,REINFORCE,1242,90.63220000000001,0.17,0.63
default,REINFORCE:seed7,REINFORCE,1243,134.84380000000004,0.16,0.67
default,REINFORCE:seed7,REINFORCE,1244,108.81479999999995,0.16,0.67
default,REINFORCE:seed7,REINFORCE,1245,172.8984,0.13,0.62
default,REINFORCE:seed7,REINFORCE,1246,119.6866,0.14,0.63
default,REINFORCE:seed7,REINFORCE,1247,145.81279999999998,0.08,0.7
default,REINFORCE:seed7,REINFORCE,1248,154.23719999999992,0.11,0.67
default,REINFORCE:seed7,REINFORCE,1249,133.98200000000003,0.18,0.61
default,PPO:seed11,PPO,1000,154.40879999999999,0.14,0.65
default,PPO:seed11,PPO,1001,113.59680000000003,0.15,0.61
default,PPO:seed11,PPO,1002,111.4726,0.17,0.62
default,PPO:seed11,PPO,1003,87.90600000000009,0.11,0.61
default,PPO:seed11,PPO,1004,151.1438,0.11,0.64
default,PPO:seed11,PPO,1005,114.66860000000003,0.15,0.61
default,PPO:seed11,PPO,1006,100.59,0.17,0.66
default,PPO:seed11,PPO,1007,131.1046,0.14,0.63
default,PPO:seed11,PPO,1008,93.02779999999998,0.12,0.63
default,PPO:seed11,PPO,1009,150.5876,0.15,0.6
default,PPO:seed11,PPO,1010,164.78240000000002,0.13,0.64
default,PPO:seed11,PPO,1011,154.4522,0.14,0.66
default,PPO:seed11,PPO,1012,142.08720000000002,0.13,0.65
default,PPO:seed11,PPO,1013,181.6708,0.11,0.67
default,PPO:seed11,PPO,1014,84.43400000000005,0.18,0.63
default,PPO:seed11,PPO,1015,108.44179999999997,0.18,0.62
default,PPO:seed11,PPO,1016,70.5552,0.19,0.62
default,PPO:seed11,PPO,1017,128.99699999999999,0.18,0.62
default,PPO:seed11,PPO,1018,114.84060000000001,0.11,0.65
default,PPO:seed11,PPO,1019,148.10299999999998,0.15,0.6
default,PPO:seed11,PPO,1020,105.47480000000002,0.22,0.6
default,PPO:seed11,PPO,1021,112.02159999999998,0.16,0.65
default,PPO:seed11,PPO,1022,150.0952,0.22,0.58
default,PPO:seed11,PPO,1023,99.46340000000004,0.23,0.57
default,PPO:seed11,PPO,1024,139.11540000000002,0.13,0.63
default,PPO:seed11,PPO,1025,124.51740000000001,0.18,0.63
default,PPO:seed11,PPO,1026,131.54160000000002,0.13,0.64
default,PPO:seed11,PPO,1027,123.33619999999996,0.21,0.61
default,PPO:seed11,PPO,1028,121.5694,0.2,0.63
default,PPO:seed11,PPO,1029,63.094200000000015,0.23,0.57
default,PPO:seed11,PPO,1030,63.55839999999995,0.19,0.61
default,PPO:seed11,PPO,1031,120.5926,0.17,0.63
default,PPO:seed11,PPO,1032,102.32440000000003,0.25,0.55
default,PPO:seed11,PPO,1033,108.39200000000007,0.12,0.64
default,PPO:seed11,PPO,1034,149.2434,0.11,0.65
default,PPO:seed11,PPO,1035,158.2302,0.11,0.66
default,PPO:seed11,PPO,1036,186.5472,0.1,0.7
default,PPO:seed11,PPO,1037,158.29500000000007,0.13,0.65
default,PPO:seed11,PPO,1038,149.76579999999996,0.12,0.66
default,PPO:seed11,PPO,1039,166.90479999999997,0.13,0.63
default,PPO:seed11,PPO,1040,58.8664,0.22,0.55
default,PPO:seed11,PPO,1041,137.9314,0.17,0.65
default,PPO:seed11,PPO,1042,151.9192,0.11,0.61
default,PPO:seed11,PPO,1043,110.66700000000003,0.17,0.65
default,PPO:seed11,PPO,1044,136.15699999999998,0.12,0.66
default,PPO:seed11,PPO,1045,126.69980000000001,0.11,0.67
default,PPO:seed11,PPO,1046,180.7626,0.1,0.68
default,PPO:seed11,PPO,1047,171.39079999999996,0.08,0.66
default,PPO:seed11,PPO,1048,66.84419999999989,0.17,0.58
default,PPO:seed11,PPO,1049,150.93839999999997,0.17,0.65
default,PPO:seed11,PPO,1050,114.36940000000004,0.14,0.67
default,PPO:seed11,PPO,1051,115.85219999999998,0.15,0.61
default,PPO:seed11,PPO,1052,76.8748,0.15,0.6
default,PPO:seed11,PPO,1053,140.20439999999996,0.12,0.65
default,PPO:seed11,PPO,1054,98.3284,0.14,0.6
default,PPO:seed11,PPO,1055,115.82100000000003,0.2,0.61
default,PPO:seed11,PPO,1056,155.38020000000003,0.17,0.64
default,PPO:seed11,PPO,1057,110.82099999999991,0.19,0.61
default,PPO:seed11,PPO,1058,139.099,0.1,0.66
default,PPO:seed11,PPO,1059,110.38499999999996,0.15,0.64
default,PPO:seed11,PPO,1060,153.7648,0.2,0.6
default,PPO:seed11,PPO,1061,123.50299999999999,0.1,0.69
default,PPO:seed11,PPO,1062,134.62459999999993,0.18,0.65
default,PPO:seed11,PPO,1063,101.781,0.15,0.62
default,PPO:seed11,PPO,1064,124.47480000000002,0.14,0.63
default,PPO:seed11,PPO,1065,136.709,0.11,0.65
default,PPO:seed11,PPO,1066,105.01620000000005,0.2,0.64
default,PPO:seed11,PPO,1067,137.23979999999995,0.07,0.7
default,PPO:seed11,PPO,1068,139.68119999999993,0.15,0.65
default,PPO:seed11,PPO,1069,145.75980000000004,0.11,0.65
default,PPO:seed11,PPO,1070,144.7226,0.16,0.66
default,PPO:seed11,PPO,1071,112.23500000000001,0.18,0.61
default,PPO:seed11,PPO,1072,94.76620000000005,0.11,0.64
default,PPO:seed11,PPO,1073,89.64619999999996,0.14,0.64
default,PPO:seed11,PPO,1074,163.8924,0.05,0.69
default,PPO:seed11,PPO,1075,65.00380000000004,0.17,0.63
default,PPO:seed11,PPO,1076,124.8132,0.16,0.65
default,PPO:seed11,PPO,1077,97.26139999999995,0.12,0.63
default,PPO:seed11,PPO,1078,174.38719999999998,0.14,0.66
default,PPO:seed11,PPO,1079,193.54620000000003,0.08,0.67
default,PPO:seed11,PPO,1080,140.8878,0.18,0.61
default,PPO:seed11,PPO,1081,121.6192,0.1,0.66
default,PPO:seed11,PPO,1082,72.82859999999998,0.21,0.61
default,PPO:seed11,PPO,1083,162.3194,0.1,0.66
default,PPO:seed11,PPO,1084,140.83919999999998,0.18,0.63
default,PPO:seed11,PPO,1085,161.3048,0.15,0.62
default,PPO:seed11,PPO,1086,110.78480000000005,0.16,0.55
default,PPO:seed11,PPO,1087,166.56900000000002,0.08,0.64
default,PPO:seed11,PPO,1088,151.63799999999998,0.11,0.65
default,PPO:seed11,PPO,1089,171.13600000000005,0.15,0.63
default,PPO:seed11,PPO,1090,125.7926,0.15,0.61
default,PPO:seed11,PPO,1091,110.80400000000004,0.12,0.6
default,PPO:seed11,PPO,1092,128.4012,0.25,0.55
default,PPO:seed11,PPO,1093,136.91440000000006,0.13,0.6
default,PPO:seed11,PPO,1094,107.79779999999997,0.18,0.58
default,PPO:seed11,PPO,1095,66.33340000000001,0.25,0.55
default,PPO:seed11,PPO,1096,174.0222,0.11,0.7
default,PPO:seed11,PPO,1097,173.02700000000002,0.13,0.64
default,PPO:seed11,PPO,1098,122.07039999999995,0.18,0.6
default,PPO:seed11,PPO,1099,136.5822,0.14,0.63
default,PPO:seed11,PPO,1100,114.8664,0.2,0.62
default,PPO:seed11,PPO,1101,93.285,0.13,0.68
default,PPO:seed11,PPO,1102,97.26219999999996,0.19,0.6
default,PPO:seed11,PPO,1103,108.44399999999997,0.15,0.66
default,PPO:seed11,PPO,1104,104.16860000000001,0.15,0.66
default,PPO:seed11,PPO,1105,108.73540000000007,0.13,0.62
default,PPO:seed11,PPO,1106,104.51400000000001,0.24,0.56
default,PPO:seed11,PPO,1107,87.43119999999989,0.19,0.63
default,PPO:seed11,PPO,1108,152.06000000000003,0.09,0.63
default,PPO:seed11,PPO,1109,100.40639999999993,0.09,0.62
default,PPO:seed11,PPO,1110,135.2565999999999,0.14,0.62
default,PPO:seed11,PPO,1111,151.2958,0.15,0.6
default,PPO:seed11,PPO,1112,102.6981999999999,0.12,0.62
default,PPO:seed11,PPO,1113,151.44079999999997,0.08,0.69
default,PPO:seed11,PPO,1114,152.55780000000001,0.16,0.61
default,PPO:seed11,PPO,1115,149.31579999999997,0.13,0.63
default,PPO:seed11,PPO,1116,117.48160000000001,0.24,0.59
default,PPO:seed11,PPO,1117,120.17679999999996,0.14,0.67
default,PPO:seed11,PPO,1118,165.0078,0.12,0.66
default,PPO:seed11,PPO,1119,123.57420000000002,0.17,0.62
default,PPO:seed11,PPO,1120,149.13979999999998,0.13,0.64
default,PPO:seed11,PPO,1121,98.78579999999991,0.16,0.64
default,PPO:seed11,PPO,1122,115.99019999999999,0.11,0.62
default,PPO:seed11,PPO,1123,149.406,0.15,0.61
default,PPO:seed11,PPO,1124,168.09539999999998,0.13,0.64
default,PPO:seed11,PPO,1125,124.58560000000006,0.16,0.65
default,PPO:seed11,PPO,1126,147.6628,0.13,0.63
default,PPO:seed11,PPO,1127,111.38579999999996,0.1,0.68
default,PPO:seed11,PPO,1128,137.30819999999997,0.16,0.61
default,PPO:seed11,PPO,1129,144.7934,0.18,0.6
default,PPO:seed11,PPO,1130,123.05699999999996,0.21,0.62
default,PPO:seed11,PPO,1131,185.5654,0.16,0.61
default,PPO:seed11,PPO,1132,111.79400000000001,0.11,0.61
default,PPO:seed11,PPO,1133,140.46379999999996,0.11,0.65
default,PPO:seed11,PPO,1134,167.96179999999998,0.2,0.6
default,PPO:seed11,PPO,1135,102.1208,0.18,0.63
default,PPO:seed11,PPO,1136,135.95699999999994,0.08,0.74
default,PPO:seed11,PPO,1137,187.9936,0.09,0.67
default,PPO:seed11,PPO,1138,93.75859999999992,0.1,0.63
default,PPO:seed11,PPO,1139,108.18279999999999,0.17,0.59
default,PPO:seed11,PPO,1140,74.80880000000005,0.16,0.62
default,PPO:seed11,PPO,1141,103.51620000000003,0.27,0.55
default,PPO:seed11,PPO,1142,139.76260000000002,0.18,0.61
default,PPO:seed11,PPO,1143,97.9361999999999,0.12,0.64
default,PPO:seed11,PPO,1144,151.78459999999998,0.11,0.65
default,PPO:seed11,PPO,1145,106.89939999999997,0.17,0.64
default,PPO:seed11,PPO,1146,101.25999999999996,0.14,0.62
default,PPO:seed11,PPO,1147,166.5832,0.08,0.66
default,PPO:seed11,PPO,1148,158.53480000000002,0.13,0.63
default,PPO:seed11,PPO,1149,134.7272,0.12,0.66
default,PPO:seed11,PPO,1150,150.32819999999998,0.09,0.68
default,PPO:seed11,PPO,1151,140.58499999999998,0.16,0.63
default,PPO:seed11,PPO,1152,124.78960000000001,0.14,0.62
default,PPO:seed11,PPO,1153,154.84640000000005,0.16,0.63
default,PPO:seed11,PPO,1154,130.86699999999996,0.13,0.65
default,PPO:seed11,PPO,1155,136.2192,0.16,0.62
default,PPO:seed11,PPO,1156,125.83679999999998,0.18,0.6
default,PPO:seed11,PPO,1157,103.25599999999991,0.13,0.66
default,PPO:seed11,PPO,1158,163.09179999999992,0.1,0.64
default,PPO:seed11,PPO,1159,85.04700000000005,0.22,0.58
default,PPO:seed11,PPO,1160,134.0372,0.08,0.67
default,PPO:seed11,PPO,1161,124.07959999999997,0.15,0.65
default,PPO:seed11,PPO,1162,80.97940000000004,0.18,0.58
default,PPO:seed11,PPO,1163,150.5754,0.09,0.67
default,PPO:seed11,PPO,1164,86.65899999999999,0.1,0.64
default,PPO:seed11,PPO,1165,113.12679999999999,0.12,0.64
default,PPO:seed11,PPO,1166,118.86000000000001,0.15,0.6
default,PPO:seed11,PPO,1167,160.2244,0.17,0.62
default,PPO:seed11,PPO,1168,137.70139999999998,0.11,0.63
default,PPO:seed11,PPO,1169,83.5906,0.2,0.63
default,PPO:seed11,PPO,1170,151.40179999999998,0.11,0.68
default,PPO:seed11,PPO,1171,120.36640000000006,0.17,0.62
default,PPO:seed11,PPO,1172,118.09020000000001,0.18,0.62
default,PPO:seed11,PPO,1173,141.12819999999996,0.16,0.64
default,PPO:seed11,PPO,1174,152.7622,0.17,0.62
default,PPO:seed11,PPO,1175,110.14439999999995,0.13,0.64
default,PPO:seed11,PPO,1176,86.25460000000001,0.3,0.52
default,PPO:seed11,PPO,1177,139.24,0.1,0.67
default,PPO:seed11,PPO,1178,126.24279999999999,0.13,0.65
default,PPO:seed11,PPO,1179,123.94960000000003,0.18,0.59
default,PPO:seed11,PPO,1180,125.793,0.12,0.65
default,PPO:seed11,PPO,1181,121.04419999999999,0.16,0.61
default,PPO:seed11,PPO,1182,95.70100000000004,0.13,0.6
default,PPO:seed11,PPO,1183,113.00140000000006,0.12,0.64
default,PPO:seed11,PPO,1184,102.36299999999999,0.23,0.59
default,PPO:seed11,PPO,1185,134.78379999999999,0.12,0.61
default,PPO:seed11,PPO,1186,128.91899999999998,0.08,0.67
default,PPO:seed11,PPO,1187,140.22039999999998,0.14,0.63
default,PPO:seed11,PPO,1188,171.33259999999999,0.12,0.65
default,PPO:seed11,PPO,1189,126.423,0.12,0.62
default,PPO:seed11,PPO,1190,74.82280000000002,0.24,0.55
default,PPO:seed11,PPO,1191,149.1206,0.1,0.65
default,PPO:seed11,PPO,1192,123.07219999999998,0.12,0.61
default,PPO:seed11,PPO,1193,101.2286,0.08,0.67
default,PPO:seed11,PPO,1194,128.8194,0.15,0.62
default,PPO:seed11,PPO,1195,130.90540000000001,0.13,0.65
default,PPO:seed11,PPO,1196,150.24220000000005,0.13,0.63
default,PPO:seed11,PPO,1197,122.51839999999999,0.16,0.65
default,PPO:seed11,PPO,1198,129.2616,0.16,0.61
default,PPO:seed11,PPO,1199,160.893,0.16,0.67
default,PPO:seed11,PPO,1200,84.2786,0.24,0.55
default,PPO:seed11,PPO,1201,116.53519999999997,0.1,0.68
default,PPO:seed11,PPO,1202,176.04500000000002,0.12,0.65
default,PPO:seed11,PPO,1203,103.15160000000003,0.18,0.61
default,PPO:seed11,PPO,1204,104.41099999999989,0.11,0.65
default,PPO:seed11,PPO,1205,162.89079999999998,0.08,0.68
default,PPO:seed11,PPO,1206,94.62739999999994,0.22,0.6
default,PPO:seed11,PPO,1207,105.20539999999997,0.08,0.65
default,PPO:seed11,PPO,1208,118.62879999999998,0.13,0.64
default,PPO:seed11,PPO,1209,77.51199999999999,0.12,0.63
default,PPO:seed11,PPO,1210,147.9554,0.09,0.67
default,PPO:seed11,PPO,1211,173.441,0.07,0.69
default,PPO:seed11,PPO,1212,164.92999999999995,0.08,0.68
default,PPO:seed11,PPO,1213,120.50099999999998,0.08,0.67
default,PPO:seed11,PPO,1214,109.07819999999995,0.13,0.66
default,PPO:seed11,PPO,1215,129.53999999999996,0.12,0.62
default,PPO:seed11,PPO,1216,103.1444,0.1,0.68
default,PPO:seed11,PPO,1217,139.7146,0.07,0.68
default,PPO:seed11,PPO,1218,175.4256,0.14,0.64
default,PPO:seed11,PPO,1219,139.12400000000002,0.15,0.61
default,PPO:seed11,PPO,1220,162.50039999999996,0.14,0.61
default,PPO:seed11,PPO,1221,83.82199999999999,0.1,0.62
default,PPO:seed11,PPO,1222,119.28979999999999,0.18,0.59
default,PPO:seed11,PPO,1223,90.82919999999999,0.14,0.63
default,PPO:seed11,PPO,1224,117.672,0.18,0.64
default,PPO:seed11,PPO,1225,146.93260000000004,0.17,0.6
default,PPO:seed11,PPO,1226,149.6138,0.12,0.58
default,PPO:seed11,PPO,1227,65.55919999999999,0.21,0.59
default,PPO:seed11,PPO,1228,97.76520000000001,0.17,0.59
default,PPO:seed11,PPO,1229,142.36979999999997,0.18,0.63
default,PPO:seed11,PPO,1230,158.7084,0.14,0.66
default,PPO:seed11,PPO,1231,86.18820000000002,0.14,0.63
default,PPO:seed11,PPO,1232,172.6022,0.12,0.64
default,PPO:seed11,PPO,1233,129.89619999999996,0.16,0.63
default,PPO:seed11,PPO,1234,105.65900000000006,0.17,0.58
default,PPO:seed11,PPO,1235,153.42340000000002,0.15,0.62
default,PPO:seed11,PPO,1236,81.13119999999995,0.17,0.65
default,PPO:seed11,PPO,1237,105.03580000000002,0.14,0.62
default,PPO:seed11,PPO,1238,105.85280000000002,0.13,0.64
default,PPO:seed11,PPO,1239,94.01199999999996,0.16,0.6
default,PPO:seed11,PPO,1240,151.07059999999998,0.15,0.65
default,PPO:seed11,PPO,1241,118.9322,0.19,0.61
default,PPO:seed11,PPO,1242,90.25479999999993,0.18,0.62
default,PPO:seed11,PPO,1243,138.27080000000004,0.16,0.68
default,PPO:seed11,PPO,1244,108.81479999999995,0.16,0.67
default,PPO:seed11,PPO,1245,172.8984,0.13,0.62
default,PPO:seed11,PPO,1246,132.6642,0.15,0.62
default,PPO:seed11,PPO,1247,157.97160000000002,0.08,0.67
default,PPO:seed11,PPO,1248,153.83579999999998,0.11,0.67
default,PPO:seed11,PPO,1249,138.66379999999998,0.17,0.61
default,PPO:seed13,PPO,1000,151.20000000000005,0.14,0.65
default,PPO:seed13,PPO,1001,112.41200000000008,0.15,0.61
default,PPO:seed13,PPO,1002,113.64679999999993,0.21,0.62
default,PPO:seed13,PPO,1003,74.14139999999998,0.14,0.6
default,PPO:seed13,PPO,1004,151.1438,0.11,0.64
default,PPO:seed13,PPO,1005,129.19240000000002,0.15,0.63
default,PPO:seed13,PPO,1006,104.32239999999999,0.18,0.65
default,PPO:seed13,PPO,1007,131.1046,0.14,0.63
default,PPO:seed13,PPO,1008,114.3966,0.1,0.64
default,PPO:seed13,PPO,1009,150.5876,0.15,0.6
default,PPO:seed13,PPO,1010,148.60819999999998,0.11,0.64
default,PPO:seed13,PPO,1011,154.294,0.14,0.66
default,PPO:seed13,PPO,1012,134.56,0.12,0.64
default,PPO:seed13,PPO,1013,181.6708,0.11,0.67
default,PPO:seed13,PPO,1014,96.06260000000002,0.17,0.64
default,PPO:seed13,PPO,1015,108.44179999999997,0.18,0.62
default,PPO:seed13,PPO,1016,78.97399999999999,0.16,0.62
default,PPO:seed13,PPO,1017,128.99699999999999,0.18,0.62
default,PPO:seed13,PPO,1018,104.05759999999992,0.13,0.64
default,PPO:seed13,PPO,1019,155.32499999999996,0.14,0.61
default,PPO:seed13,PPO,1020,85.52159999999996,0.21,0.56
default,PPO:seed13,PPO,1021,112.19939999999994,0.16,0.65
default,PPO:seed13,PPO,1022,162.74739999999997,0.22,0.61
default,PPO:seed13,PPO,1023,99.3602,0.23,0.57
default,PPO:seed13,PPO,1024,139.11540000000002,0.13,0.63
default,PPO:seed13,PPO,1025,127.04519999999997,0.18,0.63
default,PPO:seed13,PPO,1026,131.54160000000002,0.13,0.64
default,PPO:seed13,PPO,1027,120.89439999999996,0.22,0.6
default,PPO:seed13,PPO,1028,115.74359999999999,0.19,0.61
default,PPO:seed13,PPO,1029,66.77060000000006,0.23,0.6
default,PPO:seed13,PPO,1030,59.18699999999993,0.16,0.61
default,PPO:seed13,PPO,1031,116.30979999999994,0.17,0.62
default,PPO:seed13,PPO,1032,102.32440000000003,0.25,0.55
default,PPO:seed13,PPO,1033,108.39200000000007,0.12,0.64
default,PPO:seed13,PPO,1034,149.2434,0.11,0.65
default,PPO:seed13,PPO,1035,158.2302,0.11,0.66
default,PPO:seed13,PPO,1036,186.5472,0.1,0.7
default,PPO:seed13,PPO,1037,158.29500000000007,0.13,0.65
default,PPO:seed13,PPO,1038,149.76579999999996,0.12,0.66
default,PPO:seed13,PPO,1039,166.90479999999997,0.13,0.63
default,PPO:seed13,PPO,1040,58.8664,0.22,0.55
default,PPO:seed13,PPO,1041,142.67999999999998,0.17,0.66
default,PPO:seed13,PPO,1042,151.64619999999996,0.09,0.62
default,PPO:seed13,PPO,1043,108.22440000000007,0.17,0.64
default,PPO:seed13,PPO,1044,137.72039999999998,0.14,0.66
default,PPO:seed13,PPO,1045,127.43460000000002,0.1,0.68
default,PPO:seed13,PPO,1046,181.92139999999995,0.13,0.69
default,PPO:seed13,PPO,1047,171.27459999999996,0.08,0.66
default,PPO:seed13,PPO,1048,71.74500000000005,0.19,0.58
default,PPO:seed13,PPO,1049,150.93839999999997,0.17,0.65
default,PPO:seed13,PPO,1050,120.32680000000008,0.13,0.67
default,PPO:seed13,PPO,1051,113.25040000000001,0.15,0.61
default,PPO:seed13,PPO,1052,76.5498,0.15,0.6
default,PPO:seed13,PPO,1053,140.20439999999996,0.12,0.65
default,PPO:seed13,PPO,1054,98.3284,0.14,0.6
default,PPO:seed13,PPO,1055,115.7562,0.2,0.61
default,PPO:seed13,PPO,1056,137.50820000000004,0.21,0.62
default,PPO:seed13,PPO,1057,112.12239999999991,0.18,0.61
default,PPO:seed13,PPO,1058,139.099,0.1,0.66
default,PPO:seed13,PPO,1059,120.2236,0.13,0.64
default,PPO:seed13,PPO,1060,152.2576,0.2,0.6
default,PPO:seed13,PPO,1061,126.19739999999993,0.13,0.67
default,PPO:seed13,PPO,1062,124.07119999999998,0.18,0.65
default,PPO:seed13,PPO,1063,100.14979999999997,0.15,0.63
default,PPO:seed13,PPO,1064,103.83239999999998,0.15,0.63
default,PPO:seed13,PPO,1065,142.60780000000005,0.09,0.66
default,PPO:seed13,PPO,1066,106.05479999999997,0.21,0.63
default,PPO:seed13,PPO,1067,121.95860000000002,0.09,0.68
default,PPO:seed13,PPO,1068,144.59099999999995,0.15,0.65
default,PPO:seed13,PPO,1069,116.3868,0.14,0.66
default,PPO:seed13,PPO,1070,144.7226,0.16,0.66
default,PPO:seed13,PPO,1071,111.48840000000001,0.18,0.61
default,PPO:seed13,PPO,1072,93.70780000000005,0.11,0.64
default,PPO:seed13,PPO,1073,92.07780000000001,0.12,0.64
default,PPO:seed13,PPO,1074,158.82500000000005,0.05,0.68
default,PPO:seed13,PPO,1075,69.5316,0.14,0.64
default,PPO:seed13,PPO,1076,115.83919999999995,0.18,0.64
default,PPO:seed13,PPO,1077,102.23979999999995,0.11,0.64
default,PPO:seed13,PPO,1078,174.38719999999998,0.14,0.66
default,PPO:seed13,PPO,1079,193.54620000000003,0.08,0.67
default,PPO:seed13,PPO,1080,140.8878,0.18,0.61
default,PPO:seed13,PPO,1081,117.71500000000003,0.12,0.66
default,PPO:seed13,PPO,1082,74.71319999999992,0.21,0.61
default,PPO:seed13,PPO,1083,162.3194,0.1,0.66
default,PPO:seed13,PPO,1084,154.1384,0.14,0.66
default,PPO:seed13,PPO,1085,162.04559999999998,0.13,0.61
default,PPO:seed13,PPO,1086,110.83460000000005,0.16,0.55
default,PPO:seed13,PPO,1087,166.56900000000002,0.08,0.64
default,PPO:seed13,PPO,1088,151.63799999999998,0.11,0.65
default,PPO:seed13,PPO,1089,157.2128,0.17,0.59
default,PPO:seed13,PPO,1090,123.47319999999996,0.15,0.61
default,PPO:seed13,PPO,1091,113.8884,0.12,0.61
default,PPO:seed13,PPO,1092,130.38779999999997,0.26,0.55
default,PPO:seed13,PPO,1093,136.90620000000004,0.13,0.6
default,PPO:seed13,PPO,1094,107.79779999999997,0.18,0.58
default,PPO:seed13,PPO,1095,76.56299999999996,0.22,0.58
default,PPO:seed13,PPO,1096,174.0222,0.11,0.7
default,PPO:seed13,PPO,1097,173.02700000000002,0.13,0.64
default,PPO:seed13,PPO,1098,122.07039999999995,0.18,0.6
default,PPO:seed13,PPO,1099,142.0256,0.12,0.64
default,PPO:seed13,PPO,1100,114.8664,0.2,0.62
default,PPO:seed13,PPO,1101,88.29860000000012,0.13,0.67
default,PPO:seed13,PPO,1102,91.56919999999997,0.21,0.58
default,PPO:seed13,PPO,1103,107.00079999999998,0.15,0.66
default,PPO:seed13,PPO,1104,104.16860000000001,0.15,0.66
default,PPO:seed13,PPO,1105,108.73540000000007,0.13,0.62
default,PPO:seed13,PPO,1106,113.86219999999997,0.21,0.58
default,PPO:seed13,PPO,1107,92.92799999999991,0.2,0.62
default,PPO:seed13,PPO,1108,152.06000000000003,0.09,0.63
default,PPO:seed13,PPO,1109,105.71219999999994,0.09,0.62
default,PPO:seed13,PPO,1110,132.74979999999994,0.14,0.62
default,PPO:seed13,PPO,1111,128.8918,0.2,0.6
default,PPO:seed13,PPO,1112,101.81059999999988,0.12,0.63
default,PPO:seed13,PPO,1113,149.44499999999996,0.07,0.69
default,PPO:seed13,PPO,1114,154.12680000000003,0.15,0.61
default,PPO:seed13,PPO,1115,149.31579999999997,0.13,0.63
default,PPO:seed13,PPO,1116,117.48160000000001,0.24,0.59
default,PPO:seed13,PPO,1117,119.2005999999999,0.14,0.66
default,PPO:seed13,PPO,1118,165.28179999999998,0.12,0.67
default,PPO:seed13,PPO,1119,123.57420000000002,0.17,0.62
default,PPO:seed13,PPO,1120,153.38619999999992,0.11,0.65
default,PPO:seed13,PPO,1121,96.83699999999993,0.16,0.63
default,PPO:seed13,PPO,1122,115.99019999999999,0.11,0.62
default,PPO:seed13,PPO,1123,146.6532,0.16,0.61
default,PPO:seed13,PPO,1124,168.09539999999998,0.13,0.64
default,PPO:seed13,PPO,1125,122.24800000000005,0.16,0.65
default,PPO:seed13,PPO,1126,150.52479999999997,0.13,0.63
default,PPO:seed13,PPO,1127,111.9392,0.1,0.66
default,PPO:seed13,PPO,1128,132.01759999999996,0.16,0.61
default,PPO:seed13,PPO,1129,144.7934,0.18,0.6
default,PPO:seed13,PPO,1130,124.035,0.21,0.62
default,PPO:seed13,PPO,1131,185.5654,0.16,0.61
default,PPO:seed13,PPO,1132,108.71559999999997,0.12,0.61
default,PPO:seed13,PPO,1133,139.2068,0.11,0.65
default,PPO:seed13,PPO,1134,167.96179999999998,0.2,0.6
default,PPO:seed13,PPO,1135,100.36760000000001,0.18,0.62
default,PPO:seed13,PPO,1136,127.28219999999999,0.1,0.73
default,PPO:seed13,PPO,1137,187.9936,0.09,0.67
default,PPO:seed13,PPO,1138,95.32039999999992,0.1,0.65
default,PPO:seed13,PPO,1139,94.20139999999994,0.17,0.61
default,PPO:seed13,PPO,1140,70.60099999999996,0.15,0.63
default,PPO:seed13,PPO,1141,103.51620000000003,0.27,0.55
default,PPO:seed13,PPO,1142,139.76260000000002,0.18,0.61
default,PPO:seed13,PPO,1143,102.55799999999991,0.12,0.65
default,PPO:seed13,PPO,1144,151.78459999999998,0.11,0.65
default,PPO:seed13,PPO,1145,105.48400000000001,0.17,0.64
default,PPO:seed13,PPO,1146,97.63479999999998,0.14,0.62
default,PPO:seed13,PPO,1147,166.5832,0.08,0.66
default,PPO:seed13,PPO,1148,161.32000000000002,0.13,0.63
default,PPO:seed13,PPO,1149,142.4914,0.11,0.67
default,PPO:seed13,PPO,1150,152.4576,0.1,0.68
default,PPO:seed13,PPO,1151,138.9466,0.16,0.63
default,PPO:seed13,PPO,1152,120.80700000000002,0.16,0.61
default,PPO:seed13,PPO,1153,154.84640000000005,0.16,0.63
default,PPO:seed13,PPO,1154,134.53439999999995,0.13,0.65
default,PPO:seed13,PPO,1155,136.48180000000002,0.16,0.62
default,PPO:seed13,PPO,1156,120.80939999999998,0.16,0.6
default,PPO:seed13,PPO,1157,114.26820000000001,0.09,0.65
default,PPO:seed13,PPO,1158,163.09179999999992,0.1,0.64
default,PPO:seed13,PPO,1159,99.4054,0.22,0.6
default,PPO:seed13,PPO,1160,135.394,0.08,0.67
default,PPO:seed13,PPO,1161,124.07959999999997,0.15,0.65
default,PPO:seed13,PPO,1162,80.97940000000004,0.18,0.58
default,PPO:seed13,PPO,1163,154.97079999999997,0.09,0.67
default,PPO:seed13,PPO,1164,82.64740000000002,0.11,0.63
default,PPO:seed13,PPO,1165,120.1566,0.09,0.66
default,PPO:seed13,PPO,1166,110.5784,0.15,0.59
default,PPO:seed13,PPO,1167,157.8298,0.18,0.61
default,PPO:seed13,PPO,1168,123.98959999999994,0.13,0.62
default,PPO:seed13,PPO,1169,88.98200000000001,0.21,0.63
default,PPO:seed13,PPO,1170,151.40179999999998,0.11,0.68
default,PPO:seed13,PPO,1171,120.44480000000004,0.17,0.62
default,PPO:seed13,PPO,1172,118.09020000000001,0.18,0.62
default,PPO:seed13,PPO,1173,141.12819999999996,0.16,0.64
default,PPO:seed13,PPO,1174,152.7622,0.17,0.62
default,PPO:seed13,PPO,1175,111.38680000000002,0.12,0.64
default,PPO:seed13,PPO,1176,86.25460000000001,0.3,0.52
default,PPO:seed13,PPO,1177,139.24,0.1,0.67
default,PPO:seed13,PPO,1178,126.24279999999999,0.13,0.65
default,PPO:seed13,PPO,1179,125.03140000000005,0.18,0.59
default,PPO:seed13,PPO,1180,129.8172,0.12,0.67
default,PPO:seed13,PPO,1181,121.04419999999999,0.16,0.61
default,PPO:seed13,PPO,1182,91.65220000000004,0.13,0.6
default,PPO:seed13,PPO,1183,103.9092,0.14,0.64
default,PPO:seed13,PPO,1184,101.9118,0.23,0.59
default,PPO:seed13,PPO,1185,133.79219999999998,0.12,0.61
default,PPO:seed13,PPO,1186,105.52280000000003,0.14,0.63
default,PPO:seed13,PPO,1187,144.0562,0.12,0.65
default,PPO:seed13,PPO,1188,171.24599999999998,0.12,0.65
default,PPO:seed13,PPO,1189,127.64380000000006,0.12,0.63
default,PPO:seed13,PPO,1190,75.80579999999999,0.24,0.55
default,PPO:seed13,PPO,1191,140.82000000000005,0.11,0.63
default,PPO:seed13,PPO,1192,114.63360000000003,0.12,0.59
default,PPO:seed13,PPO,1193,95.89379999999998,0.06,0.69
default,PPO:seed13,PPO,1194,130.78300000000002,0.15,0.61
default,PPO:seed13,PPO,1195,133.62720000000002,0.12,0.64
default,PPO:seed13,PPO,1196,150.24220000000005,0.13,0.63
default,PPO:seed13,PPO,1197,107.25539999999992,0.19,0.63
default,PPO:seed13,PPO,1198,129.1226,0.16,0.6
default,PPO:seed13,PPO,1199,167.2076,0.13,0.67
default,PPO:seed13,PPO,1200,90.63700000000003,0.23,0.56
default,PPO:seed13,PPO,1201,106.37219999999998,0.13,0.66
default,PPO:seed13,PPO,1202,176.04500000000002,0.12,0.65
default,PPO:seed13,PPO,1203,93.48380000000003,0.18,0.6
default,PPO:seed13,PPO,1204,87.86300000000001,0.15,0.64
default,PPO:seed13,PPO,1205,161.23059999999998,0.08,0.68
default,PPO:seed13,PPO,1206,83.21299999999994,0.23,0.59
default,PPO:seed13,PPO,1207,96.59259999999999,0.1,0.66
default,PPO:seed13,PPO,1208,118.62879999999998,0.13,0.64
default,PPO:seed13,PPO,1209,86.08179999999996,0.12,0.65
default,PPO:seed13,PPO,1210,148.56079999999997,0.09,0.67
default,PPO:seed13,PPO,1211,171.85920000000004,0.08,0.68
default,PPO:seed13,PPO,1212,161.5904,0.11,0.67
default,PPO:seed13,PPO,1213,112.38619999999997,0.09,0.65
default,PPO:seed13,PPO,1214,96.74659999999999,0.13,0.65
default,PPO:seed13,PPO,1215,129.53999999999996,0.12,0.62
default,PPO:seed13,PPO,1216,101.43380000000005,0.12,0.69
default,PPO:seed13,PPO,1217,139.7146,0.07,0.68
default,PPO:seed13,PPO,1218,175.4256,0.14,0.64
default,PPO:seed13,PPO,1219,133.66739999999993,0.16,0.59
default,PPO:seed13,PPO,1220,169.02839999999998,0.14,0.62
default,PPO:seed13,PPO,1221,83.70700000000001,0.1,0.62
default,PPO:seed13,PPO,1222,119.28979999999999,0.18,0.59
default,PPO:seed13,PPO,1223,83.79339999999992,0.14,0.64
default,PPO:seed13,PPO,1224,116.31879999999995,0.17,0.64
default,PPO:seed13,PPO,1225,146.93260000000004,0.17,0.6
default,PPO:seed13,PPO,1226,140.9612,0.15,0.58
default,PPO:seed13,PPO,1227,54.91339999999994,0.21,0.56
default,PPO:seed13,PPO,1228,97.76520000000001,0.17,0.59
default,PPO:seed13,PPO,1229,145.2292,0.17,0.64
default,PPO:seed13,PPO,1230,155.9464,0.15,0.65
default,PPO:seed13,PPO,1231,83.7672,0.14,0.63
default,PPO:seed13,PPO,1232,177.5232,0.12,0.65
default,PPO:seed13,PPO,1233,127.90559999999999,0.17,0.64
default,PPO:seed13,PPO,1234,105.76680000000007,0.18,0.58
default,PPO:seed13,PPO,1235,160.52259999999998,0.14,0.63
default,PPO:seed13,PPO,1236,81.13119999999995,0.17,0.65
default,PPO:seed13,PPO,1237,96.19759999999997,0.15,0.63
default,PPO:seed13,PPO,1238,99.33700000000002,0.12,0.64
default,PPO:seed13,PPO,1239,102.8932,0.16,0.62
default,PPO:seed13,PPO,1240,155.75840000000002,0.14,0.66
default,PPO:seed13,PPO,1241,118.9322,0.19,0.61
default,PPO:seed13,PPO,1242,90.63220000000001,0.17,0.63
default,PPO:seed13,PPO,1243,134.84380000000004,0.16,0.67
default,PPO:seed13,PPO,1244,108.81479999999995,0.16,0.67
default,PPO:seed13,PPO,1245,172.8984,0.13,0.62
default,PPO:seed13,PPO,1246,115.44480000000001,0.15,0.62
default,PPO:seed13,PPO,1247,151.40859999999998,0.08,0.69
default,PPO:seed13,PPO,1248,154.23719999999992,0.11,0.67
default,PPO:seed13,PPO,1249,133.98200000000003,0.18,0.61
default,PPO:seed7,PPO,1000,151.20000000000005,0.14,0.65
default,PPO:seed7,PPO,1001,112.41200000000008,0.15,0.61
default,PPO:seed7,PPO,1002,111.92999999999992,0.21,0.62
default,PPO:seed7,PPO,1003,85.02760000000006,0.11,0.61
default,PPO:seed7,PPO,1004,151.1438,0.11,0.64
default,PPO:seed7,PPO,1005,117.52080000000001,0.15,0.61
default,PPO:seed7,PPO,1006,108.44340000000001,0.16,0.66
default,PPO:seed7,PPO,1007,131.1046,0.14,0.63
default,PPO:seed7,PPO,1008,104.87100000000002,0.13,0.64
default,PPO:seed7,PPO,1009,150.5876,0.15,0.6
default,PPO:seed7,PPO,1010,165.61740000000003,0.13,0.64
default,PPO:seed7,PPO,1011,156.28960000000004,0.12,0.66
default,PPO:seed7,PPO,1012,142.0364,0.13,0.65
default,PPO:seed7,PPO,1013,181.6708,0.11,0.67
default,PPO:seed7,PPO,1014,82.9584,0.17,0.62
default,PPO:seed7,PPO,1015,108.44179999999997,0.18,0.62
default,PPO:seed7,PPO,1016,62.63400000000004,0.19,0.6
default,PPO:seed7,PPO,1017,128.99699999999999,0.18,0.62
default,PPO:seed7,PPO,1018,101.57759999999992,0.13,0.63
default,PPO:seed7,PPO,1019,148.10299999999998,0.15,0.6
default,PPO:seed7,PPO,1020,105.47480000000002,0.22,0.6
default,PPO:seed7,PPO,1021,112.19939999999994,0.16,0.65
default,PPO:seed7,PPO,1022,150.1082,0.22,0.58
default,PPO:seed7,PPO,1023,100.32380000000003,0.22,0.57
default,PPO:seed7,PPO,1024,139.27620000000002,0.13,0.63
default,PPO:seed7,PPO,1025,127.04519999999997,0.18,0.63
default,PPO:seed7,PPO,1026,131.88460000000003,0.14,0.64
default,PPO:seed7,PPO,1027,120.89439999999996,0.22,0.6
default,PPO:seed7,PPO,1028,124.23439999999997,0.18,0.63
default,PPO:seed7,PPO,1029,62.8156,0.23,0.57
default,PPO:seed7,PPO,1030,59.18699999999993,0.16,0.61
default,PPO:seed7,PPO,1031,116.30979999999994,0.17,0.62
default,PPO:seed7,PPO,1032,102.32440000000003,0.25,0.55
default,PPO:seed7,PPO,1033,108.39200000000007,0.12,0.64
default,PPO:seed7,PPO,1034,155.40000000000003,0.12,0.67
default,PPO:seed7,PPO,1035,164.77139999999997,0.11,0.68
default,PPO:seed7,PPO,1036,177.211,0.12,0.69
default,PPO:seed7,PPO,1037,159.90500000000006,0.13,0.66
default,PPO:seed7,PPO,1038,149.76579999999996,0.12,0.66
default,PPO:seed7,PPO,1039,166.90479999999997,0.13,0.63
default,PPO:seed7,PPO,1040,58.8664,0.22,0.55
default,PPO:seed7,PPO,1041,142.67999999999998,0.17,0.66
default,PPO:seed7,PPO,1042,156.778,0.09,0.6
default,PPO:seed7,PPO,1043,110.66700000000003,0.17,0.65
default,PPO:seed7,PPO,1044,137.72039999999998,0.14,0.66
default,PPO:seed7,PPO,1045,130.22000000000003,0.11,0.68
default,PPO:seed7,PPO,1046,182.13719999999998,0.1,0.69
default,PPO:seed7,PPO,1047,171.27459999999996,0.08,0.66
default,PPO:seed7,PPO,1048,78.51900000000008,0.15,0.59
default,PPO:seed7,PPO,1049,150.94419999999997,0.17,0.65
default,PPO:seed7,PPO,1050,114.36940000000004,0.14,0.67
default,PPO:seed7,PPO,1051,119.21919999999997,0.15,0.62
default,PPO:seed7,PPO,1052,76.8748,0.15,0.6
default,PPO:seed7,PPO,1053,140.20439999999996,0.12,0.65
default,PPO:seed7,PPO,1054,98.3284,0.14,0.6
default,PPO:seed7,PPO,1055,115.82100000000003,0.2,0.61
default,PPO:seed7,PPO,1056,142.934,0.2,0.64
default,PPO:seed7,PPO,1057,112.12239999999991,0.18,0.61
default,PPO:seed7,PPO,1058,139.099,0.1,0.66
default,PPO:seed7,PPO,1059,120.2236,0.13,0.64
default,PPO:seed7,PPO,1060,156.35320000000002,0.19,0.6
default,PPO:seed7,PPO,1061,136.65619999999996,0.11,0.68
default,PPO:seed7,PPO,1062,128.33279999999996,0.17,0.66
default,PPO:seed7,PPO,1063,100.22499999999992,0.17,0.6
default,PPO:seed7,PPO,1064,100.26859999999998,0.15,0.62
default,PPO:seed7,PPO,1065,129.2604,0.11,0.64
default,PPO:seed7,PPO,1066,106.05479999999997,0.21,0.63
default,PPO:seed7,PPO,1067,124.405,0.09,0.68
default,PPO:seed7,PPO,1068,136.6834,0.15,0.64
default,PPO:seed7,PPO,1069,110.1418,0.14,0.66
default,PPO:seed7,PPO,1070,144.7226,0.16,0.66
default,PPO:seed7,PPO,1071,111.3792,0.18,0.61
default,PPO:seed7,PPO,1072,93.70780000000005,0.11,0.64
default,PPO:seed7,PPO,1073,96.08879999999994,0.12,0.65
default,PPO:seed7,PPO,1074,162.62280000000004,0.05,0.68
default,PPO:seed7,PPO,1075,75.10020000000004,0.13,0.65
default,PPO:seed7,PPO,1076,115.83919999999995,0.18,0.64
default,PPO:seed7,PPO,1077,102.23979999999995,0.11,0.64
default,PPO:seed7,PPO,1078,174.38719999999998,0.14,0.66
default,PPO:seed7,PPO,1079,193.54620000000003,0.08,0.67
default,PPO:seed7,PPO,1080,137.12599999999998,0.18,0.6
default,PPO:seed7,PPO,1081,130.48520000000008,0.13,0.68
default,PPO:seed7,PPO,1082,74.71319999999992,0.21,0.61
default,PPO:seed7,PPO,1083,162.3194,0.1,0.66
default,PPO:seed7,PPO,1084,141.19639999999995,0.18,0.63
default,PPO:seed7,PPO,1085,165.80220000000003,0.13,0.64
default,PPO:seed7,PPO,1086,110.83460000000005,0.16,0.55
default,PPO:seed7,PPO,1087,165.47660000000002,0.08,0.64
default,PPO:seed7,PPO,1088,151.63799999999998,0.11,0.65
default,PPO:seed7,PPO,1089,156.75539999999998,0.16,0.59
default,PPO:seed7,PPO,1090,125.7926,0.15,0.61
default,PPO:seed7,PPO,1091,113.8884,0.12,0.61
default,PPO:seed7,PPO,1092,128.421,0.25,0.55
default,PPO:seed7,PPO,1093,136.90620000000004,0.13,0.6
default,PPO:seed7,PPO,1094,107.79779999999997,0.18,0.58
default,PPO:seed7,PPO,1095,72.72580000000002,0.23,0.57
default,PPO:seed7,PPO,1096,174.0222,0.11,0.7
default,PPO:seed7,PPO,1097,173.02700000000002,0.13,0.64
default,PPO:seed7,PPO,1098,122.07039999999995,0.18,0.6
default,PPO:seed7,PPO,1099,142.79400000000004,0.12,0.63
default,PPO:seed7,PPO,1100,114.8664,0.2,0.62
default,PPO:seed7,PPO,1101,88.29860000000012,0.13,0.67
default,PPO:seed7,PPO,1102,91.56919999999997,0.21,0.58
default,PPO:seed7,PPO,1103,106.8522,0.15,0.66
default,PPO:seed7,PPO,1104,105.56660000000002,0.14,0.67
default,PPO:seed7,PPO,1105,108.73540000000007,0.13,0.62
default,PPO:seed7,PPO,1106,116.18799999999999,0.2,0.57
default,PPO:seed7,PPO,1107,87.43119999999989,0.19,0.63
default,PPO:seed7,PPO,1108,153.0884,0.11,0.64
default,PPO:seed7,PPO,1109,105.71219999999994,0.09,0.62
default,PPO:seed7,PPO,1110,128.4104,0.16,0.61
default,PPO:seed7,PPO,1111,166.32140000000004,0.15,0.62
default,PPO:seed7,PPO,1112,99.55739999999994,0.11,0.63
default,PPO:seed7,PPO,1113,152.45179999999996,0.07,0.69
default,PPO:seed7,PPO,1114,152.49520000000004,0.16,0.61
default,PPO:seed7,PPO,1115,146.92219999999998,0.13,0.63
default,PPO:seed7,PPO,1116,117.257,0.24,0.59
default,PPO:seed7,PPO,1117,120.17679999999996,0.14,0.67
default,PPO:seed7,PPO,1118,165.0078,0.12,0.66
default,PPO:seed7,PPO,1119,123.57420000000002,0.17,0.62
default,PPO:seed7,PPO,1120,154.98679999999993,0.11,0.66
default,PPO:seed7,PPO,1121,85.19379999999995,0.19,0.62
default,PPO:seed7,PPO,1122,115.99019999999999,0.11,0.62
default,PPO:seed7,PPO,1123,149.21460000000002,0.15,0.61
default,PPO:seed7,PPO,1124,160.4168,0.13,0.64
default,PPO:seed7,PPO,1125,123.67880000000002,0.16,0.65
default,PPO:seed7,PPO,1126,141.39319999999998,0.13,0.62
default,PPO:seed7,PPO,1127,111.9392,0.1,0.66
default,PPO:seed7,PPO,1128,134.76999999999992,0.15,0.6
default,PPO:seed7,PPO,1129,149.72340000000003,0.16,0.59
default,PPO:seed7,PPO,1130,124.035,0.21,0.62
default,PPO:seed7,PPO,1131,185.5654,0.16,0.61
default,PPO:seed7,PPO,1132,108.57259999999997,0.12,0.61
default,PPO:seed7,PPO,1133,139.2068,0.11,0.65
default,PPO:seed7,PPO,1134,167.96179999999998,0.2,0.6
default,PPO:seed7,PPO,1135,100.36760000000001,0.18,0.62
default,PPO:seed7,PPO,1136,126.99159999999998,0.1,0.73
default,PPO:seed7,PPO,1137,187.9936,0.09,0.67
default,PPO:seed7,PPO,1138,95.32039999999992,0.1,0.65
default,PPO:seed7,PPO,1139,89.31479999999998,0.2,0.59
default,PPO:seed7,PPO,1140,74.80880000000005,0.16,0.62
default,PPO:seed7,PPO,1141,103.51620000000003,0.27,0.55
default,PPO:seed7,PPO,1142,139.314,0.18,0.61
default,PPO:seed7,PPO,1143,98.05359999999992,0.12,0.64
default,PPO:seed7,PPO,1144,155.2026,0.1,0.65
default,PPO:seed7,PPO,1145,105.48400000000001,0.17,0.64
default,PPO:seed7,PPO,1146,97.63479999999998,0.14,0.62
default,PPO:seed7,PPO,1147,166.5832,0.08,0.66
default,PPO:seed7,PPO,1148,158.53480000000002,0.13,0.63
default,PPO:seed7,PPO,1149,132.14999999999998,0.12,0.66
default,PPO:seed7,PPO,1150,150.28199999999998,0.09,0.68
default,PPO:seed7,PPO,1151,138.9466,0.16,0.63
default,PPO:seed7,PPO,1152,120.80700000000002,0.16,0.61
default,PPO:seed7,PPO,1153,150.95600000000005,0.18,0.63
default,PPO:seed7,PPO,1154,126.29219999999995,0.13,0.64
default,PPO:seed7,PPO,1155,136.48180000000002,0.16,0.62
default,PPO:seed7,PPO,1156,121.15279999999996,0.17,0.61
default,PPO:seed7,PPO,1157,109.82959999999997,0.1,0.64
default,PPO:seed7,PPO,1158,166.41679999999994,0.09,0.64
default,PPO:seed7,PPO,1159,81.57539999999999,0.23,0.58
default,PPO:seed7,PPO,1160,131.95319999999998,0.09,0.67
default,PPO:seed7,PPO,1161,126.48399999999998,0.15,0.66
default,PPO:seed7,PPO,1162,80.97940000000004,0.18,0.58
default,PPO:seed7,PPO,1163,155.40259999999995,0.08,0.68
default,PPO:seed7,PPO,1164,86.65899999999999,0.1,0.64
default,PPO:seed7,PPO,1165,107.13260000000005,0.15,0.61
default,PPO:seed7,PPO,1166,118.86000000000001,0.15,0.6
default,PPO:seed7,PPO,1167,155.583,0.18,0.61
default,PPO:seed7,PPO,1168,123.98959999999994,0.13,0.62
default,PPO:seed7,PPO,1169,88.98200000000001,0.21,0.63
default,PPO:seed7,PPO,1170,145.5406,0.12,0.68
default,PPO:seed7,PPO,1171,120.44480000000004,0.17,0.62
default,PPO:seed7,PPO,1172,118.09020000000001,0.18,0.62
default,PPO:seed7,PPO,1173,137.81139999999996,0.14,0.64
default,PPO:seed7,PPO,1174,152.7448,0.17,0.62
default,PPO:seed7,PPO,1175,110.14439999999995,0.13,0.64
default,PPO:seed7,PPO,1176,86.25460000000001,0.3,0.52
default,PPO:seed7,PPO,1177,139.24,0.1,0.67
default,PPO:seed7,PPO,1178,127.01639999999992,0.14,0.64
default,PPO:seed7,PPO,1179,106.27300000000004,0.21,0.57
default,PPO:seed7,PPO,1180,129.2842,0.1,0.67
default,PPO:seed7,PPO,1181,121.04419999999999,0.16,0.61
default,PPO:seed7,PPO,1182,95.70100000000004,0.13,0.6
default,PPO:seed7,PPO,1183,110.50839999999997,0.13,0.62
default,PPO:seed7,PPO,1184,101.9118,0.23,0.59
default,PPO:seed7,PPO,1185,133.79219999999998,0.12,0.61
default,PPO:seed7,PPO,1186,110.06200000000004,0.15,0.63
default,PPO:seed7,PPO,1187,144.0562,0.12,0.65
default,PPO:seed7,PPO,1188,171.33259999999999,0.12,0.65
default,PPO:seed7,PPO,1189,127.64380000000006,0.12,0.63
default,PPO:seed7,PPO,1190,73.4864,0.22,0.55
default,PPO:seed7,PPO,1191,141.74900000000002,0.11,0.63
default,PPO:seed7,PPO,1192,114.63360000000003,0.12,0.59
default,PPO:seed7,PPO,1193,95.40799999999999,0.06,0.68
default,PPO:seed7,PPO,1194,128.8194,0.15,0.62
default,PPO:seed7,PPO,1195,129.9786,0.12,0.63
default,PPO:seed7,PPO,1196,150.24220000000005,0.13,0.63
default,PPO:seed7,PPO,1197,99.21459999999993,0.18,0.6
default,PPO:seed7,PPO,1198,126.96019999999999,0.16,0.61
default,PPO:seed7,PPO,1199,160.893,0.16,0.67
default,PPO:seed7,PPO,1200,84.15700000000004,0.25,0.56
default,PPO:seed7,PPO,1201,103.07619999999999,0.13,0.66
default,PPO:seed7,PPO,1202,176.04500000000002,0.12,0.65
default,PPO:seed7,PPO,1203,100.75500000000002,0.16,0.61
default,PPO:seed7,PPO,1204,92.9346,0.14,0.65
default,PPO:seed7,PPO,1205,157.1912,0.08,0.67
default,PPO:seed7,PPO,1206,83.21299999999994,0.23,0.59
default,PPO:seed7,PPO,1207,96.59259999999999,0.1,0.66
default,PPO:seed7,PPO,1208,118.62879999999998,0.13,0.64
default,PPO:seed7,PPO,1209,81.14560000000003,0.11,0.64
default,PPO:seed7,PPO,1210,147.9554,0.09,0.67
default,PPO:seed7,PPO,1211,172.95060000000004,0.07,0.68
default,PPO:seed7,PPO,1212,165.85459999999995,0.08,0.69
default,PPO:seed7,PPO,1213,112.38619999999997,0.09,0.65
default,PPO:seed7,PPO,1214,106.30120000000001,0.13,0.66
default,PPO:seed7,PPO,1215,129.53999999999996,0.12,0.62
default,PPO:seed7,PPO,1216,102.14960000000002,0.11,0.68
default,PPO:seed7,PPO,1217,139.7146,0.07,0.68
default,PPO:seed7,PPO,1218,181.01180000000002,0.14,0.65
default,PPO:seed7,PPO,1219,131.19,0.16,0.6
default,PPO:seed7,PPO,1220,162.50039999999996,0.14,0.61
default,PPO:seed7,PPO,1221,83.70700000000001,0.1,0.62
default,PPO:seed7,PPO,1222,119.28979999999999,0.18,0.59
default,PPO:seed7,PPO,1223,83.8823999999999,0.14,0.64
default,PPO:seed7,PPO,1224,117.672,0.18,0.64
default,PPO:seed7,PPO,1225,146.93260000000004,0.17,0.6
default,PPO:seed7,PPO,1226,147.8074,0.15,0.58
default,PPO:seed7,PPO,1227,65.81679999999996,0.2,0.59
default,PPO:seed7,PPO,1228,116.0498,0.13,0.62
default,PPO:seed7,PPO,1229,137.90640000000002,0.18,0.63
default,PPO:seed7,PPO,1230,153.0796,0.15,0.64
default,PPO:seed7,PPO,1231,87.76440000000001,0.14,0.64
default,PPO:seed7,PPO,1232,174.9344,0.11,0.65
default,PPO:seed7,PPO,1233,127.90559999999999,0.17,0.64
default,PPO:seed7,PPO,1234,105.76680000000007,0.18,0.58
default,PPO:seed7,PPO,1235,154.3492,0.15,0.63
default,PPO:seed7,PPO,1236,81.13119999999995,0.17,0.65
default,PPO:seed7,PPO,1237,90.57420000000005,0.14,0.63
default,PPO:seed7,PPO,1238,99.33700000000002,0.12,0.64
default,PPO:seed7,PPO,1239,89.77839999999999,0.16,0.59
default,PPO:seed7,PPO,1240,155.17540000000002,0.14,0.66
default,PPO:seed7,PPO,1241,118.9322,0.19,0.61
default,PPO:seed7,PPO,1242,90.63220000000001,0.17,0.63
default,PPO:seed7,PPO,1243,134.84380000000004,0.16,0.67
default,PPO:seed7,PPO,1244,108.81479999999995,0.16,0.67
default,PPO:seed7,PPO,1245,172.8984,0.13,0.62
default,PPO:seed7,PPO,1246,123.3774,0.15,0.64
default,PPO:seed7,PPO,1247,157.97160000000002,0.08,0.67
default,PPO:seed7,PPO,1248,154.23719999999992,0.11,0.67
default,PPO:seed7,PPO,1249,133.98200000000003,0.18,0.61
env_tight_fixedrisk,always_execute,baseline,1000,121.40020000000001,0.08,0.45
env_tight_fixedrisk,always_execute,baseline,1001,71.09239999999998,0.11,0.38
env_tight_fixedrisk,always_execute,baseline,1002,93.14219999999999,0.15,0.39
env_tight_fixedrisk,always_execute,baseline,1003,85.55159999999995,0.11,0.44
env_tight_fixedrisk,always_execute,baseline,1004,90.2072,0.15,0.39
env_tight_fixedrisk,always_execute,baseline,1005,111.9342,0.11,0.44
env_tight_fixedrisk,always_execute,baseline,1006,93.9132,0.12,0.44
env_tight_fixedrisk,always_execute,baseline,1007,101.95580000000001,0.14,0.41
env_tight_fixedrisk,always_execute,baseline,1008,98.89839999999997,0.11,0.45
env_tight_fixedrisk,always_execute,baseline,1009,77.82039999999996,0.14,0.41
env_tight_fixedrisk,always_execute,baseline,1010,116.7072,0.14,0.43
env_tight_fixedrisk,always_execute,baseline,1011,82.7302,0.14,0.39
env_tight_fixedrisk,always_execute,baseline,1012,68.47600000000003,0.11,0.42
env_tight_fixedrisk,always_execute,baseline,1013,125.67660000000001,0.05,0.44
env_tight_fixedrisk,always_execute,baseline,1014,32.23739999999998,0.23,0.35
env_tight_fixedrisk,always_execute,baseline,1015,72.61640000000003,0.16,0.38
env_tight_fixedrisk,always_execute,baseline,1016,67.0966,0.09,0.42
env_tight_fixedrisk,always_execute,baseline,1017,89.44180000000001,0.15,0.44
env_tight_fixedrisk,always_execute,baseline,1018,90.68580000000003,0.07,0.45
env_tight_fixedrisk,always_execute,baseline,1019,83.60540000000002,0.15,0.38
env_tight_fixedrisk,always_execute,baseline,1020,49.00319999999998,0.2,0.32
env_tight_fixedrisk,always_execute,baseline,1021,66.22660000000003,0.13,0.39
env_tight_fixedrisk,always_execute,baseline,1022,118.5532,0.13,0.45
env_tight_fixedrisk,always_execute,baseline,1023,98.4118,0.16,0.41
env_tight_fixedrisk,always_execute,baseline,1024,85.41719999999998,0.14,0.4
env_tight_fixedrisk,always_execute,baseline,1025,116.32819999999998,0.14,0.45
env_tight_fixedrisk,always_execute,baseline,1026,124.02700000000002,0.09,0.46
env_tight_fixedrisk,always_execute,baseline,1027,88.24379999999996,0.18,0.44
env_tight_fixedrisk,always_execute,baseline,1028,56.99899999999997,0.21,0.38
env_tight_fixedrisk,always_execute,baseline,1029,100.5224,0.11,0.42
env_tight_fixedrisk,always_execute,baseline,1030,56.810199999999924,0.15,0.41
env_tight_fixedrisk,always_execute,baseline,1031,104.74199999999998,0.13,0.41
env_tight_fixedrisk,always_execute,baseline,1032,81.15999999999998,0.17,0.36
env_tight_fixedrisk,always_execute,baseline,1033,84.25299999999999,0.17,0.39
env_tight_fixedrisk,always_execute,baseline,1034,101.59320000000002,0.14,0.44
env_tight_fixedrisk,always_execute,baseline,1035,104.44720000000001,0.12,0.39
env_tight_fixedrisk,always_execute,baseline,1036,112.36900000000003,0.09,0.45
env_tight_fixedrisk,always_execute,baseline,1037,109.0444,0.1,0.41
env_tight_fixedrisk,always_execute,baseline,1038,98.98360000000002,0.11,0.4
env_tight_fixedrisk,always_execute,baseline,1039,83.06219999999998,0.15,0.38
env_tight_fixedrisk,always_execute,baseline,1040,79.25200000000001,0.13,0.38
env_tight_fixedrisk,always_execute,baseline,1041,105.4738,0.12,0.42
env_tight_fixedrisk,always_execute,baseline,1042,96.69659999999999,0.09,0.39
env_tight_fixedrisk,always_execute,baseline,1043,106.08359999999998,0.12,0.44
env_tight_fixedrisk,always_execute,baseline,1044,102.57579999999999,0.13,0.43
env_tight_fixedrisk,always_execute,baseline,1045,136.7768,0.08,0.51
env_tight_fixedrisk,always_execute,baseline,1046,146.6076,0.08,0.48
env_tight_fixedrisk,always_execute,baseline,1047,95.78540000000002,0.09,0.45
env_tight_fixedrisk,always_execute,baseline,1048,64.58239999999995,0.12,0.4
env_tight_fixedrisk,always_execute,baseline,1049,72.65899999999999,0.15,0.41
env_tight_fixedrisk,always_execute,baseline,1050,96.94399999999997,0.14,0.42
env_tight_fixedrisk,always_execute,baseline,1051,107.3298,0.11,0.42
env_tight_fixedrisk,always_execute,baseline,1052,79.28320000000002,0.1,0.41
env_tight_fixedrisk,always_execute,baseline,1053,76.30320000000006,0.12,0.43
env_tight_fixedrisk,always_execute,baseline,1054,80.37620000000001,0.14,0.39
env_tight_fixedrisk,always_execute,baseline,1055,102.9214,0.1,0.43
env_tight_fixedrisk,always_execute,baseline,1056,101.482,0.18,0.42
env_tight_fixedrisk,always_execute,baseline,1057,102.04639999999998,0.11,0.44
env_tight_fixedrisk,always_execute,baseline,1058,96.70080000000002,0.13,0.41
env_tight_fixedrisk,always_execute,baseline,1059,64.84640000000003,0.12,0.4
env_tight_fixedrisk,always_execute,baseline,1060,108.12060000000002,0.09,0.45
env_tight_fixedrisk,always_execute,baseline,1061,95.4796,0.06,0.45
env_tight_fixedrisk,always_execute,baseline,1062,58.81620000000001,0.16,0.41
env_tight_fixedrisk,always_execute,baseline,1063,74.56299999999999,0.13,0.39
env_tight_fixedrisk,always_execute,baseline,1064,79.8828,0.08,0.43
env_tight_fixedrisk,always_execute,baseline,1065,119.98079999999999,0.1,0.47
env_tight_fixedrisk,always_execute,baseline,1066,117.1934,0.09,0.44
env_tight_fixedrisk,always_execute,baseline,1067,47.35920000000003,0.13,0.41
env_tight_fixedrisk,always_execute,baseline,1068,69.59060000000004,0.11,0.4
env_tight_fixedrisk,always_execute,baseline,1069,71.22799999999998,0.14,0.39
env_tight_fixedrisk,always_execute,baseline,1070,102.07240000000002,0.13,0.43
env_tight_fixedrisk,always_execute,baseline,1071,110.89040000000001,0.16,0.43
env_tight_fixedrisk,always_execute,baseline,1072,59.6836,0.1,0.42
env_tight_fixedrisk,always_execute,baseline,1073,70.11120000000005,0.14,0.41
env_tight_fixedrisk,always_execute,baseline,1074,63.153399999999976,0.12,0.41
env_tight_fixedrisk,always_execute,baseline,1075,102.607,0.14,0.45
env_tight_fixedrisk,always_execute,baseline,1076,50.39680000000003,0.19,0.36
env_tight_fixedrisk,always_execute,baseline,1077,106.79620000000003,0.13,0.42
env_tight_fixedrisk,always_execute,baseline,1078,125.9964,0.11,0.44
env_tight_fixedrisk,always_execute,baseline,1079,67.32399999999998,0.15,0.39
env_tight_fixedrisk,always_execute,baseline,1080,113.33379999999998,0.14,0.42
env_tight_fixedrisk,always_execute,baseline,1081,83.713,0.13,0.45
env_tight_fixedrisk,always_execute,baseline,1082,71.32320000000001,0.16,0.43
env_tight_fixedrisk,always_execute,baseline,1083,110.369,0.07,0.44
env_tight_fixedrisk,always_execute,baseline,1084,106.26320000000001,0.12,0.43
env_tight_fixedrisk,always_execute,baseline,1085,75.01239999999999,0.12,0.38
env_tight_fixedrisk,always_execute,baseline,1086,81.3948,0.16,0.39
env_tight_fixedrisk,always_execute,baseline,1087,75.7772,0.11,0.4
env_tight_fixedrisk,always_execute,baseline,1088,90.2882,0.16,0.39
env_tight_fixedrisk,always_execute,baseline,1089,110.85519999999998,0.16,0.39
env_tight_fixedrisk,always_execute,baseline,1090,106.62220000000002,0.13,0.47
env_tight_fixedrisk,always_execute,baseline,1091,84.34619999999998,0.13,0.37
env_tight_fixedrisk,always_execute,baseline,1092,113.894,0.12,0.4
env_tight_fixedrisk,always_execute,baseline,1093,98.9264,0.13,0.39
env_tight_fixedrisk,always_execute,baseline,1094,68.28920000000001,0.13,0.39
env_tight_fixedrisk,always_execute,baseline,1095,96.68699999999995,0.17,0.43
env_tight_fixedrisk,always_execute,baseline,1096,102.39999999999999,0.11,0.41
env_tight_fixedrisk,always_execute,baseline,1097,104.3184,0.14,0.42
env_tight_fixedrisk,always_execute,baseline,1098,99.43440000000001,0.11,0.39
env_tight_fixedrisk,always_execute,baseline,1099,80.87280000000004,0.14,0.42
env_tight_fixedrisk,always_execute,baseline,1100,138.00400000000002,0.1,0.47
env_tight_fixedrisk,always_execute,baseline,1101,86.69820000000004,0.12,0.46
env_tight_fixedrisk,always_execute,baseline,1102,68.40239999999999,0.14,0.4
env_tight_fixedrisk,always_execute,baseline,1103,100.1326,0.11,0.43
env_tight_fixedrisk,always_execute,baseline,1104,93.58299999999994,0.15,0.45
env_tight_fixedrisk,always_execute,baseline,1105,89.59280000000001,0.16,0.41
env_tight_fixedrisk,always_execute,baseline,1106,100.1702,0.11,0.46
env_tight_fixedrisk,always_execute,baseline,1107,87.19620000000002,0.14,0.43
env_tight_fixedrisk,always_execute,baseline,1108,94.48779999999998,0.16,0.42
env_tight_fixedrisk,always_execute,baseline,1109,91.38559999999995,0.07,0.44
env_tight_fixedrisk,always_execute,baseline,1110,95.94659999999999,0.06,0.43
env_tight_fixedrisk,always_execute,baseline,1111,90.17659999999998,0.16,0.4
env_tight_fixedrisk,always_execute,baseline,1112,63.45040000000003,0.14,0.38
env_tight_fixedrisk,always_execute,baseline,1113,87.41,0.12,0.41
env_tight_fixedrisk,always_execute,baseline,1114,107.93739999999997,0.08,0.41
env_tight_fixedrisk,always_execute,baseline,1115,95.36479999999999,0.14,0.42
env_tight_fixedrisk,always_execute,baseline,1116,82.12,0.13,0.41
env_tight_fixedrisk,always_execute,baseline,1117,93.80199999999998,0.06,0.45
env_tight_fixedrisk,always_execute,baseline,1118,100.20259999999999,0.15,0.42
env_tight_fixedrisk,always_execute,baseline,1119,83.5702,0.2,0.38
env_tight_fixedrisk,always_execute,baseline,1120,55.30500000000001,0.16,0.35
env_tight_fixedrisk,always_execute,baseline,1121,105.13740000000001,0.15,0.43
env_tight_fixedrisk,always_execute,baseline,1122,99.42159999999997,0.11,0.45
env_tight_fixedrisk,always_execute,baseline,1123,96.88760000000003,0.19,0.43
env_tight_fixedrisk,always_execute,baseline,1124,94.43779999999998,0.14,0.43
env_tight_fixedrisk,always_execute,baseline,1125,89.59280000000001,0.17,0.42
env_tight_fixedrisk,always_execute,baseline,1126,98.20859999999999,0.13,0.39
env_tight_fixedrisk,always_execute,baseline,1127,81.80159999999995,0.12,0.43
env_tight_fixedrisk,always_execute,baseline,1128,96.5712,0.08,0.42
env_tight_fixedrisk,always_execute,baseline,1129,75.22919999999999,0.16,0.38
env_tight_fixedrisk,always_execute,baseline,1130,72.12779999999998,0.17,0.37
env_tight_fixedrisk,always_execute,baseline,1131,134.16240000000002,0.09,0.44
env_tight_fixedrisk,always_execute,baseline,1132,99.6858,0.1,0.4
env_tight_fixedrisk,always_execute,baseline,1133,88.56879999999998,0.14,0.37
env_tight_fixedrisk,always_execute,baseline,1134,132.9658,0.14,0.45
env_tight_fixedrisk,always_execute,baseline,1135,92.4494,0.15,0.4
env_tight_fixedrisk,always_execute,baseline,1136,101.54839999999996,0.16,0.47
env_tight_fixedrisk,always_execute,baseline,1137,91.51779999999998,0.12,0.41
env_tight_fixedrisk,always_execute,baseline,1138,89.72220000000002,0.13,0.42
env_tight_fixedrisk,always_execute,baseline,1139,87.67499999999995,0.1,0.41
env_tight_fixedrisk,always_execute,baseline,1140,59.038200000000046,0.12,0.42
env_tight_fixedrisk,always_execute,baseline,1141,77.9262,0.15,0.37
env_tight_fixedrisk,always_execute,baseline,1142,62.78219999999996,0.17,0.39
env_tight_fixedrisk,always_execute,baseline,1143,64.3376,0.14,0.4
env_tight_fixedrisk,always_execute,baseline,1144,67.89500000000001,0.09,0.42
env_tight_fixedrisk,always_execute,baseline,1145,123.98039999999997,0.14,0.45
env_tight_fixedrisk,always_execute,baseline,1146,95.54740000000001,0.1,0.41
env_tight_fixedrisk,always_execute,baseline,1147,105.3546,0.14,0.39
env_tight_fixedrisk,always_execute,baseline,1148,103.94440000000006,0.06,0.46
env_tight_fixedrisk,always_execute,baseline,1149,91.69560000000004,0.12,0.43
env_tight_fixedrisk,always_execute,baseline,1150,101.36559999999996,0.09,0.46
env_tight_fixedrisk,always_execute,baseline,1151,100.60920000000003,0.14,0.39
env_tight_fixedrisk,always_execute,baseline,1152,88.10979999999998,0.18,0.42
env_tight_fixedrisk,always_execute,baseline,1153,73.9356,0.17,0.38
env_tight_fixedrisk,always_execute,baseline,1154,76.5744,0.13,0.44
env_tight_fixedrisk,always_execute,baseline,1155,129.79500000000002,0.18,0.45
env_tight_fixedrisk,always_execute,baseline,1156,103.22419999999997,0.09,0.44
env_tight_fixedrisk,always_execute,baseline,1157,91.82360000000008,0.06,0.45
env_tight_fixedrisk,always_execute,baseline,1158,54.00039999999997,0.16,0.39
env_tight_fixedrisk,always_execute,baseline,1159,92.85500000000002,0.17,0.4
env_tight_fixedrisk,always_execute,baseline,1160,144.0996,0.02,0.5
env_tight_fixedrisk,always_execute,baseline,1161,96.2128,0.09,0.41
env_tight_fixedrisk,always_execute,baseline,1162,53.73760000000004,0.18,0.36
env_tight_fixedrisk,always_execute,baseline,1163,89.94280000000002,0.11,0.38
env_tight_fixedrisk,always_execute,baseline,1164,60.12020000000004,0.15,0.42
env_tight_fixedrisk,always_execute,baseline,1165,105.19899999999998,0.06,0.44
env_tight_fixedrisk,always_execute,baseline,1166,89.35760000000002,0.16,0.37
env_tight_fixedrisk,always_execute,baseline,1167,91.52140000000001,0.22,0.39
env_tight_fixedrisk,always_execute,baseline,1168,83.8272,0.12,0.43
env_tight_fixedrisk,always_execute,baseline,1169,103.47920000000002,0.14,0.42
env_tight_fixedrisk,always_execute,baseline,1170,102.47139999999999,0.14,0.4
env_tight_fixedrisk,always_execute,baseline,1171,93.79520000000002,0.17,0.43
env_tight_fixedrisk,always_execute,baseline,1172,70.25160000000001,0.2,0.4
env_tight_fixedrisk,always_execute,baseline,1173,104.732,0.16,0.45
env_tight_fixedrisk,always_execute,baseline,1174,104.42539999999998,0.15,0.44
env_tight_fixedrisk,always_execute,baseline,1175,80.9252,0.13,0.4
env_tight_fixedrisk,always_execute,baseline,1176,73.70420000000003,0.13,0.39
env_tight_fixedrisk,always_execute,baseline,1177,103.9114,0.1,0.42
env_tight_fixedrisk,always_execute,baseline,1178,98.17099999999998,0.08,0.39
env_tight_fixedrisk,always_execute,baseline,1179,104.60239999999999,0.1,0.41
env_tight_fixedrisk,always_execute,baseline,1180,122.24080000000001,0.09,0.48
env_tight_fixedrisk,always_execute,baseline,1181,86.68020000000001,0.17,0.4
env_tight_fixedrisk,always_execute,baseline,1182,88.0034,0.13,0.39
env_tight_fixedrisk,always_execute,baseline,1183,79.28020000000001,0.15,0.4
env_tight_fixedrisk,always_execute,baseline,1184,81.78699999999999,0.09,0.45
env_tight_fixedrisk,always_execute,baseline,1185,51.028600000000026,0.14,0.39
env_tight_fixedrisk,always_execute,baseline,1186,103.44960000000003,0.09,0.44
env_tight_fixedrisk,always_execute,baseline,1187,93.8264,0.17,0.39
env_tight_fixedrisk,always_execute,baseline,1188,82.11900000000001,0.15,0.4
env_tight_fixedrisk,always_execute,baseline,1189,90.66419999999997,0.16,0.38
env_tight_fixedrisk,always_execute,baseline,1190,33.206400000000016,0.19,0.31
env_tight_fixedrisk,always_execute,baseline,1191,83.92399999999998,0.14,0.41
env_tight_fixedrisk,always_execute,baseline,1192,98.378,0.12,0.41
env_tight_fixedrisk,always_execute,baseline,1193,83.21940000000002,0.05,0.47
env_tight_fixedrisk,always_execute,baseline,1194,83.75520000000006,0.13,0.45
env_tight_fixedrisk,always_execute,baseline,1195,77.27699999999999,0.15,0.39
env_tight_fixedrisk,always_execute,baseline,1196,106.79820000000001,0.18,0.4
env_tight_fixedrisk,always_execute,baseline,1197,70.58060000000003,0.15,0.41
env_tight_fixedrisk,always_execute,baseline,1198,93.03739999999996,0.16,0.41
env_tight_fixedrisk,always_execute,baseline,1199,100.05800000000002,0.13,0.46
env_tight_fixedrisk,always_execute,baseline,1200,90.3754,0.2,0.39
env_tight_fixedrisk,always_execute,baseline,1201,76.27539999999999,0.12,0.45
env_tight_fixedrisk,always_execute,baseline,1202,116.00300000000001,0.17,0.44
env_tight_fixedrisk,always_execute,baseline,1203,103.34460000000001,0.15,0.42
env_tight_fixedrisk,always_execute,baseline,1204,68.8768,0.13,0.4
env_tight_fixedrisk,always_execute,baseline,1205,120.28539999999998,0.04,0.49
env_tight_fixedrisk,always_execute,baseline,1206,70.6858,0.17,0.41
env_tight_fixedrisk,always_execute,baseline,1207,113.60660000000003,0.1,0.45
env_tight_fixedrisk,always_execute,baseline,1208,120.8142,0.11,0.44
env_tight_fixedrisk,always_execute,baseline,1209,84.8902,0.09,0.43
env_tight_fixedrisk,always_execute,baseline,1210,104.54560000000001,0.09,0.43
env_tight_fixedrisk,always_execute,baseline,1211,109.47800000000001,0.11,0.43
env_tight_fixedrisk,always_execute,baseline,1212,79.23060000000002,0.13,0.41
env_tight_fixedrisk,always_execute,baseline,1213,116.5506,0.14,0.42
env_tight_fixedrisk,always_execute,baseline,1214,102.22,0.13,0.42
env_tight_fixedrisk,always_execute,baseline,1215,123.01079999999996,0.1,0.45
env_tight_fixedrisk,always_execute,baseline,1216,90.4732,0.08,0.5
env_tight_fixedrisk,always_execute,baseline,1217,108.87399999999997,0.11,0.44
env_tight_fixedrisk,always_execute,baseline,1218,100.976,0.23,0.41
env_tight_fixedrisk,always_execute,baseline,1219,78.91580000000002,0.22,0.38
env_tight_fixedrisk,always_execute,baseline,1220,95.95860000000002,0.11,0.42
env_tight_fixedrisk,always_execute,baseline,1221,52.16419999999994,0.14,0.39
env_tight_fixedrisk,always_execute,baseline,1222,115.34220000000002,0.14,0.42
env_tight_fixedrisk,always_execute,baseline,1223,81.01919999999998,0.1,0.42
env_tight_fixedrisk,always_execute,baseline,1224,100.30920000000003,0.08,0.46
env_tight_fixedrisk,always_execute,baseline,1225,53.842399999999955,0.18,0.38
env_tight_fixedrisk,always_execute,baseline,1226,92.90020000000003,0.16,0.37
env_tight_fixedrisk,always_execute,baseline,1227,99.88920000000002,0.16,0.41
env_tight_fixedrisk,always_execute,baseline,1228,90.256,0.09,0.45
env_tight_fixedrisk,always_execute,baseline,1229,71.1908,0.15,0.42
env_tight_fixedrisk,always_execute,baseline,1230,65.45100000000002,0.2,0.38
env_tight_fixedrisk,always_execute,baseline,1231,52.567400000000006,0.16,0.36
env_tight_fixedrisk,always_execute,baseline,1232,124.767,0.12,0.44
env_tight_fixedrisk,always_execute,baseline,1233,101.12920000000008,0.08,0.44
env_tight_fixedrisk,always_execute,baseline,1234,74.78619999999998,0.14,0.37
env_tight_fixedrisk,always_execute,baseline,1235,80.72919999999999,0.14,0.38
env_tight_fixedrisk,always_execute,baseline,1236,114.37580000000001,0.07,0.43
env_tight_fixedrisk,always_execute,baseline,1237,87.51120000000004,0.14,0.42
env_tight_fixedrisk,always_execute,baseline,1238,63.02160000000001,0.14,0.37
env_tight_fixedrisk,always_execute,baseline,1239,104.3116,0.09,0.43
env_tight_fixedrisk,always_execute,baseline,1240,93.24040000000002,0.11,0.45
env_tight_fixedrisk,always_execute,baseline,1241,83.89399999999996,0.11,0.41
env_tight_fixedrisk,always_execute,baseline,1242,71.80839999999996,0.14,0.4
env_tight_fixedrisk,always_execute,baseline,1243,84.85779999999997,0.08,0.46
env_tight_fixedrisk,always_execute,baseline,1244,73.00880000000004,0.17,0.43
env_tight_fixedrisk,always_execute,baseline,1245,125.8888,0.07,0.41
env_tight_fixedrisk,always_execute,baseline,1246,122.3664,0.07,0.44
env_tight_fixedrisk,always_execute,baseline,1247,104.46719999999999,0.08,0.46
env_tight_fixedrisk,always_execute,baseline,1248,103.94879999999996,0.1,0.42
env_tight_fixedrisk,always_execute,baseline,1249,95.84760000000003,0.15,0.43
env_tight_fixedrisk,scale_when_blocked (hand),hand,1000,94.55799999999996,0.15,0.44
env_tight_fixedrisk,scale_when_blocked (hand),hand,1001,68.0422,0.15,0.41
env_tight_fixedrisk,scale_when_blocked (hand),hand,1002,106.6218,0.16,0.47
env_tight_fixedrisk,scale_when_blocked (hand),hand,1003,81.1926,0.13,0.42
env_tight_fixedrisk,scale_when_blocked (hand),hand,1004,97.1482,0.16,0.42
env_tight_fixedrisk,scale_when_blocked (hand),hand,1005,129.11540000000002,0.15,0.45
env_tight_fixedrisk,scale_when_blocked (hand),hand,1006,120.99520000000001,0.07,0.53
env_tight_fixedrisk,scale_when_blocked (hand),hand,1007,93.76899999999998,0.11,0.45
env_tight_fixedrisk,scale_when_blocked (hand),hand,1008,54.31919999999997,0.2,0.41
env_tight_fixedrisk,scale_when_blocked (hand),hand,1009,109.29680000000002,0.11,0.45
env_tight_fixedrisk,scale_when_blocked (hand),hand,1010,122.8518,0.13,0.46
env_tight_fixedrisk,scale_when_blocked (hand),hand,1011,84.591,0.08,0.46
env_tight_fixedrisk,scale_when_blocked (hand),hand,1012,104.23860000000002,0.11,0.44
env_tight_fixedrisk,scale_when_blocked (hand),hand,1013,116.16099999999997,0.07,0.46
env_tight_fixedrisk,scale_when_blocked (hand),hand,1014,74.45659999999997,0.14,0.44
env_tight_fixedrisk,scale_when_blocked (hand),hand,1015,82.00119999999998,0.16,0.45
env_tight_fixedrisk,scale_when_blocked (hand),hand,1016,73.82979999999998,0.13,0.42
env_tight_fixedrisk,scale_when_blocked (hand),hand,1017,96.69880000000006,0.12,0.48
env_tight_fixedrisk,scale_when_blocked (hand),hand,1018,92.9066,0.12,0.44
env_tight_fixedrisk,scale_when_blocked (hand),hand,1019,74.70300000000003,0.11,0.41
env_tight_fixedrisk,scale_when_blocked (hand),hand,1020,96.5818,0.17,0.38
env_tight_fixedrisk,scale_when_blocked (hand),hand,1021,71.15559999999995,0.13,0.44
env_tight_fixedrisk,scale_when_blocked (hand),hand,1022,88.4094,0.18,0.43
env_tight_fixedrisk,scale_when_blocked (hand),hand,1023,70.3644,0.21,0.41
env_tight_fixedrisk,scale_when_blocked (hand),hand,1024,60.56619999999997,0.14,0.43
env_tight_fixedrisk,scale_when_blocked (hand),hand,1025,124.7706,0.18,0.46
env_tight_fixedrisk,scale_when_blocked (hand),hand,1026,108.03080000000003,0.08,0.47
env_tight_fixedrisk,scale_when_blocked (hand),hand,1027,111.0874,0.14,0.44
env_tight_fixedrisk,scale_when_blocked (hand),hand,1028,80.83360000000002,0.13,0.45
env_tight_fixedrisk,scale_when_blocked (hand),hand,1029,104.82339999999999,0.16,0.45
env_tight_fixedrisk,scale_when_blocked (hand),hand,1030,59.74259999999991,0.15,0.44
env_tight_fixedrisk,scale_when_blocked (hand),hand,1031,75.4632,0.19,0.4
env_tight_fixedrisk,scale_when_blocked (hand),hand,1032,63.69940000000001,0.23,0.36
env_tight_fixedrisk,scale_when_blocked (hand),hand,1033,80.3488,0.11,0.45
env_tight_fixedrisk,scale_when_blocked (hand),hand,1034,103.68,0.12,0.42
env_tight_fixedrisk,scale_when_blocked (hand),hand,1035,107.72999999999999,0.13,0.45
env_tight_fixedrisk,scale_when_blocked (hand),hand,1036,76.82679999999998,0.11,0.44
env_tight_fixedrisk,scale_when_blocked (hand),hand,1037,101.26079999999999,0.11,0.44
env_tight_fixedrisk,scale_when_blocked (hand),hand,1038,92.8322,0.15,0.45
env_tight_fixedrisk,scale_when_blocked (hand),hand,1039,97.64840000000001,0.17,0.41
env_tight_fixedrisk,scale_when_blocked (hand),hand,1040,98.42080000000001,0.15,0.39
env_tight_fixedrisk,scale_when_blocked (hand),hand,1041,105.4254,0.11,0.48
env_tight_fixedrisk,scale_when_blocked (hand),hand,1042,111.45860000000002,0.1,0.43
env_tight_fixedrisk,scale_when_blocked (hand),hand,1043,66.07359999999998,0.19,0.44
env_tight_fixedrisk,scale_when_blocked (hand),hand,1044,100.51679999999999,0.15,0.46
env_tight_fixedrisk,scale_when_blocked (hand),hand,1045,94.48860000000002,0.1,0.47
env_tight_fixedrisk,scale_when_blocked (hand),hand,1046,105.18060000000001,0.13,0.44
env_tight_fixedrisk,scale_when_blocked (hand),hand,1047,110.709,0.12,0.46
env_tight_fixedrisk,scale_when_blocked (hand),hand,1048,87.25659999999998,0.12,0.44
env_tight_fixedrisk,scale_when_blocked (hand),hand,1049,88.86919999999995,0.14,0.46
env_tight_fixedrisk,scale_when_blocked (hand),hand,1050,120.10239999999999,0.12,0.47
env_tight_fixedrisk,scale_when_blocked (hand),hand,1051,116.29180000000002,0.1,0.48
env_tight_fixedrisk,scale_when_blocked (hand),hand,1052,83.55919999999999,0.09,0.47
env_tight_fixedrisk,scale_when_blocked (hand),hand,1053,115.0932,0.11,0.48
env_tight_fixedrisk,scale_when_blocked (hand),hand,1054,127.20600000000002,0.14,0.46
env_tight_fixedrisk,scale_when_blocked (hand),hand,1055,62.667799999999986,0.12,0.43
env_tight_fixedrisk,scale_when_blocked (hand),hand,1056,88.05719999999998,0.16,0.44
env_tight_fixedrisk,scale_when_blocked (hand),hand,1057,121.3264,0.14,0.46
env_tight_fixedrisk,scale_when_blocked (hand),hand,1058,118.3538,0.14,0.44
env_tight_fixedrisk,scale_when_blocked (hand),hand,1059,95.43880000000001,0.1,0.46
env_tight_fixedrisk,scale_when_blocked (hand),hand,1060,118.19919999999996,0.13,0.43
env_tight_fixedrisk,scale_when_blocked (hand),hand,1061,85.00559999999993,0.14,0.44
env_tight_fixedrisk,scale_when_blocked (hand),hand,1062,72.97120000000002,0.14,0.43
env_tight_fixedrisk,scale_when_blocked (hand),hand,1063,108.8072,0.1,0.42
env_tight_fixedrisk,scale_when_blocked (hand),hand,1064,42.67320000000001,0.18,0.4
env_tight_fixedrisk,scale_when_blocked (hand),hand,1065,128.90640000000002,0.11,0.47
env_tight_fixedrisk,scale_when_blocked (hand),hand,1066,97.88980000000004,0.16,0.44
env_tight_fixedrisk,scale_when_blocked (hand),hand,1067,92.66039999999995,0.1,0.46
env_tight_fixedrisk,scale_when_blocked (hand),hand,1068,117.1106,0.1,0.48
env_tight_fixedrisk,scale_when_blocked (hand),hand,1069,81.83540000000002,0.14,0.41
env_tight_fixedrisk,scale_when_blocked (hand),hand,1070,74.26900000000003,0.14,0.47
env_tight_fixedrisk,scale_when_blocked (hand),hand,1071,90.2158,0.21,0.45
env_tight_fixedrisk,scale_when_blocked (hand),hand,1072,58.33779999999999,0.13,0.44
env_tight_fixedrisk,scale_when_blocked (hand),hand,1073,71.75159999999998,0.12,0.47
env_tight_fixedrisk,scale_when_blocked (hand),hand,1074,92.54339999999993,0.09,0.45
env_tight_fixedrisk,scale_when_blocked (hand),hand,1075,85.4756,0.15,0.48
env_tight_fixedrisk,scale_when_blocked (hand),hand,1076,71.71940000000001,0.25,0.39
env_tight_fixedrisk,scale_when_blocked (hand),hand,1077,117.46500000000003,0.12,0.45
env_tight_fixedrisk,scale_when_blocked (hand),hand,1078,119.31460000000001,0.11,0.48
env_tight_fixedrisk,scale_when_blocked (hand),hand,1079,123.1702,0.07,0.47
env_tight_fixedrisk,scale_when_blocked (hand),hand,1080,105.92100000000005,0.15,0.41
env_tight_fixedrisk,scale_when_blocked (hand),hand,1081,93.21919999999997,0.14,0.46
env_tight_fixedrisk,scale_when_blocked (hand),hand,1082,86.3852,0.15,0.46
env_tight_fixedrisk,scale_when_blocked (hand),hand,1083,104.6806,0.08,0.44
env_tight_fixedrisk,scale_when_blocked (hand),hand,1084,138.8204,0.13,0.5
env_tight_fixedrisk,scale_when_blocked (hand),hand,1085,125.68880000000001,0.1,0.46
env_tight_fixedrisk,scale_when_blocked (hand),hand,1086,64.36059999999998,0.17,0.39
env_tight_fixedrisk,scale_when_blocked (hand),hand,1087,107.56820000000003,0.1,0.44
env_tight_fixedrisk,scale_when_blocked (hand),hand,1088,74.35840000000002,0.13,0.44
env_tight_fixedrisk,scale_when_blocked (hand),hand,1089,119.1164,0.13,0.45
env_tight_fixedrisk,scale_when_blocked (hand),hand,1090,88.69439999999993,0.15,0.47
env_tight_fixedrisk,scale_when_blocked (hand),hand,1091,76.20100000000002,0.16,0.42
env_tight_fixedrisk,scale_when_blocked (hand),hand,1092,116.71340000000004,0.15,0.42
env_tight_fixedrisk,scale_when_blocked (hand),hand,1093,116.3886,0.15,0.44
env_tight_fixedrisk,scale_when_blocked (hand),hand,1094,100.66159999999999,0.09,0.46
env_tight_fixedrisk,scale_when_blocked (hand),hand,1095,95.6894,0.16,0.45
env_tight_fixedrisk,scale_when_blocked (hand),hand,1096,115.75279999999998,0.18,0.44
env_tight_fixedrisk,scale_when_blocked (hand),hand,1097,134.58339999999998,0.11,0.47
env_tight_fixedrisk,scale_when_blocked (hand),hand,1098,97.49280000000002,0.21,0.41
env_tight_fixedrisk,scale_when_blocked (hand),hand,1099,85.74360000000001,0.16,0.43
env_tight_fixedrisk,scale_when_blocked (hand),hand,1100,124.14520000000002,0.14,0.5
env_tight_fixedrisk,scale_when_blocked (hand),hand,1101,102.532,0.09,0.51
env_tight_fixedrisk,scale_when_blocked (hand),hand,1102,100.92120000000003,0.13,0.4
env_tight_fixedrisk,scale_when_blocked (hand),hand,1103,125.75980000000004,0.13,0.5
env_tight_fixedrisk,scale_when_blocked (hand),hand,1104,87.63900000000001,0.13,0.48
env_tight_fixedrisk,scale_when_blocked (hand),hand,1105,65.32839999999999,0.16,0.45
env_tight_fixedrisk,scale_when_blocked (hand),hand,1106,107.68319999999997,0.15,0.49
env_tight_fixedrisk,scale_when_blocked (hand),hand,1107,142.03619999999998,0.1,0.5
env_tight_fixedrisk,scale_when_blocked (hand),hand,1108,116.7502,0.09,0.48
env_tight_fixedrisk,scale_when_blocked (hand),hand,1109,97.998,0.06,0.46
env_tight_fixedrisk,scale_when_blocked (hand),hand,1110,122.36120000000005,0.08,0.46
env_tight_fixedrisk,scale_when_blocked (hand),hand,1111,90.56360000000001,0.2,0.44
env_tight_fixedrisk,scale_when_blocked (hand),hand,1112,51.37919999999998,0.12,0.42
env_tight_fixedrisk,scale_when_blocked (hand),hand,1113,74.52599999999998,0.1,0.45
env_tight_fixedrisk,scale_when_blocked (hand),hand,1114,102.1164,0.2,0.41
env_tight_fixedrisk,scale_when_blocked (hand),hand,1115,101.15720000000002,0.18,0.47
env_tight_fixedrisk,scale_when_blocked (hand),hand,1116,77.03400000000002,0.15,0.41
env_tight_fixedrisk,scale_when_blocked (hand),hand,1117,71.82700000000003,0.13,0.46
env_tight_fixedrisk,scale_when_blocked (hand),hand,1118,108.87760000000006,0.14,0.46
env_tight_fixedrisk,scale_when_blocked (hand),hand,1119,91.44680000000001,0.18,0.38
env_tight_fixedrisk,scale_when_blocked (hand),hand,1120,90.67019999999995,0.11,0.45
env_tight_fixedrisk,scale_when_blocked (hand),hand,1121,107.65379999999998,0.11,0.44
env_tight_fixedrisk,scale_when_blocked (hand),hand,1122,82.85860000000008,0.13,0.48
env_tight_fixedrisk,scale_when_blocked (hand),hand,1123,100.5426,0.14,0.48
env_tight_fixedrisk,scale_when_blocked (hand),hand,1124,75.01260000000002,0.12,0.46
env_tight_fixedrisk,scale_when_blocked (hand),hand,1125,93.70719999999997,0.15,0.42
env_tight_fixedrisk,scale_when_blocked (hand),hand,1126,84.51320000000001,0.12,0.41
env_tight_fixedrisk,scale_when_blocked (hand),hand,1127,94.11079999999995,0.11,0.49
env_tight_fixedrisk,scale_when_blocked (hand),hand,1128,119.25319999999999,0.13,0.46
env_tight_fixedrisk,scale_when_blocked (hand),hand,1129,102.98999999999998,0.17,0.45
env_tight_fixedrisk,scale_when_blocked (hand),hand,1130,102.34100000000001,0.14,0.42
env_tight_fixedrisk,scale_when_blocked (hand),hand,1131,135.9848,0.12,0.47
env_tight_fixedrisk,scale_when_blocked (hand),hand,1132,77.45679999999996,0.11,0.44
env_tight_fixedrisk,scale_when_blocked (hand),hand,1133,73.80339999999998,0.2,0.4
env_tight_fixedrisk,scale_when_blocked (hand),hand,1134,134.3208,0.17,0.47
env_tight_fixedrisk,scale_when_blocked (hand),hand,1135,100.061,0.13,0.38
env_tight_fixedrisk,scale_when_blocked (hand),hand,1136,131.73860000000002,0.11,0.48
env_tight_fixedrisk,scale_when_blocked (hand),hand,1137,93.39000000000001,0.13,0.44
env_tight_fixedrisk,scale_when_blocked (hand),hand,1138,98.87920000000001,0.14,0.44
env_tight_fixedrisk,scale_when_blocked (hand),hand,1139,77.33880000000002,0.11,0.44
env_tight_fixedrisk,scale_when_blocked (hand),hand,1140,75.03500000000003,0.15,0.47
env_tight_fixedrisk,scale_when_blocked (hand),hand,1141,112.47220000000002,0.13,0.41
env_tight_fixedrisk,scale_when_blocked (hand),hand,1142,72.39439999999999,0.18,0.44
env_tight_fixedrisk,scale_when_blocked (hand),hand,1143,64.59680000000004,0.13,0.44
env_tight_fixedrisk,scale_when_blocked (hand),hand,1144,73.39439999999998,0.07,0.43
env_tight_fixedrisk,scale_when_blocked (hand),hand,1145,106.54620000000003,0.17,0.46
env_tight_fixedrisk,scale_when_blocked (hand),hand,1146,113.9154,0.1,0.49
env_tight_fixedrisk,scale_when_blocked (hand),hand,1147,102.72040000000001,0.14,0.41
env_tight_fixedrisk,scale_when_blocked (hand),hand,1148,114.21160000000003,0.09,0.5
env_tight_fixedrisk,scale_when_blocked (hand),hand,1149,106.00599999999999,0.1,0.49
env_tight_fixedrisk,scale_when_blocked (hand),hand,1150,60.523399999999995,0.17,0.44
env_tight_fixedrisk,scale_when_blocked (hand),hand,1151,87.45760000000003,0.22,0.44
env_tight_fixedrisk,scale_when_blocked (hand),hand,1152,131.51619999999997,0.17,0.46
env_tight_fixedrisk,scale_when_blocked (hand),hand,1153,106.33380000000002,0.13,0.42
env_tight_fixedrisk,scale_when_blocked (hand),hand,1154,71.90439999999995,0.11,0.46
env_tight_fixedrisk,scale_when_blocked (hand),hand,1155,136.26420000000002,0.11,0.5
env_tight_fixedrisk,scale_when_blocked (hand),hand,1156,105.18620000000001,0.12,0.44
env_tight_fixedrisk,scale_when_blocked (hand),hand,1157,112.04939999999998,0.06,0.49
env_tight_fixedrisk,scale_when_blocked (hand),hand,1158,85.07099999999996,0.13,0.43
env_tight_fixedrisk,scale_when_blocked (hand),hand,1159,80.67660000000004,0.17,0.45
env_tight_fixedrisk,scale_when_blocked (hand),hand,1160,145.65100000000004,0.06,0.54
env_tight_fixedrisk,scale_when_blocked (hand),hand,1161,71.66299999999997,0.16,0.41
env_tight_fixedrisk,scale_when_blocked (hand),hand,1162,73.88759999999995,0.11,0.43
env_tight_fixedrisk,scale_when_blocked (hand),hand,1163,91.50579999999997,0.09,0.43
env_tight_fixedrisk,scale_when_blocked (hand),hand,1164,93.70620000000002,0.14,0.46
env_tight_fixedrisk,scale_when_blocked (hand),hand,1165,64.97959999999992,0.15,0.42
env_tight_fixedrisk,scale_when_blocked (hand),hand,1166,78.11760000000004,0.16,0.4
env_tight_fixedrisk,scale_when_blocked (hand),hand,1167,112.1114,0.19,0.44
env_tight_fixedrisk,scale_when_blocked (hand),hand,1168,94.11079999999998,0.1,0.47
env_tight_fixedrisk,scale_when_blocked (hand),hand,1169,109.73179999999999,0.16,0.43
env_tight_fixedrisk,scale_when_blocked (hand),hand,1170,90.88019999999999,0.11,0.43
env_tight_fixedrisk,scale_when_blocked (hand),hand,1171,129.40339999999998,0.07,0.47
env_tight_fixedrisk,scale_when_blocked (hand),hand,1172,101.63759999999999,0.08,0.48
env_tight_fixedrisk,scale_when_blocked (hand),hand,1173,92.37619999999993,0.09,0.51
env_tight_fixedrisk,scale_when_blocked (hand),hand,1174,50.716199999999986,0.23,0.41
env_tight_fixedrisk,scale_when_blocked (hand),hand,1175,73.26679999999999,0.17,0.42
env_tight_fixedrisk,scale_when_blocked (hand),hand,1176,93.73240000000001,0.14,0.41
env_tight_fixedrisk,scale_when_blocked (hand),hand,1177,92.82300000000001,0.14,0.45
env_tight_fixedrisk,scale_when_blocked (hand),hand,1178,95.01299999999998,0.11,0.44
env_tight_fixedrisk,scale_when_blocked (hand),hand,1179,106.99179999999996,0.13,0.43
env_tight_fixedrisk,scale_when_blocked (hand),hand,1180,133.1758,0.13,0.5
env_tight_fixedrisk,scale_when_blocked (hand),hand,1181,88.7662,0.18,0.4
env_tight_fixedrisk,scale_when_blocked (hand),hand,1182,83.26659999999998,0.12,0.44
env_tight_fixedrisk,scale_when_blocked (hand),hand,1183,93.88379999999998,0.13,0.43
env_tight_fixedrisk,scale_when_blocked (hand),hand,1184,77.31199999999998,0.16,0.42
env_tight_fixedrisk,scale_when_blocked (hand),hand,1185,100.29820000000001,0.14,0.47
env_tight_fixedrisk,scale_when_blocked (hand),hand,1186,87.20220000000003,0.1,0.46
env_tight_fixedrisk,scale_when_blocked (hand),hand,1187,115.86019999999998,0.12,0.44
env_tight_fixedrisk,scale_when_blocked (hand),hand,1188,101.14120000000003,0.12,0.44
env_tight_fixedrisk,scale_when_blocked (hand),hand,1189,75.75880000000004,0.21,0.41
env_tight_fixedrisk,scale_when_blocked (hand),hand,1190,94.10220000000004,0.17,0.42
env_tight_fixedrisk,scale_when_blocked (hand),hand,1191,72.12459999999999,0.14,0.41
env_tight_fixedrisk,scale_when_blocked (hand),hand,1192,91.62619999999997,0.13,0.42
env_tight_fixedrisk,scale_when_blocked (hand),hand,1193,79.08079999999997,0.07,0.49
env_tight_fixedrisk,scale_when_blocked (hand),hand,1194,69.85580000000003,0.14,0.45
env_tight_fixedrisk,scale_when_blocked (hand),hand,1195,107.7748,0.15,0.46
env_tight_fixedrisk,scale_when_blocked (hand),hand,1196,126.16720000000001,0.14,0.48
env_tight_fixedrisk,scale_when_blocked (hand),hand,1197,121.48860000000002,0.11,0.46
env_tight_fixedrisk,scale_when_blocked (hand),hand,1198,124.75220000000002,0.16,0.48
env_tight_fixedrisk,scale_when_blocked (hand),hand,1199,68.01899999999993,0.15,0.46
env_tight_fixedrisk,scale_when_blocked (hand),hand,1200,91.27639999999997,0.2,0.43
env_tight_fixedrisk,scale_when_blocked (hand),hand,1201,108.5562,0.08,0.49
env_tight_fixedrisk,scale_when_blocked (hand),hand,1202,154.2172,0.05,0.5
env_tight_fixedrisk,scale_when_blocked (hand),hand,1203,124.62819999999999,0.1,0.46
env_tight_fixedrisk,scale_when_blocked (hand),hand,1204,109.62000000000003,0.1,0.49
env_tight_fixedrisk,scale_when_blocked (hand),hand,1205,99.61519999999996,0.12,0.47
env_tight_fixedrisk,scale_when_blocked (hand),hand,1206,63.34440000000002,0.17,0.42
env_tight_fixedrisk,scale_when_blocked (hand),hand,1207,106.561,0.14,0.48
env_tight_fixedrisk,scale_when_blocked (hand),hand,1208,79.71440000000001,0.18,0.41
env_tight_fixedrisk,scale_when_blocked (hand),hand,1209,99.5804,0.14,0.44
env_tight_fixedrisk,scale_when_blocked (hand),hand,1210,95.70080000000002,0.16,0.4
env_tight_fixedrisk,scale_when_blocked (hand),hand,1211,87.18159999999997,0.12,0.46
env_tight_fixedrisk,scale_when_blocked (hand),hand,1212,91.79260000000002,0.16,0.43
env_tight_fixedrisk,scale_when_blocked (hand),hand,1213,133.1598,0.09,0.47
env_tight_fixedrisk,scale_when_blocked (hand),hand,1214,98.62699999999998,0.14,0.45
env_tight_fixedrisk,scale_when_blocked (hand),hand,1215,116.51679999999999,0.15,0.48
env_tight_fixedrisk,scale_when_blocked (hand),hand,1216,92.3626,0.07,0.5
env_tight_fixedrisk,scale_when_blocked (hand),hand,1217,116.1112,0.05,0.5
env_tight_fixedrisk,scale_when_blocked (hand),hand,1218,115.44559999999998,0.19,0.45
env_tight_fixedrisk,scale_when_blocked (hand),hand,1219,93.79739999999998,0.14,0.44
env_tight_fixedrisk,scale_when_blocked (hand),hand,1220,134.3912,0.1,0.46
env_tight_fixedrisk,scale_when_blocked (hand),hand,1221,95.43379999999999,0.1,0.48
env_tight_fixedrisk,scale_when_blocked (hand),hand,1222,112.73660000000001,0.16,0.43
env_tight_fixedrisk,scale_when_blocked (hand),hand,1223,73.644,0.14,0.42
env_tight_fixedrisk,scale_when_blocked (hand),hand,1224,121.61300000000003,0.12,0.49
env_tight_fixedrisk,scale_when_blocked (hand),hand,1225,74.16,0.15,0.39
env_tight_fixedrisk,scale_when_blocked (hand),hand,1226,77.36860000000001,0.15,0.41
env_tight_fixedrisk,scale_when_blocked (hand),hand,1227,134.3136,0.07,0.5
env_tight_fixedrisk,scale_when_blocked (hand),hand,1228,118.20500000000001,0.1,0.49
env_tight_fixedrisk,scale_when_blocked (hand),hand,1229,80.43599999999998,0.19,0.46
env_tight_fixedrisk,scale_when_blocked (hand),hand,1230,71.44319999999993,0.15,0.45
env_tight_fixedrisk,scale_when_blocked (hand),hand,1231,73.6554,0.15,0.44
env_tight_fixedrisk,scale_when_blocked (hand),hand,1232,128.7352,0.11,0.45
env_tight_fixedrisk,scale_when_blocked (hand),hand,1233,77.27040000000002,0.13,0.44
env_tight_fixedrisk,scale_when_blocked (hand),hand,1234,110.97199999999998,0.1,0.42
env_tight_fixedrisk,scale_when_blocked (hand),hand,1235,102.58160000000004,0.14,0.46
env_tight_fixedrisk,scale_when_blocked (hand),hand,1236,117.06019999999998,0.08,0.47
env_tight_fixedrisk,scale_when_blocked (hand),hand,1237,72.442,0.16,0.42
env_tight_fixedrisk,scale_when_blocked (hand),hand,1238,73.94820000000001,0.24,0.41
env_tight_fixedrisk,scale_when_blocked (hand),hand,1239,83.3592,0.14,0.43
env_tight_fixedrisk,scale_when_blocked (hand),hand,1240,101.3468,0.14,0.47
env_tight_fixedrisk,scale_when_blocked (hand),hand,1241,83.09920000000002,0.12,0.44
env_tight_fixedrisk,scale_when_blocked (hand),hand,1242,84.27000000000004,0.16,0.44
env_tight_fixedrisk,scale_when_blocked (hand),hand,1243,88.06020000000001,0.11,0.48
env_tight_fixedrisk,scale_when_blocked (hand),hand,1244,57.78200000000004,0.2,0.44
env_tight_fixedrisk,scale_when_blocked (hand),hand,1245,140.967,0.11,0.46
env_tight_fixedrisk,scale_when_blocked (hand),hand,1246,123.24820000000003,0.09,0.47
env_tight_fixedrisk,scale_when_blocked (hand),hand,1247,121.35040000000001,0.07,0.52
env_tight_fixedrisk,scale_when_blocked (hand),hand,1248,109.40180000000004,0.15,0.43
env_tight_fixedrisk,scale_when_blocked (hand),hand,1249,110.37660000000001,0.12,0.45
env_tight_fixedrisk,REINFORCE:seed7,REINFORCE,1000,121.40020000000001,0.08,0.45
env_tight_fixedrisk,REINFORCE:seed7,REINFORCE,1001,71.09239999999998,0.11,0.38
env_tight_fixedrisk,REINFORCE:seed7,REINFORCE,1002,93.14219999999999,0.15,0.39
env_tight_fixedrisk,REINFORCE:seed7,REINFORCE,1003,85.55159999999995,0.11,0.44
env_tight_fixedrisk,REINFORCE:seed7,REINFORCE,1004,90.2072,0.15,0.39
env_tight_fixedrisk,REINFORCE:seed7,REINFORCE,1005,111.9342,0.11,0.44
env_tight_fixedrisk,REINFORCE:seed7,REINFORCE,1006,93.9132,0.12,0.44
env_tight_fixedrisk,REINFORCE:seed7,REINFORCE,1007,101.95580000000001,0.14,0.41
env_tight_fixedrisk,REINFORCE:seed7,REINFORCE,1008,98.89839999999997,0.11,0.45
env_tight_fixedrisk,REINFORCE:seed7,REINFORCE,1009,77.82039999999996,0.14,0.41
env_tight_fixedrisk,REINFORCE:seed7,REINFORCE,1010,116.7072,0.14,0.43
env_tight_fixedrisk,REINFORCE:seed7,REINFORCE,1011,82.7302,0.14,0.39
env_tight_fixedrisk,REINFORCE:seed7,REINFORCE,1012,68.47600000000003,0.11,0.42
env_tight_fixedrisk,REINFORCE:seed7,REINFORCE,1013,125.67660000000001,0.05,0.44
env_tight_fixedrisk,REINFORCE:seed7,REINFORCE,1014,32.23739999999998,0.23,0.35
env_tight_fixedrisk,REINFORCE:seed7,REINFORCE,1015,72.61640000000003,0.16,0.38
env_tight_fixedrisk,REINFORCE:seed7,REINFORCE,1016,67.0966,0.09,0.42
env_tight_fixedrisk,REINFORCE:seed7,REINFORCE,1017,89.44180000000001,0.15,0.44
env_tight_fixedrisk,REINFORCE:seed7,REINFORCE,1018,90.68580000000003,0.07,0.45
env_tight_fixedrisk,REINFORCE:seed7,REINFORCE,1019,83.60540000000002,0.15,0.38
env_tight_fixedrisk,REINFORCE:seed7,REINFORCE,1020,49.00319999999998,0.2,0.32
env_tight_fixedrisk,REINFORCE:seed7,REINFORCE,1021,66.22660000000003,0.13,0.39
env_tight_fixedrisk,REINFORCE:seed7,REINFORCE,1022,118.5532,0.13,0.45
env_tight_fixedrisk,REINFORCE:seed7,REINFORCE,1023,98.4118,0.16,0.41
env_tight_fixedrisk,REINFORCE:seed7,REINFORCE,1024,85.41719999999998,0.14,0.4
env_tight_fixedrisk,REINFORCE:seed7,REINFORCE,1025,116.32819999999998,0.14,0.45
env_tight_fixedrisk,REINFORCE:seed7,REINFORCE,1026,124.02700000000002,0.09,0.46
env_tight_fixedrisk,REINFORCE:seed7,REINFORCE,1027,88.24379999999996,0.18,0.44
env_tight_fixedrisk,REINFORCE:seed7,REINFORCE,1028,56.99899999999997,0.21,0.38
env_tight_fixedrisk,REINFORCE:seed7,REINFORCE,1029,100.5224,0.11,0.42
env_tight_fixedrisk,REINFORCE:seed7,REINFORCE,1030,56.810199999999924,0.15,0.41
env_tight_fixedrisk,REINFORCE:seed7,REINFORCE,1031,104.74199999999998,0.13,0.41
env_tight_fixedrisk,REINFORCE:seed7,REINFORCE,1032,81.15999999999998,0.17,0.36
env_tight_fixedrisk,REINFORCE:seed7,REINFORCE,1033,84.25299999999999,0.17,0.39
env_tight_fixedrisk,REINFORCE:seed7,REINFORCE,1034,101.59320000000002,0.14,0.44
env_tight_fixedrisk,REINFORCE:seed7,REINFORCE,1035,104.44720000000001,0.12,0.39
env_tight_fixedrisk,REINFORCE:seed7,REINFORCE,1036,112.36900000000003,0.09,0.45
env_tight_fixedrisk,REINFORCE:seed7,REINFORCE,1037,109.0444,0.1,0.41
env_tight_fixedrisk,REINFORCE:seed7,REINFORCE,1038,98.98360000000002,0.11,0.4
env_tight_fixedrisk,REINFORCE:seed7,REINFORCE,1039,83.06219999999998,0.15,0.38
env_tight_fixedrisk,REINFORCE:seed7,REINFORCE,1040,79.25200000000001,0.13,0.38
env_tight_fixedrisk,REINFORCE:seed7,REINFORCE,1041,105.4738,0.12,0.42
env_tight_fixedrisk,REINFORCE:seed7,REINFORCE,1042,96.69659999999999,0.09,0.39
env_tight_fixedrisk,REINFORCE:seed7,REINFORCE,1043,106.08359999999998,0.12,0.44
env_tight_fixedrisk,REINFORCE:seed7,REINFORCE,1044,102.57579999999999,0.13,0.43
env_tight_fixedrisk,REINFORCE:seed7,REINFORCE,1045,136.7768,0.08,0.51
env_tight_fixedrisk,REINFORCE:seed7,REINFORCE,1046,146.6076,0.08,0.48
env_tight_fixedrisk,REINFORCE:seed7,REINFORCE,1047,95.78540000000002,0.09,0.45
env_tight_fixedrisk,REINFORCE:seed7,REINFORCE,1048,64.58239999999995,0.12,0.4
env_tight_fixedrisk,REINFORCE:seed7,REINFORCE,1049,72.65899999999999,0.15,0.41
env_tight_fixedrisk,REINFORCE:seed7,REINFORCE,1050,96.94399999999997,0.14,0.42
env_tight_fixedrisk,REINFORCE:seed7,REINFORCE,1051,107.3298,0.11,0.42
env_tight_fixedrisk,REINFORCE:seed7,REINFORCE,1052,79.28320000000002,0.1,0.41
env_tight_fixedrisk,REINFORCE:seed7,REINFORCE,1053,76.30320000000006,0.12,0.43
env_tight_fixedrisk,REINFORCE:seed7,REINFORCE,1054,80.37620000000001,0.14,0.39
env_tight_fixedrisk,REINFORCE:seed7,REINFORCE,1055,102.9214,0.1,0.43
env_tight_fixedrisk,REINFORCE:seed7,REINFORCE,1056,101.482,0.18,0.42
env_tight_fixedrisk,REINFORCE:seed7,REINFORCE,1057,102.04639999999998,0.11,0.44
env_tight_fixedrisk,REINFORCE:seed7,REINFORCE,1058,96.70080000000002,0.13,0.41
env_tight_fixedrisk,REINFORCE:seed7,REINFORCE,1059,64.84640000000003,0.12,0.4
env_tight_fixedrisk,REINFORCE:seed7,REINFORCE,1060,108.12060000000002,0.09,0.45
env_tight_fixedrisk,REINFORCE:seed7,REINFORCE,1061,95.4796,0.06,0.45
env_tight_fixedrisk,REINFORCE:seed7,REINFORCE,1062,58.81620000000001,0.16,0.41
env_tight_fixedrisk,REINFORCE:seed7,REINFORCE,1063,74.56299999999999,0.13,0.39
env_tight_fixedrisk,REINFORCE:seed7,REINFORCE,1064,79.8828,0.08,0.43
env_tight_fixedrisk,REINFORCE:seed7,REINFORCE,1065,119.98079999999999,0.1,0.47
env_tight_fixedrisk,REINFORCE:seed7,REINFORCE,1066,117.1934,0.09,0.44
env_tight_fixedrisk,REINFORCE:seed7,REINFORCE,1067,47.35920000000003,0.13,0.41
env_tight_fixedrisk,REINFORCE:seed7,REINFORCE,1068,69.59060000000004,0.11,0.4
env_tight_fixedrisk,REINFORCE:seed7,REINFORCE,1069,71.22799999999998,0.14,0.39
env_tight_fixedrisk,REINFORCE:seed7,REINFORCE,1070,102.07240000000002,0.13,0.43
env_tight_fixedrisk,REINFORCE:seed7,REINFORCE,1071,110.89040000000001,0.16,0.43
env_tight_fixedrisk,REINFORCE:seed7,REINFORCE,1072,59.6836,0.1,0.42
env_tight_fixedrisk,REINFORCE:seed7,REINFORCE,1073,70.11120000000005,0.14,0.41
env_tight_fixedrisk,REINFORCE:seed7,REINFORCE,1074,63.153399999999976,0.12,0.41
env_tight_fixedrisk,REINFORCE:seed7,REINFORCE,1075,102.607,0.14,0.45
env_tight_fixedrisk,REINFORCE:seed7,REINFORCE,1076,50.39680000000003,0.19,0.36
env_tight_fixedrisk,REINFORCE:seed7,REINFORCE,1077,106.79620000000003,0.13,0.42
env_tight_fixedrisk,REINFORCE:seed7,REINFORCE,1078,125.9964,0.11,0.44
env_tight_fixedrisk,REINFORCE:seed7,REINFORCE,1079,67.32399999999998,0.15,0.39
env_tight_fixedrisk,REINFORCE:seed7,REINFORCE,1080,113.33379999999998,0.14,0.42
env_tight_fixedrisk,REINFORCE:seed7,REINFORCE,1081,83.713,0.13,0.45
env_tight_fixedrisk,REINFORCE:seed7,REINFORCE,1082,71.32320000000001,0.16,0.43
env_tight_fixedrisk,REINFORCE:seed7,REINFORCE,1083,110.369,0.07,0.44
env_tight_fixedrisk,REINFORCE:seed7,REINFORCE,1084,106.26320000000001,0.12,0.43
env_tight_fixedrisk,REINFORCE:seed7,REINFORCE,1085,75.01239999999999,0.12,0.38
env_tight_fixedrisk,REINFORCE:seed7,REINFORCE,1086,81.3948,0.16,0.39
env_tight_fixedrisk,REINFORCE:seed7,REINFORCE,1087,75.7772,0.11,0.4
env_tight_fixedrisk,REINFORCE:seed7,REINFORCE,1088,90.2882,0.16,0.39
env_tight_fixedrisk,REINFORCE:seed7,REINFORCE,1089,110.85519999999998,0.16,0.39
env_tight_fixedrisk,REINFORCE:seed7,REINFORCE,1090,106.62220000000002,0.13,0.47
env_tight_fixedrisk,REINFORCE:seed7,REINFORCE,1091,84.34619999999998,0.13,0.37
env_tight_fixedrisk,REINFORCE:seed7,REINFORCE,1092,113.894,0.12,0.4
env_tight_fixedrisk,REINFORCE:seed7,REINFORCE,1093,98.9264,0.13,0.39
env_tight_fixedrisk,REINFORCE:seed7,REINFORCE,1094,68.28920000000001,0.13,0.39
env_tight_fixedrisk,REINFORCE:seed7,REINFORCE,1095,96.68699999999995,0.17,0.43
env_tight_fixedrisk,REINFORCE:seed7,REINFORCE,1096,102.39999999999999,0.11,0.41
env_tight_fixedrisk,REINFORCE:seed7,REINFORCE,1097,104.3184,0.14,0.42
env_tight_fixedrisk,REINFORCE:seed7,REINFORCE,1098,99.43440000000001,0.11,0.39
env_tight_fixedrisk,REINFORCE:seed7,REINFORCE,1099,80.87280000000004,0.14,0.42
env_tight_fixedrisk,REINFORCE:seed7,REINFORCE,1100,138.00400000000002,0.1,0.47
env_tight_fixedrisk,REINFORCE:seed7,REINFORCE,1101,86.69820000000004,0.12,0.46
env_tight_fixedrisk,REINFORCE:seed7,REINFORCE,1102,68.40239999999999,0.14,0.4
env_tight_fixedrisk,REINFORCE:seed7,REINFORCE,1103,100.1326,0.11,0.43
env_tight_fixedrisk,REINFORCE:seed7,REINFORCE,1104,93.58299999999994,0.15,0.45
env_tight_fixedrisk,REINFORCE:seed7,REINFORCE,1105,89.59280000000001,0.16,0.41
env_tight_fixedrisk,REINFORCE:seed7,REINFORCE,1106,100.1702,0.11,0.46
env_tight_fixedrisk,REINFORCE:seed7,REINFORCE,1107,87.19620000000002,0.14,0.43
env_tight_fixedrisk,REINFORCE:seed7,REINFORCE,1108,94.48779999999998,0.16,0.42
env_tight_fixedrisk,REINFORCE:seed7,REINFORCE,1109,91.38559999999995,0.07,0.44
env_tight_fixedrisk,REINFORCE:seed7,REINFORCE,1110,95.94659999999999,0.06,0.43
env_tight_fixedrisk,REINFORCE:seed7,REINFORCE,1111,90.17659999999998,0.16,0.4
env_tight_fixedrisk,REINFORCE:seed7,REINFORCE,1112,63.45040000000003,0.14,0.38
env_tight_fixedrisk,REINFORCE:seed7,REINFORCE,1113,87.41,0.12,0.41
env_tight_fixedrisk,REINFORCE:seed7,REINFORCE,1114,107.93739999999997,0.08,0.41
env_tight_fixedrisk,REINFORCE:seed7,REINFORCE,1115,95.36479999999999,0.14,0.42
env_tight_fixedrisk,REINFORCE:seed7,REINFORCE,1116,82.12,0.13,0.41
env_tight_fixedrisk,REINFORCE:seed7,REINFORCE,1117,93.80199999999998,0.06,0.45
env_tight_fixedrisk,REINFORCE:seed7,REINFORCE,1118,100.20259999999999,0.15,0.42
env_tight_fixedrisk,REINFORCE:seed7,REINFORCE,1119,83.5702,0.2,0.38
env_tight_fixedrisk,REINFORCE:seed7,REINFORCE,1120,55.30500000000001,0.16,0.35
env_tight_fixedrisk,REINFORCE:seed7,REINFORCE,1121,105.13740000000001,0.15,0.43
env_tight_fixedrisk,REINFORCE:seed7,REINFORCE,1122,99.42159999999997,0.11,0.45
env_tight_fixedrisk,REINFORCE:seed7,REINFORCE,1123,96.88760000000003,0.19,0.43
env_tight_fixedrisk,REINFORCE:seed7,REINFORCE,1124,94.43779999999998,0.14,0.43
env_tight_fixedrisk,REINFORCE:seed7,REINFORCE,1125,89.59280000000001,0.17,0.42
env_tight_fixedrisk,REINFORCE:seed7,REINFORCE,1126,98.20859999999999,0.13,0.39
env_tight_fixedrisk,REINFORCE:seed7,REINFORCE,1127,81.80159999999995,0.12,0.43
env_tight_fixedrisk,REINFORCE:seed7,REINFORCE,1128,96.5712,0.08,0.42
env_tight_fixedrisk,REINFORCE:seed7,REINFORCE,1129,75.22919999999999,0.16,0.38
env_tight_fixedrisk,REINFORCE:seed7,REINFORCE,1130,72.12779999999998,0.17,0.37
env_tight_fixedrisk,REINFORCE:seed7,REINFORCE,1131,134.16240000000002,0.09,0.44
env_tight_fixedrisk,REINFORCE:seed7,REINFORCE,1132,99.6858,0.1,0.4
env_tight_fixedrisk,REINFORCE:seed7,REINFORCE,1133,88.56879999999998,0.14,0.37
env_tight_fixedrisk,REINFORCE:seed7,REINFORCE,1134,132.9658,0.14,0.45
env_tight_fixedrisk,REINFORCE:seed7,REINFORCE,1135,92.4494,0.15,0.4
env_tight_fixedrisk,REINFORCE:seed7,REINFORCE,1136,101.54839999999996,0.16,0.47
env_tight_fixedrisk,REINFORCE:seed7,REINFORCE,1137,91.51779999999998,0.12,0.41
env_tight_fixedrisk,REINFORCE:seed7,REINFORCE,1138,89.72220000000002,0.13,0.42
env_tight_fixedrisk,REINFORCE:seed7,REINFORCE,1139,87.67499999999995,0.1,0.41
env_tight_fixedrisk,REINFORCE:seed7,REINFORCE,1140,59.038200000000046,0.12,0.42
env_tight_fixedrisk,REINFORCE:seed7,REINFORCE,1141,77.9262,0.15,0.37
env_tight_fixedrisk,REINFORCE:seed7,REINFORCE,1142,62.78219999999996,0.17,0.39
env_tight_fixedrisk,REINFORCE:seed7,REINFORCE,1143,64.3376,0.14,0.4
env_tight_fixedrisk,REINFORCE:seed7,REINFORCE,1144,67.89500000000001,0.09,0.42
env_tight_fixedrisk,REINFORCE:seed7,REINFORCE,1145,123.98039999999997,0.14,0.45
env_tight_fixedrisk,REINFORCE:seed7,REINFORCE,1146,95.54740000000001,0.1,0.41
env_tight_fixedrisk,REINFORCE:seed7,REINFORCE,1147,105.3546,0.14,0.39
env_tight_fixedrisk,REINFORCE:seed7,REINFORCE,1148,103.94440000000006,0.06,0.46
env_tight_fixedrisk,REINFORCE:seed7,REINFORCE,1149,91.69560000000004,0.12,0.43
env_tight_fixedrisk,REINFORCE:seed7,REINFORCE,1150,101.36559999999996,0.09,0.46
env_tight_fixedrisk,REINFORCE:seed7,REINFORCE,1151,100.60920000000003,0.14,0.39
env_tight_fixedrisk,REINFORCE:seed7,REINFORCE,1152,88.10979999999998,0.18,0.42
env_tight_fixedrisk,REINFORCE:seed7,REINFORCE,1153,73.9356,0.17,0.38
env_tight_fixedrisk,REINFORCE:seed7,REINFORCE,1154,76.5744,0.13,0.44
env_tight_fixedrisk,REINFORCE:seed7,REINFORCE,1155,129.79500000000002,0.18,0.45
env_tight_fixedrisk,REINFORCE:seed7,REINFORCE,1156,103.22419999999997,0.09,0.44
env_tight_fixedrisk,REINFORCE:seed7,REINFORCE,1157,91.82360000000008,0.06,0.45
env_tight_fixedrisk,REINFORCE:seed7,REINFORCE,1158,54.00039999999997,0.16,0.39
env_tight_fixedrisk,REINFORCE:seed7,REINFORCE,1159,92.85500000000002,0.17,0.4
env_tight_fixedrisk,REINFORCE:seed7,REINFORCE,1160,144.0996,0.02,0.5
env_tight_fixedrisk,REINFORCE:seed7,REINFORCE,1161,96.2128,0.09,0.41
env_tight_fixedrisk,REINFORCE:seed7,REINFORCE,1162,53.73760000000004,0.18,0.36
env_tight_fixedrisk,REINFORCE:seed7,REINFORCE,1163,89.94280000000002,0.11,0.38
env_tight_fixedrisk,REINFORCE:seed7,REINFORCE,1164,60.12020000000004,0.15,0.42
env_tight_fixedrisk,REINFORCE:seed7,REINFORCE,1165,105.19899999999998,0.06,0.44
env_tight_fixedrisk,REINFORCE:seed7,REINFORCE,1166,89.35760000000002,0.16,0.37
env_tight_fixedrisk,REINFORCE:seed7,REINFORCE,1167,91.52140000000001,0.22,0.39
env_tight_fixedrisk,REINFORCE:seed7,REINFORCE,1168,83.8272,0.12,0.43
env_tight_fixedrisk,REINFORCE:seed7,REINFORCE,1169,103.47920000000002,0.14,0.42
env_tight_fixedrisk,REINFORCE:seed7,REINFORCE,1170,102.47139999999999,0.14,0.4
env_tight_fixedrisk,REINFORCE:seed7,REINFORCE,1171,93.79520000000002,0.17,0.43
env_tight_fixedrisk,REINFORCE:seed7,REINFORCE,1172,70.25160000000001,0.2,0.4
env_tight_fixedrisk,REINFORCE:seed7,REINFORCE,1173,104.732,0.16,0.45
env_tight_fixedrisk,REINFORCE:seed7,REINFORCE,1174,104.42539999999998,0.15,0.44
env_tight_fixedrisk,REINFORCE:seed7,REINFORCE,1175,80.9252,0.13,0.4
env_tight_fixedrisk,REINFORCE:seed7,REINFORCE,1176,73.70420000000003,0.13,0.39
env_tight_fixedrisk,REINFORCE:seed7,REINFORCE,1177,103.9114,0.1,0.42
env_tight_fixedrisk,REINFORCE:seed7,REINFORCE,1178,98.17099999999998,0.08,0.39
env_tight_fixedrisk,REINFORCE:seed7,REINFORCE,1179,104.60239999999999,0.1,0.41
env_tight_fixedrisk,REINFORCE:seed7,REINFORCE,1180,122.24080000000001,0.09,0.48
env_tight_fixedrisk,REINFORCE:seed7,REINFORCE,1181,86.68020000000001,0.17,0.4
env_tight_fixedrisk,REINFORCE:seed7,REINFORCE,1182,88.0034,0.13,0.39
env_tight_fixedrisk,REINFORCE:seed7,REINFORCE,1183,79.28020000000001,0.15,0.4
env_tight_fixedrisk,REINFORCE:seed7,REINFORCE,1184,81.78699999999999,0.09,0.45
env_tight_fixedrisk,REINFORCE:seed7,REINFORCE,1185,51.028600000000026,0.14,0.39
env_tight_fixedrisk,REINFORCE:seed7,REINFORCE,1186,103.44960000000003,0.09,0.44
env_tight_fixedrisk,REINFORCE:seed7,REINFORCE,1187,93.8264,0.17,0.39
env_tight_fixedrisk,REINFORCE:seed7,REINFORCE,1188,82.11900000000001,0.15,0.4
env_tight_fixedrisk,REINFORCE:seed7,REINFORCE,1189,90.66419999999997,0.16,0.38
env_tight_fixedrisk,REINFORCE:seed7,REINFORCE,1190,33.206400000000016,0.19,0.31
env_tight_fixedrisk,REINFORCE:seed7,REINFORCE,1191,83.92399999999998,0.14,0.41
env_tight_fixedrisk,REINFORCE:seed7,REINFORCE,1192,98.378,0.12,0.41
env_tight_fixedrisk,REINFORCE:seed7,REINFORCE,1193,83.21940000000002,0.05,0.47
env_tight_fixedrisk,REINFORCE:seed7,REINFORCE,1194,83.75520000000006,0.13,0.45
env_tight_fixedrisk,REINFORCE:seed7,REINFORCE,1195,77.27699999999999,0.15,0.39
env_tight_fixedrisk,REINFORCE:seed7,REINFORCE,1196,106.79820000000001,0.18,0.4
env_tight_fixedrisk,REINFORCE:seed7,REINFORCE,1197,70.58060000000003,0.15,0.41
env_tight_fixedrisk,REINFORCE:seed7,REINFORCE,1198,93.03739999999996,0.16,0.41
env_tight_fixedrisk,REINFORCE:seed7,REINFORCE,1199,100.05800000000002,0.13,0.46
env_tight_fixedrisk,REINFORCE:seed7,REINFORCE,1200,90.3754,0.2,0.39
env_tight_fixedrisk,REINFORCE:seed7,REINFORCE,1201,76.27539999999999,0.12,0.45
env_tight_fixedrisk,REINFORCE:seed7,REINFORCE,1202,116.00300000000001,0.17,0.44
env_tight_fixedrisk,REINFORCE:seed7,REINFORCE,1203,103.34460000000001,0.15,0.42
env_tight_fixedrisk,REINFORCE:seed7,REINFORCE,1204,68.8768,0.13,0.4
env_tight_fixedrisk,REINFORCE:seed7,REINFORCE,1205,120.28539999999998,0.04,0.49
env_tight_fixedrisk,REINFORCE:seed7,REINFORCE,1206,70.6858,0.17,0.41
env_tight_fixedrisk,REINFORCE:seed7,REINFORCE,1207,113.60660000000003,0.1,0.45
env_tight_fixedrisk,REINFORCE:seed7,REINFORCE,1208,120.8142,0.11,0.44
env_tight_fixedrisk,REINFORCE:seed7,REINFORCE,1209,84.8902,0.09,0.43
env_tight_fixedrisk,REINFORCE:seed7,REINFORCE,1210,104.54560000000001,0.09,0.43
env_tight_fixedrisk,REINFORCE:seed7,REINFORCE,1211,109.47800000000001,0.11,0.43
env_tight_fixedrisk,REINFORCE:seed7,REINFORCE,1212,79.23060000000002,0.13,0.41
env_tight_fixedrisk,REINFORCE:seed7,REINFORCE,1213,116.5506,0.14,0.42
env_tight_fixedrisk,REINFORCE:seed7,REINFORCE,1214,102.22,0.13,0.42
env_tight_fixedrisk,REINFORCE:seed7,REINFORCE,1215,123.01079999999996,0.1,0.45
env_tight_fixedrisk,REINFORCE:seed7,REINFORCE,1216,90.4732,0.08,0.5
env_tight_fixedrisk,REINFORCE:seed7,REINFORCE,1217,108.87399999999997,0.11,0.44
env_tight_fixedrisk,REINFORCE:seed7,REINFORCE,1218,100.976,0.23,0.41
env_tight_fixedrisk,REINFORCE:seed7,REINFORCE,1219,78.91580000000002,0.22,0.38
env_tight_fixedrisk,REINFORCE:seed7,REINFORCE,1220,95.95860000000002,0.11,0.42
env_tight_fixedrisk,REINFORCE:seed7,REINFORCE,1221,52.16419999999994,0.14,0.39
env_tight_fixedrisk,REINFORCE:seed7,REINFORCE,1222,115.34220000000002,0.14,0.42
env_tight_fixedrisk,REINFORCE:seed7,REINFORCE,1223,81.01919999999998,0.1,0.42
env_tight_fixedrisk,REINFORCE:seed7,REINFORCE,1224,100.30920000000003,0.08,0.46
env_tight_fixedrisk,REINFORCE:seed7,REINFORCE,1225,53.842399999999955,0.18,0.38
env_tight_fixedrisk,REINFORCE:seed7,REINFORCE,1226,92.90020000000003,0.16,0.37
env_tight_fixedrisk,REINFORCE:seed7,REINFORCE,1227,99.88920000000002,0.16,0.41
env_tight_fixedrisk,REINFORCE:seed7,REINFORCE,1228,90.256,0.09,0.45
env_tight_fixedrisk,REINFORCE:seed7,REINFORCE,1229,71.1908,0.15,0.42
env_tight_fixedrisk,REINFORCE:seed7,REINFORCE,1230,65.45100000000002,0.2,0.38
env_tight_fixedrisk,REINFORCE:seed7,REINFORCE,1231,52.567400000000006,0.16,0.36
env_tight_fixedrisk,REINFORCE:seed7,REINFORCE,1232,124.767,0.12,0.44
env_tight_fixedrisk,REINFORCE:seed7,REINFORCE,1233,101.12920000000008,0.08,0.44
env_tight_fixedrisk,REINFORCE:seed7,REINFORCE,1234,74.78619999999998,0.14,0.37
env_tight_fixedrisk,REINFORCE:seed7,REINFORCE,1235,80.72919999999999,0.14,0.38
env_tight_fixedrisk,REINFORCE:seed7,REINFORCE,1236,114.37580000000001,0.07,0.43
env_tight_fixedrisk,REINFORCE:seed7,REINFORCE,1237,87.51120000000004,0.14,0.42
env_tight_fixedrisk,REINFORCE:seed7,REINFORCE,1238,63.02160000000001,0.14,0.37
env_tight_fixedrisk,REINFORCE:seed7,REINFORCE,1239,104.3116,0.09,0.43
env_tight_fixedrisk,REINFORCE:seed7,REINFORCE,1240,93.24040000000002,0.11,0.45
env_tight_fixedrisk,REINFORCE:seed7,REINFORCE,1241,83.89399999999996,0.11,0.41
env_tight_fixedrisk,REINFORCE:seed7,REINFORCE,1242,71.80839999999996,0.14,0.4
env_tight_fixedrisk,REINFORCE:seed7,REINFORCE,1243,84.85779999999997,0.08,0.46
env_tight_fixedrisk,REINFORCE:seed7,REINFORCE,1244,73.00880000000004,0.17,0.43
env_tight_fixedrisk,REINFORCE:seed7,REINFORCE,1245,125.8888,0.07,0.41
env_tight_fixedrisk,REINFORCE:seed7,REINFORCE,1246,122.3664,0.07,0.44
env_tight_fixedrisk,REINFORCE:seed7,REINFORCE,1247,104.46719999999999,0.08,0.46
env_tight_fixedrisk,REINFORCE:seed7,REINFORCE,1248,103.94879999999996,0.1,0.42
env_tight_fixedrisk,REINFORCE:seed7,REINFORCE,1249,95.84760000000003,0.15,0.43
env_tight_fixedrisk,REINFORCE:seed11,REINFORCE,1000,121.40020000000001,0.08,0.45
env_tight_fixedrisk,REINFORCE:seed11,REINFORCE,1001,71.09239999999998,0.11,0.38
env_tight_fixedrisk,REINFORCE:seed11,REINFORCE,1002,93.14219999999999,0.15,0.39
env_tight_fixedrisk,REINFORCE:seed11,REINFORCE,1003,85.55159999999995,0.11,0.44
env_tight_fixedrisk,REINFORCE:seed11,REINFORCE,1004,90.2072,0.15,0.39
env_tight_fixedrisk,REINFORCE:seed11,REINFORCE,1005,111.9342,0.11,0.44
env_tight_fixedrisk,REINFORCE:seed11,REINFORCE,1006,93.9132,0.12,0.44
env_tight_fixedrisk,REINFORCE:seed11,REINFORCE,1007,101.95580000000001,0.14,0.41
env_tight_fixedrisk,REINFORCE:seed11,REINFORCE,1008,98.89839999999997,0.11,0.45
env_tight_fixedrisk,REINFORCE:seed11,REINFORCE,1009,77.82039999999996,0.14,0.41
env_tight_fixedrisk,REINFORCE:seed11,REINFORCE,1010,116.7072,0.14,0.43
env_tight_fixedrisk,REINFORCE:seed11,REINFORCE,1011,82.7302,0.14,0.39
env_tight_fixedrisk,REINFORCE:seed11,REINFORCE,1012,68.47600000000003,0.11,0.42
env_tight_fixedrisk,REINFORCE:seed11,REINFORCE,1013,125.67660000000001,0.05,0.44
env_tight_fixedrisk,REINFORCE:seed11,REINFORCE,1014,32.23739999999998,0.23,0.35
env_tight_fixedrisk,REINFORCE:seed11,REINFORCE,1015,72.61640000000003,0.16,0.38
env_tight_fixedrisk,REINFORCE:seed11,REINFORCE,1016,67.0966,0.09,0.42
env_tight_fixedrisk,REINFORCE:seed11,REINFORCE,1017,89.44180000000001,0.15,0.44
env_tight_fixedrisk,REINFORCE:seed11,REINFORCE,1018,90.68580000000003,0.07,0.45
env_tight_fixedrisk,REINFORCE:seed11,REINFORCE,1019,83.60540000000002,0.15,0.38
env_tight_fixedrisk,REINFORCE:seed11,REINFORCE,1020,49.00319999999998,0.2,0.32
env_tight_fixedrisk,REINFORCE:seed11,REINFORCE,1021,66.22660000000003,0.13,0.39
env_tight_fixedrisk,REINFORCE:seed11,REINFORCE,1022,118.5532,0.13,0.45
env_tight_fixedrisk,REINFORCE:seed11,REINFORCE,1023,98.4118,0.16,0.41
env_tight_fixedrisk,REINFORCE:seed11,REINFORCE,1024,85.41719999999998,0.14,0.4
env_tight_fixedrisk,REINFORCE:seed11,REINFORCE,1025,116.32819999999998,0.14,0.45
env_tight_fixedrisk,REINFORCE:seed11,REINFORCE,1026,124.02700000000002,0.09,0.46
env_tight_fixedrisk,REINFORCE:seed11,REINFORCE,1027,88.24379999999996,0.18,0.44
env_tight_fixedrisk,REINFORCE:seed11,REINFORCE,1028,56.99899999999997,0.21,0.38
env_tight_fixedrisk,REINFORCE:seed11,REINFORCE,1029,100.5224,0.11,0.42
env_tight_fixedrisk,REINFORCE:seed11,REINFORCE,1030,56.810199999999924,0.15,0.41
env_tight_fixedrisk,REINFORCE:seed11,REINFORCE,1031,104.74199999999998,0.13,0.41
env_tight_fixedrisk,REINFORCE:seed11,REINFORCE,1032,81.15999999999998,0.17,0.36
env_tight_fixedrisk,REINFORCE:seed11,REINFORCE,1033,84.25299999999999,0.17,0.39
env_tight_fixedrisk,REINFORCE:seed11,REINFORCE,1034,101.59320000000002,0.14,0.44
env_tight_fixedrisk,REINFORCE:seed11,REINFORCE,1035,104.44720000000001,0.12,0.39
env_tight_fixedrisk,REINFORCE:seed11,REINFORCE,1036,112.36900000000003,0.09,0.45
env_tight_fixedrisk,REINFORCE:seed11,REINFORCE,1037,109.0444,0.1,0.41
env_tight_fixedrisk,REINFORCE:seed11,REINFORCE,1038,98.98360000000002,0.11,0.4
env_tight_fixedrisk,REINFORCE:seed11,REINFORCE,1039,83.06219999999998,0.15,0.38
env_tight_fixedrisk,REINFORCE:seed11,REINFORCE,1040,79.25200000000001,0.13,0.38
env_tight_fixedrisk,REINFORCE:seed11,REINFORCE,1041,105.4738,0.12,0.42
env_tight_fixedrisk,REINFORCE:seed11,REINFORCE,1042,96.69659999999999,0.09,0.39
env_tight_fixedrisk,REINFORCE:seed11,REINFORCE,1043,106.08359999999998,0.12,0.44
env_tight_fixedrisk,REINFORCE:seed11,REINFORCE,1044,102.57579999999999,0.13,0.43
env_tight_fixedrisk,REINFORCE:seed11,REINFORCE,1045,136.7768,0.08,0.51
env_tight_fixedrisk,REINFORCE:seed11,REINFORCE,1046,146.6076,0.08,0.48
env_tight_fixedrisk,REINFORCE:seed11,REINFORCE,1047,95.78540000000002,0.09,0.45
env_tight_fixedrisk,REINFORCE:seed11,REINFORCE,1048,64.58239999999995,0.12,0.4
env_tight_fixedrisk,REINFORCE:seed11,REINFORCE,1049,72.65899999999999,0.15,0.41
env_tight_fixedrisk,REINFORCE:seed11,REINFORCE,1050,96.94399999999997,0.14,0.42
env_tight_fixedrisk,REINFORCE:seed11,REINFORCE,1051,107.3298,0.11,0.42
env_tight_fixedrisk,REINFORCE:seed11,REINFORCE,1052,79.28320000000002,0.1,0.41
env_tight_fixedrisk,REINFORCE:seed11,REINFORCE,1053,76.30320000000006,0.12,0.43
env_tight_fixedrisk,REINFORCE:seed11,REINFORCE,1054,80.37620000000001,0.14,0.39
env_tight_fixedrisk,REINFORCE:seed11,REINFORCE,1055,102.9214,0.1,0.43
env_tight_fixedrisk,REINFORCE:seed11,REINFORCE,1056,101.482,0.18,0.42
env_tight_fixedrisk,REINFORCE:seed11,REINFORCE,1057,102.04639999999998,0.11,0.44
env_tight_fixedrisk,REINFORCE:seed11,REINFORCE,1058,96.70080000000002,0.13,0.41
env_tight_fixedrisk,REINFORCE:seed11,REINFORCE,1059,64.84640000000003,0.12,0.4
env_tight_fixedrisk,REINFORCE:seed11,REINFORCE,1060,108.12060000000002,0.09,0.45
env_tight_fixedrisk,REINFORCE:seed11,REINFORCE,1061,95.4796,0.06,0.45
env_tight_fixedrisk,REINFORCE:seed11,REINFORCE,1062,58.81620000000001,0.16,0.41
env_tight_fixedrisk,REINFORCE:seed11,REINFORCE,1063,74.56299999999999,0.13,0.39
env_tight_fixedrisk,REINFORCE:seed11,REINFORCE,1064,79.8828,0.08,0.43
env_tight_fixedrisk,REINFORCE:seed11,REINFORCE,1065,119.98079999999999,0.1,0.47
env_tight_fixedrisk,REINFORCE:seed11,REINFORCE,1066,117.1934,0.09,0.44
env_tight_fixedrisk,REINFORCE:seed11,REINFORCE,1067,47.35920000000003,0.13,0.41
env_tight_fixedrisk,REINFORCE:seed11,REINFORCE,1068,69.59060000000004,0.11,0.4
env_tight_fixedrisk,REINFORCE:seed11,REINFORCE,1069,71.22799999999998,0.14,0.39
env_tight_fixedrisk,REINFORCE:seed11,REINFORCE,1070,102.07240000000002,0.13,0.43
env_tight_fixedrisk,REINFORCE:seed11,REINFORCE,1071,110.89040000000001,0.16,0.43
env_tight_fixedrisk,REINFORCE:seed11,REINFORCE,1072,59.6836,0.1,0.42
env_tight_fixedrisk,REINFORCE:seed11,REINFORCE,1073,70.11120000000005,0.14,0.41
env_tight_fixedrisk,REINFORCE:seed11,REINFORCE,1074,63.153399999999976,0.12,0.41
env_tight_fixedrisk,REINFORCE:seed11,REINFORCE,1075,102.607,0.14,0.45
env_tight_fixedrisk,REINFORCE:seed11,REINFORCE,1076,50.39680000000003,0.19,0.36
env_tight_fixedrisk,REINFORCE:seed11,REINFORCE,1077,106.79620000000003,0.13,0.42
env_tight_fixedrisk,REINFORCE:seed11,REINFORCE,1078,125.9964,0.11,0.44
env_tight_fixedrisk,REINFORCE:seed11,REINFORCE,1079,67.32399999999998,0.15,0.39
env_tight_fixedrisk,REINFORCE:seed11,REINFORCE,1080,113.33379999999998,0.14,0.42
env_tight_fixedrisk,REINFORCE:seed11,REINFORCE,1081,83.713,0.13,0.45
env_tight_fixedrisk,REINFORCE:seed11,REINFORCE,1082,71.32320000000001,0.16,0.43
env_tight_fixedrisk,REINFORCE:seed11,REINFORCE,1083,110.369,0.07,0.44
env_tight_fixedrisk,REINFORCE:seed11,REINFORCE,1084,106.26320000000001,0.12,0.43
env_tight_fixedrisk,REINFORCE:seed11,REINFORCE,1085,75.01239999999999,0.12,0.38
env_tight_fixedrisk,REINFORCE:seed11,REINFORCE,1086,81.3948,0.16,0.39
env_tight_fixedrisk,REINFORCE:seed11,REINFORCE,1087,75.7772,0.11,0.4
env_tight_fixedrisk,REINFORCE:seed11,REINFORCE,1088,90.2882,0.16,0.39
env_tight_fixedrisk,REINFORCE:seed11,REINFORCE,1089,110.85519999999998,0.16,0.39
env_tight_fixedrisk,REINFORCE:seed11,REINFORCE,1090,106.62220000000002,0.13,0.47
env_tight_fixedrisk,REINFORCE:seed11,REINFORCE,1091,84.34619999999998,0.13,0.37
env_tight_fixedrisk,REINFORCE:seed11,REINFORCE,1092,113.894,0.12,0.4
env_tight_fixedrisk,REINFORCE:seed11,REINFORCE,1093,98.9264,0.13,0.39
env_tight_fixedrisk,REINFORCE:seed11,REINFORCE,1094,68.28920000000001,0.13,0.39
env_tight_fixedrisk,REINFORCE:seed11,REINFORCE,1095,96.68699999999995,0.17,0.43
env_tight_fixedrisk,REINFORCE:seed11,REINFORCE,1096,102.39999999999999,0.11,0.41
env_tight_fixedrisk,REINFORCE:seed11,REINFORCE,1097,104.3184,0.14,0.42
env_tight_fixedrisk,REINFORCE:seed11,REINFORCE,1098,99.43440000000001,0.11,0.39
env_tight_fixedrisk,REINFORCE:seed11,REINFORCE,1099,80.87280000000004,0.14,0.42
env_tight_fixedrisk,REINFORCE:seed11,REINFORCE,1100,138.00400000000002,0.1,0.47
env_tight_fixedrisk,REINFORCE:seed11,REINFORCE,1101,86.69820000000004,0.12,0.46
env_tight_fixedrisk,REINFORCE:seed11,REINFORCE,1102,68.40239999999999,0.14,0.4
env_tight_fixedrisk,REINFORCE:seed11,REINFORCE,1103,100.1326,0.11,0.43
env_tight_fixedrisk,REINFORCE:seed11,REINFORCE,1104,93.58299999999994,0.15,0.45
env_tight_fixedrisk,REINFORCE:seed11,REINFORCE,1105,89.59280000000001,0.16,0.41
env_tight_fixedrisk,REINFORCE:seed11,REINFORCE,1106,100.1702,0.11,0.46
env_tight_fixedrisk,REINFORCE:seed11,REINFORCE,1107,87.19620000000002,0.14,0.43
env_tight_fixedrisk,REINFORCE:seed11,REINFORCE,1108,94.48779999999998,0.16,0.42
env_tight_fixedrisk,REINFORCE:seed11,REINFORCE,1109,91.38559999999995,0.07,0.44
env_tight_fixedrisk,REINFORCE:seed11,REINFORCE,1110,95.94659999999999,0.06,0.43
env_tight_fixedrisk,REINFORCE:seed11,REINFORCE,1111,90.17659999999998,0.16,0.4
env_tight_fixedrisk,REINFORCE:seed11,REINFORCE,1112,63.45040000000003,0.14,0.38
env_tight_fixedrisk,REINFORCE:seed11,REINFORCE,1113,87.41,0.12,0.41
env_tight_fixedrisk,REINFORCE:seed11,REINFORCE,1114,107.93739999999997,0.08,0.41
env_tight_fixedrisk,REINFORCE:seed11,REINFORCE,1115,95.36479999999999,0.14,0.42
env_tight_fixedrisk,REINFORCE:seed11,REINFORCE,1116,82.12,0.13,0.41
env_tight_fixedrisk,REINFORCE:seed11,REINFORCE,1117,93.80199999999998,0.06,0.45
env_tight_fixedrisk,REINFORCE:seed11,REINFORCE,1118,100.20259999999999,0.15,0.42
env_tight_fixedrisk,REINFORCE:seed11,REINFORCE,1119,83.5702,0.2,0.38
env_tight_fixedrisk,REINFORCE:seed11,REINFORCE,1120,55.30500000000001,0.16,0.35
env_tight_fixedrisk,REINFORCE:seed11,REINFORCE,1121,105.13740000000001,0.15,0.43
env_tight_fixedrisk,REINFORCE:seed11,REINFORCE,1122,99.42159999999997,0.11,0.45
env_tight_fixedrisk,REINFORCE:seed11,REINFORCE,1123,96.88760000000003,0.19,0.43
env_tight_fixedrisk,REINFORCE:seed11,REINFORCE,1124,94.43779999999998,0.14,0.43
env_tight_fixedrisk,REINFORCE:seed11,REINFORCE,1125,89.59280000000001,0.17,0.42
env_tight_fixedrisk,REINFORCE:seed11,REINFORCE,1126,98.20859999999999,0.13,0.39
env_tight_fixedrisk,REINFORCE:seed11,REINFORCE,1127,81.80159999999995,0.12,0.43
env_tight_fixedrisk,REINFORCE:seed11,REINFORCE,1128,96.5712,0.08,0.42
env_tight_fixedrisk,REINFORCE:seed11,REINFORCE,1129,75.22919999999999,0.16,0.38
env_tight_fixedrisk,REINFORCE:seed11,REINFORCE,1130,72.12779999999998,0.17,0.37
env_tight_fixedrisk,REINFORCE:seed11,REINFORCE,1131,134.16240000000002,0.09,0.44
env_tight_fixedrisk,REINFORCE:seed11,REINFORCE,1132,99.6858,0.1,0.4
env_tight_fixedrisk,REINFORCE:seed11,REINFORCE,1133,88.56879999999998,0.14,0.37
env_tight_fixedrisk,REINFORCE:seed11,REINFORCE,1134,132.9658,0.14,0.45
env_tight_fixedrisk,REINFORCE:seed11,REINFORCE,1135,92.4494,0.15,0.4
env_tight_fixedrisk,REINFORCE:seed11,REINFORCE,1136,101.54839999999996,0.16,0.47
env_tight_fixedrisk,REINFORCE:seed11,REINFORCE,1137,91.51779999999998,0.12,0.41
env_tight_fixedrisk,REINFORCE:seed11,REINFORCE,1138,89.72220000000002,0.13,0.42
env_tight_fixedrisk,REINFORCE:seed11,REINFORCE,1139,87.67499999999995,0.1,0.41
env_tight_fixedrisk,REINFORCE:seed11,REINFORCE,1140,59.038200000000046,0.12,0.42
env_tight_fixedrisk,REINFORCE:seed11,REINFORCE,1141,77.9262,0.15,0.37
env_tight_fixedrisk,REINFORCE:seed11,REINFORCE,1142,62.78219999999996,0.17,0.39
env_tight_fixedrisk,REINFORCE:seed11,REINFORCE,1143,64.3376,0.14,0.4
env_tight_fixedrisk,REINFORCE:seed11,REINFORCE,1144,67.89500000000001,0.09,0.42
env_tight_fixedrisk,REINFORCE:seed11,REINFORCE,1145,123.98039999999997,0.14,0.45
env_tight_fixedrisk,REINFORCE:seed11,REINFORCE,1146,95.54740000000001,0.1,0.41
env_tight_fixedrisk,REINFORCE:seed11,REINFORCE,1147,105.3546,0.14,0.39
env_tight_fixedrisk,REINFORCE:seed11,REINFORCE,1148,103.94440000000006,0.06,0.46
env_tight_fixedrisk,REINFORCE:seed11,REINFORCE,1149,91.69560000000004,0.12,0.43
env_tight_fixedrisk,REINFORCE:seed11,REINFORCE,1150,101.36559999999996,0.09,0.46
env_tight_fixedrisk,REINFORCE:seed11,REINFORCE,1151,100.60920000000003,0.14,0.39
env_tight_fixedrisk,REINFORCE:seed11,REINFORCE,1152,88.10979999999998,0.18,0.42
env_tight_fixedrisk,REINFORCE:seed11,REINFORCE,1153,73.9356,0.17,0.38
env_tight_fixedrisk,REINFORCE:seed11,REINFORCE,1154,76.5744,0.13,0.44
env_tight_fixedrisk,REINFORCE:seed11,REINFORCE,1155,129.79500000000002,0.18,0.45
env_tight_fixedrisk,REINFORCE:seed11,REINFORCE,1156,103.22419999999997,0.09,0.44
env_tight_fixedrisk,REINFORCE:seed11,REINFORCE,1157,91.82360000000008,0.06,0.45
env_tight_fixedrisk,REINFORCE:seed11,REINFORCE,1158,54.00039999999997,0.16,0.39
env_tight_fixedrisk,REINFORCE:seed11,REINFORCE,1159,92.85500000000002,0.17,0.4
env_tight_fixedrisk,REINFORCE:seed11,REINFORCE,1160,144.0996,0.02,0.5
env_tight_fixedrisk,REINFORCE:seed11,REINFORCE,1161,96.2128,0.09,0.41
env_tight_fixedrisk,REINFORCE:seed11,REINFORCE,1162,53.73760000000004,0.18,0.36
env_tight_fixedrisk,REINFORCE:seed11,REINFORCE,1163,89.94280000000002,0.11,0.38
env_tight_fixedrisk,REINFORCE:seed11,REINFORCE,1164,60.12020000000004,0.15,0.42
env_tight_fixedrisk,REINFORCE:seed11,REINFORCE,1165,105.19899999999998,0.06,0.44
env_tight_fixedrisk,REINFORCE:seed11,REINFORCE,1166,89.35760000000002,0.16,0.37
env_tight_fixedrisk,REINFORCE:seed11,REINFORCE,1167,91.52140000000001,0.22,0.39
env_tight_fixedrisk,REINFORCE:seed11,REINFORCE,1168,83.8272,0.12,0.43
env_tight_fixedrisk,REINFORCE:seed11,REINFORCE,1169,103.47920000000002,0.14,0.42
env_tight_fixedrisk,REINFORCE:seed11,REINFORCE,1170,102.47139999999999,0.14,0.4
env_tight_fixedrisk,REINFORCE:seed11,REINFORCE,1171,93.79520000000002,0.17,0.43
env_tight_fixedrisk,REINFORCE:seed11,REINFORCE,1172,70.25160000000001,0.2,0.4
env_tight_fixedrisk,REINFORCE:seed11,REINFORCE,1173,104.732,0.16,0.45
env_tight_fixedrisk,REINFORCE:seed11,REINFORCE,1174,104.42539999999998,0.15,0.44
env_tight_fixedrisk,REINFORCE:seed11,REINFORCE,1175,80.9252,0.13,0.4
env_tight_fixedrisk,REINFORCE:seed11,REINFORCE,1176,73.70420000000003,0.13,0.39
env_tight_fixedrisk,REINFORCE:seed11,REINFORCE,1177,103.9114,0.1,0.42
env_tight_fixedrisk,REINFORCE:seed11,REINFORCE,1178,98.17099999999998,0.08,0.39
env_tight_fixedrisk,REINFORCE:seed11,REINFORCE,1179,104.60239999999999,0.1,0.41
env_tight_fixedrisk,REINFORCE:seed11,REINFORCE,1180,122.24080000000001,0.09,0.48
env_tight_fixedrisk,REINFORCE:seed11,REINFORCE,1181,86.68020000000001,0.17,0.4
env_tight_fixedrisk,REINFORCE:seed11,REINFORCE,1182,88.0034,0.13,0.39
env_tight_fixedrisk,REINFORCE:seed11,REINFORCE,1183,79.28020000000001,0.15,0.4
env_tight_fixedrisk,REINFORCE:seed11,REINFORCE,1184,81.78699999999999,0.09,0.45
env_tight_fixedrisk,REINFORCE:seed11,REINFORCE,1185,51.028600000000026,0.14,0.39
env_tight_fixedrisk,REINFORCE:seed11,REINFORCE,1186,103.44960000000003,0.09,0.44
env_tight_fixedrisk,REINFORCE:seed11,REINFORCE,1187,93.8264,0.17,0.39
env_tight_fixedrisk,REINFORCE:seed11,REINFORCE,1188,82.11900000000001,0.15,0.4
env_tight_fixedrisk,REINFORCE:seed11,REINFORCE,1189,90.66419999999997,0.16,0.38
env_tight_fixedrisk,REINFORCE:seed11,REINFORCE,1190,33.206400000000016,0.19,0.31
env_tight_fixedrisk,REINFORCE:seed11,REINFORCE,1191,83.92399999999998,0.14,0.41
env_tight_fixedrisk,REINFORCE:seed11,REINFORCE,1192,98.378,0.12,0.41
env_tight_fixedrisk,REINFORCE:seed11,REINFORCE,1193,83.21940000000002,0.05,0.47
env_tight_fixedrisk,REINFORCE:seed11,REINFORCE,1194,83.75520000000006,0.13,0.45
env_tight_fixedrisk,REINFORCE:seed11,REINFORCE,1195,77.27699999999999,0.15,0.39
env_tight_fixedrisk,REINFORCE:seed11,REINFORCE,1196,106.79820000000001,0.18,0.4
env_tight_fixedrisk,REINFORCE:seed11,REINFORCE,1197,70.58060000000003,0.15,0.41
env_tight_fixedrisk,REINFORCE:seed11,REINFORCE,1198,93.03739999999996,0.16,0.41
env_tight_fixedrisk,REINFORCE:seed11,REINFORCE,1199,100.05800000000002,0.13,0.46
env_tight_fixedrisk,REINFORCE:seed11,REINFORCE,1200,90.3754,0.2,0.39
env_tight_fixedrisk,REINFORCE:seed11,REINFORCE,1201,76.27539999999999,0.12,0.45
env_tight_fixedrisk,REINFORCE:seed11,REINFORCE,1202,116.00300000000001,0.17,0.44
env_tight_fixedrisk,REINFORCE:seed11,REINFORCE,1203,103.34460000000001,0.15,0.42
env_tight_fixedrisk,REINFORCE:seed11,REINFORCE,1204,68.8768,0.13,0.4
env_tight_fixedrisk,REINFORCE:seed11,REINFORCE,1205,120.28539999999998,0.04,0.49
env_tight_fixedrisk,REINFORCE:seed11,REINFORCE,1206,70.6858,0.17,0.41
env_tight_fixedrisk,REINFORCE:seed11,REINFORCE,1207,113.60660000000003,0.1,0.45
env_tight_fixedrisk,REINFORCE:seed11,REINFORCE,1208,120.8142,0.11,0.44
env_tight_fixedrisk,REINFORCE:seed11,REINFORCE,1209,84.8902,0.09,0.43
env_tight_fixedrisk,REINFORCE:seed11,REINFORCE,1210,104.54560000000001,0.09,0.43
env_tight_fixedrisk,REINFORCE:seed11,REINFORCE,1211,109.47800000000001,0.11,0.43
env_tight_fixedrisk,REINFORCE:seed11,REINFORCE,1212,79.23060000000002,0.13,0.41
env_tight_fixedrisk,REINFORCE:seed11,REINFORCE,1213,116.5506,0.14,0.42
env_tight_fixedrisk,REINFORCE:seed11,REINFORCE,1214,102.22,0.13,0.42
env_tight_fixedrisk,REINFORCE:seed11,REINFORCE,1215,123.01079999999996,0.1,0.45
env_tight_fixedrisk,REINFORCE:seed11,REINFORCE,1216,90.4732,0.08,0.5
env_tight_fixedrisk,REINFORCE:seed11,REINFORCE,1217,108.87399999999997,0.11,0.44
env_tight_fixedrisk,REINFORCE:seed11,REINFORCE,1218,100.976,0.23,0.41
env_tight_fixedrisk,REINFORCE:seed11,REINFORCE,1219,78.91580000000002,0.22,0.38
env_tight_fixedrisk,REINFORCE:seed11,REINFORCE,1220,95.95860000000002,0.11,0.42
env_tight_fixedrisk,REINFORCE:seed11,REINFORCE,1221,52.16419999999994,0.14,0.39
env_tight_fixedrisk,REINFORCE:seed11,REINFORCE,1222,115.34220000000002,0.14,0.42
env_tight_fixedrisk,REINFORCE:seed11,REINFORCE,1223,81.01919999999998,0.1,0.42
env_tight_fixedrisk,REINFORCE:seed11,REINFORCE,1224,100.30920000000003,0.08,0.46
env_tight_fixedrisk,REINFORCE:seed11,REINFORCE,1225,53.842399999999955,0.18,0.38
env_tight_fixedrisk,REINFORCE:seed11,REINFORCE,1226,92.90020000000003,0.16,0.37
env_tight_fixedrisk,REINFORCE:seed11,REINFORCE,1227,99.88920000000002,0.16,0.41
env_tight_fixedrisk,REINFORCE:seed11,REINFORCE,1228,90.256,0.09,0.45
env_tight_fixedrisk,REINFORCE:seed11,REINFORCE,1229,71.1908,0.15,0.42
env_tight_fixedrisk,REINFORCE:seed11,REINFORCE,1230,65.45100000000002,0.2,0.38
env_tight_fixedrisk,REINFORCE:seed11,REINFORCE,1231,52.567400000000006,0.16,0.36
env_tight_fixedrisk,REINFORCE:seed11,REINFORCE,1232,124.767,0.12,0.44
env_tight_fixedrisk,REINFORCE:seed11,REINFORCE,1233,101.12920000000008,0.08,0.44
env_tight_fixedrisk,REINFORCE:seed11,REINFORCE,1234,74.78619999999998,0.14,0.37
env_tight_fixedrisk,REINFORCE:seed11,REINFORCE,1235,80.72919999999999,0.14,0.38
env_tight_fixedrisk,REINFORCE:seed11,REINFORCE,1236,114.37580000000001,0.07,0.43
env_tight_fixedrisk,REINFORCE:seed11,REINFORCE,1237,87.51120000000004,0.14,0.42
env_tight_fixedrisk,REINFORCE:seed11,REINFORCE,1238,63.02160000000001,0.14,0.37
env_tight_fixedrisk,REINFORCE:seed11,REINFORCE,1239,104.3116,0.09,0.43
env_tight_fixedrisk,REINFORCE:seed11,REINFORCE,1240,93.24040000000002,0.11,0.45
env_tight_fixedrisk,REINFORCE:seed11,REINFORCE,1241,83.89399999999996,0.11,0.41
env_tight_fixedrisk,REINFORCE:seed11,REINFORCE,1242,71.80839999999996,0.14,0.4
env_tight_fixedrisk,REINFORCE:seed11,REINFORCE,1243,84.85779999999997,0.08,0.46
env_tight_fixedrisk,REINFORCE:seed11,REINFORCE,1244,73.00880000000004,0.17,0.43
env_tight_fixedrisk,REINFORCE:seed11,REINFORCE,1245,125.8888,0.07,0.41
env_tight_fixedrisk,REINFORCE:seed11,REINFORCE,1246,122.3664,0.07,0.44
env_tight_fixedrisk,REINFORCE:seed11,REINFORCE,1247,104.46719999999999,0.08,0.46
env_tight_fixedrisk,REINFORCE:seed11,REINFORCE,1248,103.94879999999996,0.1,0.42
env_tight_fixedrisk,REINFORCE:seed11,REINFORCE,1249,95.84760000000003,0.15,0.43
env_tight_fixedrisk,REINFORCE:seed13,REINFORCE,1000,121.40020000000001,0.08,0.45
env_tight_fixedrisk,REINFORCE:seed13,REINFORCE,1001,71.09239999999998,0.11,0.38
env_tight_fixedrisk,REINFORCE:seed13,REINFORCE,1002,93.14219999999999,0.15,0.39
env_tight_fixedrisk,REINFORCE:seed13,REINFORCE,1003,85.55159999999995,0.11,0.44
env_tight_fixedrisk,REINFORCE:seed13,REINFORCE,1004,90.2072,0.15,0.39
env_tight_fixedrisk,REINFORCE:seed13,REINFORCE,1005,111.9342,0.11,0.44
env_tight_fixedrisk,REINFORCE:seed13,REINFORCE,1006,93.9132,0.12,0.44
env_tight_fixedrisk,REINFORCE:seed13,REINFORCE,1007,101.95580000000001,0.14,0.41
env_tight_fixedrisk,REINFORCE:seed13,REINFORCE,1008,98.89839999999997,0.11,0.45
env_tight_fixedrisk,REINFORCE:seed13,REINFORCE,1009,77.82039999999996,0.14,0.41
env_tight_fixedrisk,REINFORCE:seed13,REINFORCE,1010,116.7072,0.14,0.43
env_tight_fixedrisk,REINFORCE:seed13,REINFORCE,1011,82.7302,0.14,0.39
env_tight_fixedrisk,REINFORCE:seed13,REINFORCE,1012,68.47600000000003,0.11,0.42
env_tight_fixedrisk,REINFORCE:seed13,REINFORCE,1013,125.67660000000001,0.05,0.44
env_tight_fixedrisk,REINFORCE:seed13,REINFORCE,1014,32.23739999999998,0.23,0.35
env_tight_fixedrisk,REINFORCE:seed13,REINFORCE,1015,72.61640000000003,0.16,0.38
env_tight_fixedrisk,REINFORCE:seed13,REINFORCE,1016,67.0966,0.09,0.42
env_tight_fixedrisk,REINFORCE:seed13,REINFORCE,1017,89.44180000000001,0.15,0.44
env_tight_fixedrisk,REINFORCE:seed13,REINFORCE,1018,90.68580000000003,0.07,0.45
env_tight_fixedrisk,REINFORCE:seed13,REINFORCE,1019,83.60540000000002,0.15,0.38
env_tight_fixedrisk,REINFORCE:seed13,REINFORCE,1020,49.00319999999998,0.2,0.32
env_tight_fixedrisk,REINFORCE:seed13,REINFORCE,1021,66.22660000000003,0.13,0.39
env_tight_fixedrisk,REINFORCE:seed13,REINFORCE,1022,118.5532,0.13,0.45
env_tight_fixedrisk,REINFORCE:seed13,REINFORCE,1023,98.4118,0.16,0.41
env_tight_fixedrisk,REINFORCE:seed13,REINFORCE,1024,85.41719999999998,0.14,0.4
env_tight_fixedrisk,REINFORCE:seed13,REINFORCE,1025,116.32819999999998,0.14,0.45
env_tight_fixedrisk,REINFORCE:seed13,REINFORCE,1026,124.02700000000002,0.09,0.46
env_tight_fixedrisk,REINFORCE:seed13,REINFORCE,1027,88.24379999999996,0.18,0.44
env_tight_fixedrisk,REINFORCE:seed13,REINFORCE,1028,56.99899999999997,0.21,0.38
env_tight_fixedrisk,REINFORCE:seed13,REINFORCE,1029,100.5224,0.11,0.42
env_tight_fixedrisk,REINFORCE:seed13,REINFORCE,1030,56.810199999999924,0.15,0.41
env_tight_fixedrisk,REINFORCE:seed13,REINFORCE,1031,104.74199999999998,0.13,0.41
env_tight_fixedrisk,REINFORCE:seed13,REINFORCE,1032,81.15999999999998,0.17,0.36
env_tight_fixedrisk,REINFORCE:seed13,REINFORCE,1033,84.25299999999999,0.17,0.39
env_tight_fixedrisk,REINFORCE:seed13,REINFORCE,1034,101.59320000000002,0.14,0.44
env_tight_fixedrisk,REINFORCE:seed13,REINFORCE,1035,104.44720000000001,0.12,0.39
env_tight_fixedrisk,REINFORCE:seed13,REINFORCE,1036,112.36900000000003,0.09,0.45
env_tight_fixedrisk,REINFORCE:seed13,REINFORCE,1037,109.0444,0.1,0.41
env_tight_fixedrisk,REINFORCE:seed13,REINFORCE,1038,98.98360000000002,0.11,0.4
env_tight_fixedrisk,REINFORCE:seed13,REINFORCE,1039,83.06219999999998,0.15,0.38
env_tight_fixedrisk,REINFORCE:seed13,REINFORCE,1040,79.25200000000001,0.13,0.38
env_tight_fixedrisk,REINFORCE:seed13,REINFORCE,1041,105.4738,0.12,0.42
env_tight_fixedrisk,REINFORCE:seed13,REINFORCE,1042,96.69659999999999,0.09,0.39
env_tight_fixedrisk,REINFORCE:seed13,REINFORCE,1043,106.08359999999998,0.12,0.44
env_tight_fixedrisk,REINFORCE:seed13,REINFORCE,1044,102.57579999999999,0.13,0.43
env_tight_fixedrisk,REINFORCE:seed13,REINFORCE,1045,136.7768,0.08,0.51
env_tight_fixedrisk,REINFORCE:seed13,REINFORCE,1046,146.6076,0.08,0.48
env_tight_fixedrisk,REINFORCE:seed13,REINFORCE,1047,95.78540000000002,0.09,0.45
env_tight_fixedrisk,REINFORCE:seed13,REINFORCE,1048,64.58239999999995,0.12,0.4
env_tight_fixedrisk,REINFORCE:seed13,REINFORCE,1049,72.65899999999999,0.15,0.41
env_tight_fixedrisk,REINFORCE:seed13,REINFORCE,1050,96.94399999999997,0.14,0.42
env_tight_fixedrisk,REINFORCE:seed13,REINFORCE,1051,107.3298,0.11,0.42
env_tight_fixedrisk,REINFORCE:seed13,REINFORCE,1052,79.28320000000002,0.1,0.41
env_tight_fixedrisk,REINFORCE:seed13,REINFORCE,1053,76.30320000000006,0.12,0.43
env_tight_fixedrisk,REINFORCE:seed13,REINFORCE,1054,80.37620000000001,0.14,0.39
env_tight_fixedrisk,REINFORCE:seed13,REINFORCE,1055,102.9214,0.1,0.43
env_tight_fixedrisk,REINFORCE:seed13,REINFORCE,1056,101.482,0.18,0.42
env_tight_fixedrisk,REINFORCE:seed13,REINFORCE,1057,102.04639999999998,0.11,0.44
env_tight_fixedrisk,REINFORCE:seed13,REINFORCE,1058,96.70080000000002,0.13,0.41
env_tight_fixedrisk,REINFORCE:seed13,REINFORCE,1059,64.84640000000003,0.12,0.4
env_tight_fixedrisk,REINFORCE:seed13,REINFORCE,1060,108.12060000000002,0.09,0.45
env_tight_fixedrisk,REINFORCE:seed13,REINFORCE,1061,95.4796,0.06,0.45
env_tight_fixedrisk,REINFORCE:seed13,REINFORCE,1062,58.81620000000001,0.16,0.41
env_tight_fixedrisk,REINFORCE:seed13,REINFORCE,1063,74.56299999999999,0.13,0.39
env_tight_fixedrisk,REINFORCE:seed13,REINFORCE,1064,79.8828,0.08,0.43
env_tight_fixedrisk,REINFORCE:seed13,REINFORCE,1065,119.98079999999999,0.1,0.47
env_tight_fixedrisk,REINFORCE:seed13,REINFORCE,1066,117.1934,0.09,0.44
env_tight_fixedrisk,REINFORCE:seed13,REINFORCE,1067,47.35920000000003,0.13,0.41
env_tight_fixedrisk,REINFORCE:seed13,REINFORCE,1068,69.59060000000004,0.11,0.4
env_tight_fixedrisk,REINFORCE:seed13,REINFORCE,1069,71.22799999999998,0.14,0.39
env_tight_fixedrisk,REINFORCE:seed13,REINFORCE,1070,102.07240000000002,0.13,0.43
env_tight_fixedrisk,REINFORCE:seed13,REINFORCE,1071,110.89040000000001,0.16,0.43
env_tight_fixedrisk,REINFORCE:seed13,REINFORCE,1072,59.6836,0.1,0.42
env_tight_fixedrisk,REINFORCE:seed13,REINFORCE,1073,70.11120000000005,0.14,0.41
env_tight_fixedrisk,REINFORCE:seed13,REINFORCE,1074,63.153399999999976,0.12,0.41
env_tight_fixedrisk,REINFORCE:seed13,REINFORCE,1075,102.607,0.14,0.45
env_tight_fixedrisk,REINFORCE:seed13,REINFORCE,1076,50.39680000000003,0.19,0.36
env_tight_fixedrisk,REINFORCE:seed13,REINFORCE,1077,106.79620000000003,0.13,0.42
env_tight_fixedrisk,REINFORCE:seed13,REINFORCE,1078,125.9964,0.11,0.44
env_tight_fixedrisk,REINFORCE:seed13,REINFORCE,1079,67.32399999999998,0.15,0.39
env_tight_fixedrisk,REINFORCE:seed13,REINFORCE,1080,113.33379999999998,0.14,0.42
env_tight_fixedrisk,REINFORCE:seed13,REINFORCE,1081,83.713,0.13,0.45
env_tight_fixedrisk,REINFORCE:seed13,REINFORCE,1082,71.32320000000001,0.16,0.43
env_tight_fixedrisk,REINFORCE:seed13,REINFORCE,1083,110.369,0.07,0.44
env_tight_fixedrisk,REINFORCE:seed13,REINFORCE,1084,106.26320000000001,0.12,0.43
env_tight_fixedrisk,REINFORCE:seed13,REINFORCE,1085,75.01239999999999,0.12,0.38
env_tight_fixedrisk,REINFORCE:seed13,REINFORCE,1086,81.3948,0.16,0.39
env_tight_fixedrisk,REINFORCE:seed13,REINFORCE,1087,75.7772,0.11,0.4
env_tight_fixedrisk,REINFORCE:seed13,REINFORCE,1088,90.2882,0.16,0.39
env_tight_fixedrisk,REINFORCE:seed13,REINFORCE,1089,110.85519999999998,0.16,0.39
env_tight_fixedrisk,REINFORCE:seed13,REINFORCE,1090,106.62220000000002,0.13,0.47
env_tight_fixedrisk,REINFORCE:seed13,REINFORCE,1091,84.34619999999998,0.13,0.37
env_tight_fixedrisk,REINFORCE:seed13,REINFORCE,1092,113.894,0.12,0.4
env_tight_fixedrisk,REINFORCE:seed13,REINFORCE,1093,98.9264,0.13,0.39
env_tight_fixedrisk,REINFORCE:seed13,REINFORCE,1094,68.28920000000001,0.13,0.39
env_tight_fixedrisk,REINFORCE:seed13,REINFORCE,1095,96.68699999999995,0.17,0.43
env_tight_fixedrisk,REINFORCE:seed13,REINFORCE,1096,102.39999999999999,0.11,0.41
env_tight_fixedrisk,REINFORCE:seed13,REINFORCE,1097,104.3184,0.14,0.42
env_tight_fixedrisk,REINFORCE:seed13,REINFORCE,1098,99.43440000000001,0.11,0.39
env_tight_fixedrisk,REINFORCE:seed13,REINFORCE,1099,80.87280000000004,0.14,0.42
env_tight_fixedrisk,REINFORCE:seed13,REINFORCE,1100,138.00400000000002,0.1,0.47
env_tight_fixedrisk,REINFORCE:seed13,REINFORCE,1101,86.69820000000004,0.12,0.46
env_tight_fixedrisk,REINFORCE:seed13,REINFORCE,1102,68.40239999999999,0.14,0.4
env_tight_fixedrisk,REINFORCE:seed13,REINFORCE,1103,100.1326,0.11,0.43
env_tight_fixedrisk,REINFORCE:seed13,REINFORCE,1104,93.58299999999994,0.15,0.45
env_tight_fixedrisk,REINFORCE:seed13,REINFORCE,1105,89.59280000000001,0.16,0.41
env_tight_fixedrisk,REINFORCE:seed13,REINFORCE,1106,100.1702,0.11,0.46
env_tight_fixedrisk,REINFORCE:seed13,REINFORCE,1107,87.19620000000002,0.14,0.43
env_tight_fixedrisk,REINFORCE:seed13,REINFORCE,1108,94.48779999999998,0.16,0.42
env_tight_fixedrisk,REINFORCE:seed13,REINFORCE,1109,91.38559999999995,0.07,0.44
env_tight_fixedrisk,REINFORCE:seed13,REINFORCE,1110,95.94659999999999,0.06,0.43
env_tight_fixedrisk,REINFORCE:seed13,REINFORCE,1111,90.17659999999998,0.16,0.4
env_tight_fixedrisk,REINFORCE:seed13,REINFORCE,1112,63.45040000000003,0.14,0.38
env_tight_fixedrisk,REINFORCE:seed13,REINFORCE,1113,87.41,0.12,0.41
env_tight_fixedrisk,REINFORCE:seed13,REINFORCE,1114,107.93739999999997,0.08,0.41
env_tight_fixedrisk,REINFORCE:seed13,REINFORCE,1115,95.36479999999999,0.14,0.42
env_tight_fixedrisk,REINFORCE:seed13,REINFORCE,1116,82.12,0.13,0.41
env_tight_fixedrisk,REINFORCE:seed13,REINFORCE,1117,93.80199999999998,0.06,0.45
env_tight_fixedrisk,REINFORCE:seed13,REINFORCE,1118,100.20259999999999,0.15,0.42
env_tight_fixedrisk,REINFORCE:seed13,REINFORCE,1119,83.5702,0.2,0.38
env_tight_fixedrisk,REINFORCE:seed13,REINFORCE,1120,55.30500000000001,0.16,0.35
env_tight_fixedrisk,REINFORCE:seed13,REINFORCE,1121,105.13740000000001,0.15,0.43
env_tight_fixedrisk,REINFORCE:seed13,REINFORCE,1122,99.42159999999997,0.11,0.45
env_tight_fixedrisk,REINFORCE:seed13,REINFORCE,1123,96.88760000000003,0.19,0.43
env_tight_fixedrisk,REINFORCE:seed13,REINFORCE,1124,94.43779999999998,0.14,0.43
env_tight_fixedrisk,REINFORCE:seed13,REINFORCE,1125,89.59280000000001,0.17,0.42
env_tight_fixedrisk,REINFORCE:seed13,REINFORCE,1126,98.20859999999999,0.13,0.39
env_tight_fixedrisk,REINFORCE:seed13,REINFORCE,1127,81.80159999999995,0.12,0.43
env_tight_fixedrisk,REINFORCE:seed13,REINFORCE,1128,96.5712,0.08,0.42
env_tight_fixedrisk,REINFORCE:seed13,REINFORCE,1129,75.22919999999999,0.16,0.38
env_tight_fixedrisk,REINFORCE:seed13,REINFORCE,1130,72.12779999999998,0.17,0.37
env_tight_fixedrisk,REINFORCE:seed13,REINFORCE,1131,134.16240000000002,0.09,0.44
env_tight_fixedrisk,REINFORCE:seed13,REINFORCE,1132,99.6858,0.1,0.4
env_tight_fixedrisk,REINFORCE:seed13,REINFORCE,1133,88.56879999999998,0.14,0.37
env_tight_fixedrisk,REINFORCE:seed13,REINFORCE,1134,132.9658,0.14,0.45
env_tight_fixedrisk,REINFORCE:seed13,REINFORCE,1135,92.4494,0.15,0.4
env_tight_fixedrisk,REINFORCE:seed13,REINFORCE,1136,101.54839999999996,0.16,0.47
env_tight_fixedrisk,REINFORCE:seed13,REINFORCE,1137,91.51779999999998,0.12,0.41
env_tight_fixedrisk,REINFORCE:seed13,REINFORCE,1138,89.72220000000002,0.13,0.42
env_tight_fixedrisk,REINFORCE:seed13,REINFORCE,1139,87.67499999999995,0.1,0.41
env_tight_fixedrisk,REINFORCE:seed13,REINFORCE,1140,59.038200000000046,0.12,0.42
env_tight_fixedrisk,REINFORCE:seed13,REINFORCE,1141,77.9262,0.15,0.37
env_tight_fixedrisk,REINFORCE:seed13,REINFORCE,1142,62.78219999999996,0.17,0.39
env_tight_fixedrisk,REINFORCE:seed13,REINFORCE,1143,64.3376,0.14,0.4
env_tight_fixedrisk,REINFORCE:seed13,REINFORCE,1144,67.89500000000001,0.09,0.42
env_tight_fixedrisk,REINFORCE:seed13,REINFORCE,1145,123.98039999999997,0.14,0.45
env_tight_fixedrisk,REINFORCE:seed13,REINFORCE,1146,95.54740000000001,0.1,0.41
env_tight_fixedrisk,REINFORCE:seed13,REINFORCE,1147,105.3546,0.14,0.39
env_tight_fixedrisk,REINFORCE:seed13,REINFORCE,1148,103.94440000000006,0.06,0.46
env_tight_fixedrisk,REINFORCE:seed13,REINFORCE,1149,91.69560000000004,0.12,0.43
env_tight_fixedrisk,REINFORCE:seed13,REINFORCE,1150,101.36559999999996,0.09,0.46
env_tight_fixedrisk,REINFORCE:seed13,REINFORCE,1151,100.60920000000003,0.14,0.39
env_tight_fixedrisk,REINFORCE:seed13,REINFORCE,1152,88.10979999999998,0.18,0.42
env_tight_fixedrisk,REINFORCE:seed13,REINFORCE,1153,73.9356,0.17,0.38
env_tight_fixedrisk,REINFORCE:seed13,REINFORCE,1154,76.5744,0.13,0.44
env_tight_fixedrisk,REINFORCE:seed13,REINFORCE,1155,129.79500000000002,0.18,0.45
env_tight_fixedrisk,REINFORCE:seed13,REINFORCE,1156,103.22419999999997,0.09,0.44
env_tight_fixedrisk,REINFORCE:seed13,REINFORCE,1157,91.82360000000008,0.06,0.45
env_tight_fixedrisk,REINFORCE:seed13,REINFORCE,1158,54.00039999999997,0.16,0.39
env_tight_fixedrisk,REINFORCE:seed13,REINFORCE,1159,92.85500000000002,0.17,0.4
env_tight_fixedrisk,REINFORCE:seed13,REINFORCE,1160,144.0996,0.02,0.5
env_tight_fixedrisk,REINFORCE:seed13,REINFORCE,1161,96.2128,0.09,0.41
env_tight_fixedrisk,REINFORCE:seed13,REINFORCE,1162,53.73760000000004,0.18,0.36
env_tight_fixedrisk,REINFORCE:seed13,REINFORCE,1163,89.94280000000002,0.11,0.38
env_tight_fixedrisk,REINFORCE:seed13,REINFORCE,1164,60.12020000000004,0.15,0.42
env_tight_fixedrisk,REINFORCE:seed13,REINFORCE,1165,105.19899999999998,0.06,0.44
env_tight_fixedrisk,REINFORCE:seed13,REINFORCE,1166,89.35760000000002,0.16,0.37
env_tight_fixedrisk,REINFORCE:seed13,REINFORCE,1167,91.52140000000001,0.22,0.39
env_tight_fixedrisk,REINFORCE:seed13,REINFORCE,1168,83.8272,0.12,0.43
env_tight_fixedrisk,REINFORCE:seed13,REINFORCE,1169,103.47920000000002,0.14,0.42
env_tight_fixedrisk,REINFORCE:seed13,REINFORCE,1170,102.47139999999999,0.14,0.4
env_tight_fixedrisk,REINFORCE:seed13,REINFORCE,1171,93.79520000000002,0.17,0.43
env_tight_fixedrisk,REINFORCE:seed13,REINFORCE,1172,70.25160000000001,0.2,0.4
env_tight_fixedrisk,REINFORCE:seed13,REINFORCE,1173,104.732,0.16,0.45
env_tight_fixedrisk,REINFORCE:seed13,REINFORCE,1174,104.42539999999998,0.15,0.44
env_tight_fixedrisk,REINFORCE:seed13,REINFORCE,1175,80.9252,0.13,0.4
env_tight_fixedrisk,REINFORCE:seed13,REINFORCE,1176,73.70420000000003,0.13,0.39
env_tight_fixedrisk,REINFORCE:seed13,REINFORCE,1177,103.9114,0.1,0.42
env_tight_fixedrisk,REINFORCE:seed13,REINFORCE,1178,98.17099999999998,0.08,0.39
env_tight_fixedrisk,REINFORCE:seed13,REINFORCE,1179,104.60239999999999,0.1,0.41
env_tight_fixedrisk,REINFORCE:seed13,REINFORCE,1180,122.24080000000001,0.09,0.48
env_tight_fixedrisk,REINFORCE:seed13,REINFORCE,1181,86.68020000000001,0.17,0.4
env_tight_fixedrisk,REINFORCE:seed13,REINFORCE,1182,88.0034,0.13,0.39
env_tight_fixedrisk,REINFORCE:seed13,REINFORCE,1183,79.28020000000001,0.15,0.4
env_tight_fixedrisk,REINFORCE:seed13,REINFORCE,1184,81.78699999999999,0.09,0.45
env_tight_fixedrisk,REINFORCE:seed13,REINFORCE,1185,51.028600000000026,0.14,0.39
env_tight_fixedrisk,REINFORCE:seed13,REINFORCE,1186,103.44960000000003,0.09,0.44
env_tight_fixedrisk,REINFORCE:seed13,REINFORCE,1187,93.8264,0.17,0.39
env_tight_fixedrisk,REINFORCE:seed13,REINFORCE,1188,82.11900000000001,0.15,0.4
env_tight_fixedrisk,REINFORCE:seed13,REINFORCE,1189,90.66419999999997,0.16,0.38
env_tight_fixedrisk,REINFORCE:seed13,REINFORCE,1190,33.206400000000016,0.19,0.31
env_tight_fixedrisk,REINFORCE:seed13,REINFORCE,1191,83.92399999999998,0.14,0.41
env_tight_fixedrisk,REINFORCE:seed13,REINFORCE,1192,98.378,0.12,0.41
env_tight_fixedrisk,REINFORCE:seed13,REINFORCE,1193,83.21940000000002,0.05,0.47
env_tight_fixedrisk,REINFORCE:seed13,REINFORCE,1194,83.75520000000006,0.13,0.45
env_tight_fixedrisk,REINFORCE:seed13,REINFORCE,1195,77.27699999999999,0.15,0.39
env_tight_fixedrisk,REINFORCE:seed13,REINFORCE,1196,106.79820000000001,0.18,0.4
env_tight_fixedrisk,REINFORCE:seed13,REINFORCE,1197,70.58060000000003,0.15,0.41
env_tight_fixedrisk,REINFORCE:seed13,REINFORCE,1198,93.03739999999996,0.16,0.41
env_tight_fixedrisk,REINFORCE:seed13,REINFORCE,1199,100.05800000000002,0.13,0.46
env_tight_fixedrisk,REINFORCE:seed13,REINFORCE,1200,90.3754,0.2,0.39
env_tight_fixedrisk,REINFORCE:seed13,REINFORCE,1201,76.27539999999999,0.12,0.45
env_tight_fixedrisk,REINFORCE:seed13,REINFORCE,1202,116.00300000000001,0.17,0.44
env_tight_fixedrisk,REINFORCE:seed13,REINFORCE,1203,103.34460000000001,0.15,0.42
env_tight_fixedrisk,REINFORCE:seed13,REINFORCE,1204,68.8768,0.13,0.4
env_tight_fixedrisk,REINFORCE:seed13,REINFORCE,1205,120.28539999999998,0.04,0.49
env_tight_fixedrisk,REINFORCE:seed13,REINFORCE,1206,70.6858,0.17,0.41
env_tight_fixedrisk,REINFORCE:seed13,REINFORCE,1207,113.60660000000003,0.1,0.45
env_tight_fixedrisk,REINFORCE:seed13,REINFORCE,1208,120.8142,0.11,0.44
env_tight_fixedrisk,REINFORCE:seed13,REINFORCE,1209,84.8902,0.09,0.43
env_tight_fixedrisk,REINFORCE:seed13,REINFORCE,1210,104.54560000000001,0.09,0.43
env_tight_fixedrisk,REINFORCE:seed13,REINFORCE,1211,109.47800000000001,0.11,0.43
env_tight_fixedrisk,REINFORCE:seed13,REINFORCE,1212,79.23060000000002,0.13,0.41
env_tight_fixedrisk,REINFORCE:seed13,REINFORCE,1213,116.5506,0.14,0.42
env_tight_fixedrisk,REINFORCE:seed13,REINFORCE,1214,102.22,0.13,0.42
env_tight_fixedrisk,REINFORCE:seed13,REINFORCE,1215,123.01079999999996,0.1,0.45
env_tight_fixedrisk,REINFORCE:seed13,REINFORCE,1216,90.4732,0.08,0.5
env_tight_fixedrisk,REINFORCE:seed13,REINFORCE,1217,108.87399999999997,0.11,0.44
env_tight_fixedrisk,REINFORCE:seed13,REINFORCE,1218,100.976,0.23,0.41
env_tight_fixedrisk,REINFORCE:seed13,REINFORCE,1219,78.91580000000002,0.22,0.38
env_tight_fixedrisk,REINFORCE:seed13,REINFORCE,1220,95.95860000000002,0.11,0.42
env_tight_fixedrisk,REINFORCE:seed13,REINFORCE,1221,52.16419999999994,0.14,0.39
env_tight_fixedrisk,REINFORCE:seed13,REINFORCE,1222,115.34220000000002,0.14,0.42
env_tight_fixedrisk,REINFORCE:seed13,REINFORCE,1223,81.01919999999998,0.1,0.42
env_tight_fixedrisk,REINFORCE:seed13,REINFORCE,1224,100.30920000000003,0.08,0.46
env_tight_fixedrisk,REINFORCE:seed13,REINFORCE,1225,53.842399999999955,0.18,0.38
env_tight_fixedrisk,REINFORCE:seed13,REINFORCE,1226,92.90020000000003,0.16,0.37
env_tight_fixedrisk,REINFORCE:seed13,REINFORCE,1227,99.88920000000002,0.16,0.41
env_tight_fixedrisk,REINFORCE:seed13,REINFORCE,1228,90.256,0.09,0.45
env_tight_fixedrisk,REINFORCE:seed13,REINFORCE,1229,71.1908,0.15,0.42
env_tight_fixedrisk,REINFORCE:seed13,REINFORCE,1230,65.45100000000002,0.2,0.38
env_tight_fixedrisk,REINFORCE:seed13,REINFORCE,1231,52.567400000000006,0.16,0.36
env_tight_fixedrisk,REINFORCE:seed13,REINFORCE,1232,124.767,0.12,0.44
env_tight_fixedrisk,REINFORCE:seed13,REINFORCE,1233,101.12920000000008,0.08,0.44
env_tight_fixedrisk,REINFORCE:seed13,REINFORCE,1234,74.78619999999998,0.14,0.37
env_tight_fixedrisk,REINFORCE:seed13,REINFORCE,1235,80.72919999999999,0.14,0.38
env_tight_fixedrisk,REINFORCE:seed13,REINFORCE,1236,114.37580000000001,0.07,0.43
env_tight_fixedrisk,REINFORCE:seed13,REINFORCE,1237,87.51120000000004,0.14,0.42
env_tight_fixedrisk,REINFORCE:seed13,REINFORCE,1238,63.02160000000001,0.14,0.37
env_tight_fixedrisk,REINFORCE:seed13,REINFORCE,1239,104.3116,0.09,0.43
env_tight_fixedrisk,REINFORCE:seed13,REINFORCE,1240,93.24040000000002,0.11,0.45
env_tight_fixedrisk,REINFORCE:seed13,REINFORCE,1241,83.89399999999996,0.11,0.41
env_tight_fixedrisk,REINFORCE:seed13,REINFORCE,1242,71.80839999999996,0.14,0.4
env_tight_fixedrisk,REINFORCE:seed13,REINFORCE,1243,84.85779999999997,0.08,0.46
env_tight_fixedrisk,REINFORCE:seed13,REINFORCE,1244,73.00880000000004,0.17,0.43
env_tight_fixedrisk,REINFORCE:seed13,REINFORCE,1245,125.8888,0.07,0.41
env_tight_fixedrisk,REINFORCE:seed13,REINFORCE,1246,122.3664,0.07,0.44
env_tight_fixedrisk,REINFORCE:seed13,REINFORCE,1247,104.46719999999999,0.08,0.46
env_tight_fixedrisk,REINFORCE:seed13,REINFORCE,1248,103.94879999999996,0.1,0.42
env_tight_fixedrisk,REINFORCE:seed13,REINFORCE,1249,95.84760000000003,0.15,0.43
env_tight_fixedrisk,PPO:seed11,PPO,1000,126.0806,0.11,0.59
env_tight_fixedrisk,PPO:seed11,PPO,1001,122.26419999999996,0.12,0.58
env_tight_fixedrisk,PPO:seed11,PPO,1002,97.0128,0.24,0.54
env_tight_fixedrisk,PPO:seed11,PPO,1003,76.54680000000002,0.15,0.56
env_tight_fixedrisk,PPO:seed11,PPO,1004,127.95420000000001,0.13,0.53
env_tight_fixedrisk,PPO:seed11,PPO,1005,151.40819999999997,0.15,0.64
env_tight_fixedrisk,PPO:seed11,PPO,1006,174.86240000000004,0.07,0.67
env_tight_fixedrisk,PPO:seed11,PPO,1007,108.21460000000002,0.18,0.6
env_tight_fixedrisk,PPO:seed11,PPO,1008,78.89859999999996,0.2,0.61
env_tight_fixedrisk,PPO:seed11,PPO,1009,113.85539999999997,0.13,0.6
env_tight_fixedrisk,PPO:seed11,PPO,1010,123.56419999999997,0.19,0.59
env_tight_fixedrisk,PPO:seed11,PPO,1011,145.9364,0.14,0.59
env_tight_fixedrisk,PPO:seed11,PPO,1012,91.73539999999998,0.12,0.57
env_tight_fixedrisk,PPO:seed11,PPO,1013,120.1232,0.14,0.48
env_tight_fixedrisk,PPO:seed11,PPO,1014,93.722,0.16,0.5
env_tight_fixedrisk,PPO:seed11,PPO,1015,117.95139999999995,0.19,0.58
env_tight_fixedrisk,PPO:seed11,PPO,1016,79.12979999999997,0.19,0.58
env_tight_fixedrisk,PPO:seed11,PPO,1017,112.67199999999997,0.17,0.54
env_tight_fixedrisk,PPO:seed11,PPO,1018,116.67699999999998,0.11,0.63
env_tight_fixedrisk,PPO:seed11,PPO,1019,134.23899999999998,0.16,0.57
env_tight_fixedrisk,PPO:seed11,PPO,1020,155.8648,0.13,0.6
env_tight_fixedrisk,PPO:seed11,PPO,1021,69.539,0.17,0.55
env_tight_fixedrisk,PPO:seed11,PPO,1022,152.0,0.18,0.59
env_tight_fixedrisk,PPO:seed11,PPO,1023,69.48300000000006,0.22,0.62
env_tight_fixedrisk,PPO:seed11,PPO,1024,86.749,0.1,0.62
env_tight_fixedrisk,PPO:seed11,PPO,1025,135.768,0.18,0.57
env_tight_fixedrisk,PPO:seed11,PPO,1026,144.91580000000002,0.11,0.59
env_tight_fixedrisk,PPO:seed11,PPO,1027,109.064,0.2,0.46
env_tight_fixedrisk,PPO:seed11,PPO,1028,99.07900000000004,0.15,0.61
env_tight_fixedrisk,PPO:seed11,PPO,1029,67.79640000000006,0.21,0.59
env_tight_fixedrisk,PPO:seed11,PPO,1030,73.16760000000001,0.22,0.63
env_tight_fixedrisk,PPO:seed11,PPO,1031,130.3612,0.17,0.58
env_tight_fixedrisk,PPO:seed11,PPO,1032,87.33459999999997,0.22,0.47
env_tight_fixedrisk,PPO:seed11,PPO,1033,147.343,0.1,0.66
env_tight_fixedrisk,PPO:seed11,PPO,1034,180.91419999999997,0.06,0.71
env_tight_fixedrisk,PPO:seed11,PPO,1035,166.7152,0.13,0.62
env_tight_fixedrisk,PPO:seed11,PPO,1036,138.02140000000003,0.1,0.63
env_tight_fixedrisk,PPO:seed11,PPO,1037,136.13799999999998,0.15,0.63
env_tight_fixedrisk,PPO:seed11,PPO,1038,89.9712,0.13,0.64
env_tight_fixedrisk,PPO:seed11,PPO,1039,93.00539999999998,0.21,0.46
env_tight_fixedrisk,PPO:seed11,PPO,1040,123.28280000000007,0.14,0.6
env_tight_fixedrisk,PPO:seed11,PPO,1041,107.51460000000002,0.17,0.62
env_tight_fixedrisk,PPO:seed11,PPO,1042,171.682,0.1,0.63
env_tight_fixedrisk,PPO:seed11,PPO,1043,85.58460000000007,0.15,0.63
env_tight_fixedrisk,PPO:seed11,PPO,1044,121.44300000000001,0.18,0.54
env_tight_fixedrisk,PPO:seed11,PPO,1045,99.33420000000005,0.14,0.57
env_tight_fixedrisk,PPO:seed11,PPO,1046,145.60880000000003,0.17,0.6
env_tight_fixedrisk,PPO:seed11,PPO,1047,101.53159999999998,0.13,0.55
env_tight_fixedrisk,PPO:seed11,PPO,1048,94.38800000000005,0.15,0.61
env_tight_fixedrisk,PPO:seed11,PPO,1049,142.27600000000004,0.12,0.6
env_tight_fixedrisk,PPO:seed11,PPO,1050,135.28260000000003,0.13,0.62
env_tight_fixedrisk,PPO:seed11,PPO,1051,122.41520000000003,0.08,0.6
env_tight_fixedrisk,PPO:seed11,PPO,1052,82.08040000000001,0.15,0.62
env_tight_fixedrisk,PPO:seed11,PPO,1053,142.3656,0.12,0.57
env_tight_fixedrisk,PPO:seed11,PPO,1054,140.3682,0.14,0.63
env_tight_fixedrisk,PPO:seed11,PPO,1055,108.33099999999996,0.12,0.59
env_tight_fixedrisk,PPO:seed11,PPO,1056,111.3158,0.24,0.55
env_tight_fixedrisk,PPO:seed11,PPO,1057,118.459,0.2,0.54
env_tight_fixedrisk,PPO:seed11,PPO,1058,134.24039999999997,0.16,0.61
env_tight_fixedrisk,PPO:seed11,PPO,1059,149.16319999999996,0.15,0.59
env_tight_fixedrisk,PPO:seed11,PPO,1060,163.51339999999996,0.12,0.63
env_tight_fixedrisk,PPO:seed11,PPO,1061,107.28379999999999,0.1,0.59
env_tight_fixedrisk,PPO:seed11,PPO,1062,80.41060000000003,0.14,0.54
env_tight_fixedrisk,PPO:seed11,PPO,1063,133.018,0.11,0.51
env_tight_fixedrisk,PPO:seed11,PPO,1064,76.42619999999998,0.16,0.57
env_tight_fixedrisk,PPO:seed11,PPO,1065,160.2964,0.12,0.69
env_tight_fixedrisk,PPO:seed11,PPO,1066,122.85779999999997,0.19,0.58
env_tight_fixedrisk,PPO:seed11,PPO,1067,95.95180000000002,0.15,0.62
env_tight_fixedrisk,PPO:seed11,PPO,1068,107.0172,0.15,0.59
env_tight_fixedrisk,PPO:seed11,PPO,1069,76.77580000000005,0.16,0.5
env_tight_fixedrisk,PPO:seed11,PPO,1070,105.39139999999999,0.15,0.59
env_tight_fixedrisk,PPO:seed11,PPO,1071,136.07360000000006,0.15,0.65
env_tight_fixedrisk,PPO:seed11,PPO,1072,85.39560000000004,0.14,0.61
env_tight_fixedrisk,PPO:seed11,PPO,1073,75.35280000000002,0.13,0.57
env_tight_fixedrisk,PPO:seed11,PPO,1074,82.64700000000002,0.13,0.5
env_tight_fixedrisk,PPO:seed11,PPO,1075,117.20120000000003,0.08,0.68
env_tight_fixedrisk,PPO:seed11,PPO,1076,116.81159999999997,0.19,0.62
env_tight_fixedrisk,PPO:seed11,PPO,1077,125.61840000000007,0.12,0.6
env_tight_fixedrisk,PPO:seed11,PPO,1078,120.7382,0.1,0.53
env_tight_fixedrisk,PPO:seed11,PPO,1079,121.3264,0.13,0.55
env_tight_fixedrisk,PPO:seed11,PPO,1080,136.7484,0.16,0.56
env_tight_fixedrisk,PPO:seed11,PPO,1081,112.1318,0.14,0.62
env_tight_fixedrisk,PPO:seed11,PPO,1082,78.99280000000002,0.2,0.62
env_tight_fixedrisk,PPO:seed11,PPO,1083,137.96939999999998,0.13,0.59
env_tight_fixedrisk,PPO:seed11,PPO,1084,156.5414,0.07,0.58
env_tight_fixedrisk,PPO:seed11,PPO,1085,128.1468,0.16,0.52
env_tight_fixedrisk,PPO:seed11,PPO,1086,148.19920000000005,0.15,0.61
env_tight_fixedrisk,PPO:seed11,PPO,1087,140.23460000000006,0.09,0.7
env_tight_fixedrisk,PPO:seed11,PPO,1088,122.82340000000002,0.09,0.64
env_tight_fixedrisk,PPO:seed11,PPO,1089,169.32059999999998,0.06,0.56
env_tight_fixedrisk,PPO:seed11,PPO,1090,95.10979999999995,0.19,0.56
env_tight_fixedrisk,PPO:seed11,PPO,1091,129.8102,0.15,0.59
env_tight_fixedrisk,PPO:seed11,PPO,1092,106.92439999999999,0.19,0.42
env_tight_fixedrisk,PPO:seed11,PPO,1093,155.3866,0.18,0.61
env_tight_fixedrisk,PPO:seed11,PPO,1094,103.998,0.14,0.55
env_tight_fixedrisk,PPO:seed11,PPO,1095,134.4156,0.18,0.6
env_tight_fixedrisk,PPO:seed11,PPO,1096,198.7518,0.07,0.73
env_tight_fixedrisk,PPO:seed11,PPO,1097,159.70100000000002,0.12,0.66
env_tight_fixedrisk,PPO:seed11,PPO,1098,127.42659999999998,0.2,0.56
env_tight_fixedrisk,PPO:seed11,PPO,1099,139.76520000000005,0.13,0.6
env_tight_fixedrisk,PPO:seed11,PPO,1100,166.2972,0.18,0.61
env_tight_fixedrisk,PPO:seed11,PPO,1101,86.4256,0.14,0.58
env_tight_fixedrisk,PPO:seed11,PPO,1102,121.55319999999995,0.16,0.61
env_tight_fixedrisk,PPO:seed11,PPO,1103,146.18539999999996,0.13,0.62
env_tight_fixedrisk,PPO:seed11,PPO,1104,95.26599999999999,0.13,0.63
env_tight_fixedrisk,PPO:seed11,PPO,1105,59.26579999999994,0.22,0.61
env_tight_fixedrisk,PPO:seed11,PPO,1106,109.77560000000003,0.13,0.6
env_tight_fixedrisk,PPO:seed11,PPO,1107,126.23719999999997,0.11,0.55
env_tight_fixedrisk,PPO:seed11,PPO,1108,145.28100000000003,0.16,0.63
env_tight_fixedrisk,PPO:seed11,PPO,1109,103.19960000000003,0.1,0.64
env_tight_fixedrisk,PPO:seed11,PPO,1110,142.4484,0.09,0.6
env_tight_fixedrisk,PPO:seed11,PPO,1111,114.73599999999999,0.18,0.49
env_tight_fixedrisk,PPO:seed11,PPO,1112,78.30039999999997,0.14,0.62
env_tight_fixedrisk,PPO:seed11,PPO,1113,111.06380000000001,0.11,0.55
env_tight_fixedrisk,PPO:seed11,PPO,1114,139.15159999999997,0.2,0.57
env_tight_fixedrisk,PPO:seed11,PPO,1115,152.23000000000002,0.12,0.6
env_tight_fixedrisk,PPO:seed11,PPO,1116,131.1186,0.18,0.56
env_tight_fixedrisk,PPO:seed11,PPO,1117,126.34399999999988,0.1,0.65
env_tight_fixedrisk,PPO:seed11,PPO,1118,107.08959999999999,0.17,0.56
env_tight_fixedrisk,PPO:seed11,PPO,1119,117.11759999999998,0.12,0.48
env_tight_fixedrisk,PPO:seed11,PPO,1120,146.1674,0.09,0.62
env_tight_fixedrisk,PPO:seed11,PPO,1121,108.03819999999999,0.17,0.57
env_tight_fixedrisk,PPO:seed11,PPO,1122,98.55520000000004,0.14,0.58
env_tight_fixedrisk,PPO:seed11,PPO,1123,106.61100000000002,0.14,0.57
env_tight_fixedrisk,PPO:seed11,PPO,1124,159.5816,0.12,0.65
env_tight_fixedrisk,PPO:seed11,PPO,1125,130.9614,0.17,0.56
env_tight_fixedrisk,PPO:seed11,PPO,1126,73.62259999999996,0.17,0.52
env_tight_fixedrisk,PPO:seed11,PPO,1127,99.98259999999992,0.12,0.56
env_tight_fixedrisk,PPO:seed11,PPO,1128,120.75880000000004,0.13,0.62
env_tight_fixedrisk,PPO:seed11,PPO,1129,133.5926,0.17,0.52
env_tight_fixedrisk,PPO:seed11,PPO,1130,155.06459999999998,0.11,0.57
env_tight_fixedrisk,PPO:seed11,PPO,1131,181.161,0.11,0.6
env_tight_fixedrisk,PPO:seed11,PPO,1132,81.6016,0.17,0.61
env_tight_fixedrisk,PPO:seed11,PPO,1133,109.21820000000001,0.18,0.61
env_tight_fixedrisk,PPO:seed11,PPO,1134,134.3208,0.17,0.47
env_tight_fixedrisk,PPO:seed11,PPO,1135,138.41520000000003,0.15,0.51
env_tight_fixedrisk,PPO:seed11,PPO,1136,104.75319999999998,0.14,0.65
env_tight_fixedrisk,PPO:seed11,PPO,1137,151.32479999999998,0.09,0.62
env_tight_fixedrisk,PPO:seed11,PPO,1138,106.77439999999994,0.12,0.63
env_tight_fixedrisk,PPO:seed11,PPO,1139,79.4964,0.21,0.57
env_tight_fixedrisk,PPO:seed11,PPO,1140,82.31040000000004,0.21,0.6
env_tight_fixedrisk,PPO:seed11,PPO,1141,124.27400000000003,0.16,0.55
env_tight_fixedrisk,PPO:seed11,PPO,1142,135.51960000000003,0.2,0.58
env_tight_fixedrisk,PPO:seed11,PPO,1143,55.72920000000005,0.15,0.59
env_tight_fixedrisk,PPO:seed11,PPO,1144,110.29179999999994,0.12,0.64
env_tight_fixedrisk,PPO:seed11,PPO,1145,101.06020000000001,0.19,0.47
env_tight_fixedrisk,PPO:seed11,PPO,1146,108.00879999999998,0.12,0.51
env_tight_fixedrisk,PPO:seed11,PPO,1147,76.50519999999999,0.2,0.47
env_tight_fixedrisk,PPO:seed11,PPO,1148,106.11000000000003,0.11,0.59
env_tight_fixedrisk,PPO:seed11,PPO,1149,121.93700000000001,0.18,0.59
env_tight_fixedrisk,PPO:seed11,PPO,1150,111.98219999999993,0.12,0.62
env_tight_fixedrisk,PPO:seed11,PPO,1151,148.0964,0.16,0.65
env_tight_fixedrisk,PPO:seed11,PPO,1152,96.24820000000001,0.19,0.63
env_tight_fixedrisk,PPO:seed11,PPO,1153,125.09220000000002,0.18,0.55
env_tight_fixedrisk,PPO:seed11,PPO,1154,123.42399999999992,0.1,0.59
env_tight_fixedrisk,PPO:seed11,PPO,1155,131.32639999999998,0.17,0.52
env_tight_fixedrisk,PPO:seed11,PPO,1156,101.00919999999999,0.17,0.61
env_tight_fixedrisk,PPO:seed11,PPO,1157,137.84440000000004,0.11,0.65
env_tight_fixedrisk,PPO:seed11,PPO,1158,115.6688,0.13,0.51
env_tight_fixedrisk,PPO:seed11,PPO,1159,129.46020000000001,0.12,0.65
env_tight_fixedrisk,PPO:seed11,PPO,1160,127.69979999999998,0.11,0.61
env_tight_fixedrisk,PPO:seed11,PPO,1161,56.79159999999999,0.18,0.64
env_tight_fixedrisk,PPO:seed11,PPO,1162,64.62779999999992,0.23,0.51
env_tight_fixedrisk,PPO:seed11,PPO,1163,117.8348,0.12,0.58
env_tight_fixedrisk,PPO:seed11,PPO,1164,91.10779999999995,0.1,0.67
env_tight_fixedrisk,PPO:seed11,PPO,1165,105.92300000000003,0.15,0.63
env_tight_fixedrisk,PPO:seed11,PPO,1166,124.01060000000007,0.17,0.62
env_tight_fixedrisk,PPO:seed11,PPO,1167,131.55120000000002,0.21,0.55
env_tight_fixedrisk,PPO:seed11,PPO,1168,143.80419999999998,0.13,0.54
env_tight_fixedrisk,PPO:seed11,PPO,1169,103.19840000000005,0.15,0.54
env_tight_fixedrisk,PPO:seed11,PPO,1170,110.84079999999999,0.15,0.51
env_tight_fixedrisk,PPO:seed11,PPO,1171,157.942,0.12,0.66
env_tight_fixedrisk,PPO:seed11,PPO,1172,114.93800000000002,0.17,0.56
env_tight_fixedrisk,PPO:seed11,PPO,1173,108.13639999999998,0.13,0.55
env_tight_fixedrisk,PPO:seed11,PPO,1174,91.18360000000004,0.23,0.54
env_tight_fixedrisk,PPO:seed11,PPO,1175,76.17259999999999,0.17,0.61
env_tight_fixedrisk,PPO:seed11,PPO,1176,54.06559999999996,0.3,0.52
env_tight_fixedrisk,PPO:seed11,PPO,1177,97.90959999999997,0.17,0.57
env_tight_fixedrisk,PPO:seed11,PPO,1178,94.64099999999999,0.14,0.59
env_tight_fixedrisk,PPO:seed11,PPO,1179,125.44600000000005,0.11,0.61
env_tight_fixedrisk,PPO:seed11,PPO,1180,138.48420000000004,0.08,0.51
env_tight_fixedrisk,PPO:seed11,PPO,1181,126.20620000000002,0.16,0.58
env_tight_fixedrisk,PPO:seed11,PPO,1182,124.19139999999999,0.11,0.66
env_tight_fixedrisk,PPO:seed11,PPO,1183,121.97140000000002,0.13,0.67
env_tight_fixedrisk,PPO:seed11,PPO,1184,83.59780000000005,0.23,0.57
env_tight_fixedrisk,PPO:seed11,PPO,1185,112.40119999999999,0.11,0.6
env_tight_fixedrisk,PPO:seed11,PPO,1186,88.75559999999999,0.12,0.56
env_tight_fixedrisk,PPO:seed11,PPO,1187,151.41819999999998,0.14,0.63
env_tight_fixedrisk,PPO:seed11,PPO,1188,133.79480000000004,0.13,0.66
env_tight_fixedrisk,PPO:seed11,PPO,1189,94.37460000000002,0.22,0.5
env_tight_fixedrisk,PPO:seed11,PPO,1190,91.7174,0.25,0.5
env_tight_fixedrisk,PPO:seed11,PPO,1191,102.09280000000003,0.11,0.53
env_tight_fixedrisk,PPO:seed11,PPO,1192,133.41880000000003,0.09,0.59
env_tight_fixedrisk,PPO:seed11,PPO,1193,87.80159999999998,0.11,0.64
env_tight_fixedrisk,PPO:seed11,PPO,1194,71.29540000000004,0.14,0.57
env_tight_fixedrisk,PPO:seed11,PPO,1195,151.657,0.12,0.62
env_tight_fixedrisk,PPO:seed11,PPO,1196,147.0832,0.14,0.62
env_tight_fixedrisk,PPO:seed11,PPO,1197,118.78140000000005,0.16,0.61
env_tight_fixedrisk,PPO:seed11,PPO,1198,77.81779999999988,0.18,0.61
env_tight_fixedrisk,PPO:seed11,PPO,1199,123.56999999999988,0.15,0.66
env_tight_fixedrisk,PPO:seed11,PPO,1200,121.2176,0.22,0.6
env_tight_fixedrisk,PPO:seed11,PPO,1201,97.90959999999997,0.1,0.65
env_tight_fixedrisk,PPO:seed11,PPO,1202,168.30380000000002,0.08,0.62
env_tight_fixedrisk,PPO:seed11,PPO,1203,112.87920000000001,0.15,0.55
env_tight_fixedrisk,PPO:seed11,PPO,1204,121.23499999999996,0.14,0.66
env_tight_fixedrisk,PPO:seed11,PPO,1205,160.33480000000003,0.08,0.6
env_tight_fixedrisk,PPO:seed11,PPO,1206,103.83,0.15,0.6
env_tight_fixedrisk,PPO:seed11,PPO,1207,144.25719999999998,0.13,0.6
env_tight_fixedrisk,PPO:seed11,PPO,1208,102.13440000000001,0.14,0.54
env_tight_fixedrisk,PPO:seed11,PPO,1209,101.40319999999994,0.11,0.64
env_tight_fixedrisk,PPO:seed11,PPO,1210,129.46380000000002,0.12,0.49
env_tight_fixedrisk,PPO:seed11,PPO,1211,109.53259999999996,0.07,0.57
env_tight_fixedrisk,PPO:seed11,PPO,1212,100.21460000000005,0.21,0.55
env_tight_fixedrisk,PPO:seed11,PPO,1213,132.2938,0.17,0.56
env_tight_fixedrisk,PPO:seed11,PPO,1214,107.75379999999997,0.18,0.61
env_tight_fixedrisk,PPO:seed11,PPO,1215,132.00339999999997,0.19,0.61
env_tight_fixedrisk,PPO:seed11,PPO,1216,89.20719999999993,0.16,0.62
env_tight_fixedrisk,PPO:seed11,PPO,1217,103.79099999999991,0.14,0.53
env_tight_fixedrisk,PPO:seed11,PPO,1218,129.0858,0.2,0.53
env_tight_fixedrisk,PPO:seed11,PPO,1219,98.36079999999993,0.18,0.58
env_tight_fixedrisk,PPO:seed11,PPO,1220,116.54440000000002,0.14,0.48
env_tight_fixedrisk,PPO:seed11,PPO,1221,80.27379999999992,0.07,0.66
env_tight_fixedrisk,PPO:seed11,PPO,1222,114.88980000000001,0.15,0.63
env_tight_fixedrisk,PPO:seed11,PPO,1223,94.49060000000001,0.12,0.62
env_tight_fixedrisk,PPO:seed11,PPO,1224,125.09200000000004,0.08,0.65
env_tight_fixedrisk,PPO:seed11,PPO,1225,104.58239999999998,0.14,0.56
env_tight_fixedrisk,PPO:seed11,PPO,1226,110.3688,0.18,0.55
env_tight_fixedrisk,PPO:seed11,PPO,1227,54.685600000000036,0.18,0.54
env_tight_fixedrisk,PPO:seed11,PPO,1228,139.60600000000002,0.12,0.64
env_tight_fixedrisk,PPO:seed11,PPO,1229,74.00640000000001,0.24,0.49
env_tight_fixedrisk,PPO:seed11,PPO,1230,97.7336,0.19,0.61
env_tight_fixedrisk,PPO:seed11,PPO,1231,76.18119999999992,0.16,0.57
env_tight_fixedrisk,PPO:seed11,PPO,1232,144.78240000000002,0.13,0.6
env_tight_fixedrisk,PPO:seed11,PPO,1233,127.25019999999995,0.15,0.68
env_tight_fixedrisk,PPO:seed11,PPO,1234,89.00360000000002,0.21,0.53
env_tight_fixedrisk,PPO:seed11,PPO,1235,104.91559999999991,0.14,0.58
env_tight_fixedrisk,PPO:seed11,PPO,1236,74.1413999999999,0.15,0.56
env_tight_fixedrisk,PPO:seed11,PPO,1237,112.66620000000002,0.12,0.53
env_tight_fixedrisk,PPO:seed11,PPO,1238,88.20420000000004,0.19,0.5
env_tight_fixedrisk,PPO:seed11,PPO,1239,138.32300000000004,0.14,0.63
env_tight_fixedrisk,PPO:seed11,PPO,1240,116.01740000000001,0.15,0.46
env_tight_fixedrisk,PPO:seed11,PPO,1241,154.38420000000002,0.11,0.58
env_tight_fixedrisk,PPO:seed11,PPO,1242,140.53179999999998,0.13,0.64
env_tight_fixedrisk,PPO:seed11,PPO,1243,97.57080000000003,0.12,0.6
env_tight_fixedrisk,PPO:seed11,PPO,1244,65.43720000000002,0.23,0.56
env_tight_fixedrisk,PPO:seed11,PPO,1245,143.294,0.19,0.54
env_tight_fixedrisk,PPO:seed11,PPO,1246,102.306,0.14,0.58
env_tight_fixedrisk,PPO:seed11,PPO,1247,128.57000000000005,0.1,0.63
env_tight_fixedrisk,PPO:seed11,PPO,1248,111.50200000000007,0.12,0.68
env_tight_fixedrisk,PPO:seed11,PPO,1249,114.26839999999999,0.16,0.49
env_tight_fixedrisk,PPO:seed13,PPO,1000,123.1334,0.12,0.55
env_tight_fixedrisk,PPO:seed13,PPO,1001,131.0546,0.08,0.52
env_tight_fixedrisk,PPO:seed13,PPO,1002,85.99079999999998,0.25,0.6
env_tight_fixedrisk,PPO:seed13,PPO,1003,81.18460000000002,0.14,0.59
env_tight_fixedrisk,PPO:seed13,PPO,1004,135.9534,0.11,0.55
env_tight_fixedrisk,PPO:seed13,PPO,1005,141.26499999999996,0.13,0.67
env_tight_fixedrisk,PPO:seed13,PPO,1006,159.99200000000002,0.11,0.64
env_tight_fixedrisk,PPO:seed13,PPO,1007,120.03739999999999,0.17,0.6
env_tight_fixedrisk,PPO:seed13,PPO,1008,85.55080000000004,0.15,0.6
env_tight_fixedrisk,PPO:seed13,PPO,1009,137.93439999999998,0.14,0.62
env_tight_fixedrisk,PPO:seed13,PPO,1010,126.68719999999996,0.16,0.59
env_tight_fixedrisk,PPO:seed13,PPO,1011,123.4022,0.13,0.56
env_tight_fixedrisk,PPO:seed13,PPO,1012,91.52519999999998,0.15,0.57
env_tight_fixedrisk,PPO:seed13,PPO,1013,121.84460000000001,0.12,0.52
env_tight_fixedrisk,PPO:seed13,PPO,1014,90.54120000000002,0.18,0.43
env_tight_fixedrisk,PPO:seed13,PPO,1015,128.9142,0.15,0.53
env_tight_fixedrisk,PPO:seed13,PPO,1016,87.61479999999999,0.12,0.62
env_tight_fixedrisk,PPO:seed13,PPO,1017,88.81000000000002,0.16,0.51
env_tight_fixedrisk,PPO:seed13,PPO,1018,101.39379999999998,0.13,0.6
env_tight_fixedrisk,PPO:seed13,PPO,1019,134.23899999999998,0.16,0.57
env_tight_fixedrisk,PPO:seed13,PPO,1020,137.33860000000004,0.15,0.56
env_tight_fixedrisk,PPO:seed13,PPO,1021,89.13400000000003,0.18,0.54
env_tight_fixedrisk,PPO:seed13,PPO,1022,145.09360000000004,0.19,0.57
env_tight_fixedrisk,PPO:seed13,PPO,1023,93.34659999999992,0.19,0.63
env_tight_fixedrisk,PPO:seed13,PPO,1024,83.36120000000011,0.12,0.53
env_tight_fixedrisk,PPO:seed13,PPO,1025,117.42359999999996,0.19,0.53
env_tight_fixedrisk,PPO:seed13,PPO,1026,134.5356,0.13,0.59
env_tight_fixedrisk,PPO:seed13,PPO,1027,125.53820000000002,0.21,0.53
env_tight_fixedrisk,PPO:seed13,PPO,1028,111.98379999999999,0.16,0.62
env_tight_fixedrisk,PPO:seed13,PPO,1029,95.26799999999997,0.19,0.56
env_tight_fixedrisk,PPO:seed13,PPO,1030,84.899,0.19,0.52
env_tight_fixedrisk,PPO:seed13,PPO,1031,71.07299999999998,0.18,0.43
env_tight_fixedrisk,PPO:seed13,PPO,1032,65.11680000000001,0.24,0.4
env_tight_fixedrisk,PPO:seed13,PPO,1033,139.8424,0.09,0.54
env_tight_fixedrisk,PPO:seed13,PPO,1034,178.33180000000002,0.08,0.7
env_tight_fixedrisk,PPO:seed13,PPO,1035,104.81360000000002,0.2,0.53
env_tight_fixedrisk,PPO:seed13,PPO,1036,115.95739999999992,0.14,0.59
env_tight_fixedrisk,PPO:seed13,PPO,1037,100.97839999999994,0.1,0.45
env_tight_fixedrisk,PPO:seed13,PPO,1038,102.1898,0.16,0.51
env_tight_fixedrisk,PPO:seed13,PPO,1039,141.96879999999996,0.13,0.61
env_tight_fixedrisk,PPO:seed13,PPO,1040,81.93300000000002,0.21,0.55
env_tight_fixedrisk,PPO:seed13,PPO,1041,100.288,0.18,0.6
env_tight_fixedrisk,PPO:seed13,PPO,1042,157.32080000000005,0.12,0.61
env_tight_fixedrisk,PPO:seed13,PPO,1043,65.43259999999998,0.19,0.45
env_tight_fixedrisk,PPO:seed13,PPO,1044,146.61339999999996,0.15,0.61
env_tight_fixedrisk,PPO:seed13,PPO,1045,101.58180000000004,0.1,0.6
env_tight_fixedrisk,PPO:seed13,PPO,1046,130.6016,0.11,0.46
env_tight_fixedrisk,PPO:seed13,PPO,1047,111.68299999999996,0.12,0.49
env_tight_fixedrisk,PPO:seed13,PPO,1048,98.63680000000004,0.14,0.62
env_tight_fixedrisk,PPO:seed13,PPO,1049,87.60280000000003,0.18,0.54
env_tight_fixedrisk,PPO:seed13,PPO,1050,128.50400000000002,0.1,0.61
env_tight_fixedrisk,PPO:seed13,PPO,1051,138.2668,0.1,0.62
env_tight_fixedrisk,PPO:seed13,PPO,1052,87.3338,0.13,0.46
env_tight_fixedrisk,PPO:seed13,PPO,1053,142.50379999999998,0.12,0.57
env_tight_fixedrisk,PPO:seed13,PPO,1054,152.1084,0.14,0.6
env_tight_fixedrisk,PPO:seed13,PPO,1055,82.63539999999998,0.12,0.56
env_tight_fixedrisk,PPO:seed13,PPO,1056,131.2196,0.16,0.55
env_tight_fixedrisk,PPO:seed13,PPO,1057,129.48259999999996,0.18,0.55
env_tight_fixedrisk,PPO:seed13,PPO,1058,107.72239999999996,0.15,0.56
env_tight_fixedrisk,PPO:seed13,PPO,1059,143.76100000000002,0.13,0.58
env_tight_fixedrisk,PPO:seed13,PPO,1060,129.33099999999993,0.14,0.59
env_tight_fixedrisk,PPO:seed13,PPO,1061,111.483,0.1,0.63
env_tight_fixedrisk,PPO:seed13,PPO,1062,47.45140000000002,0.18,0.43
env_tight_fixedrisk,PPO:seed13,PPO,1063,88.3366,0.16,0.47
env_tight_fixedrisk,PPO:seed13,PPO,1064,75.65879999999996,0.13,0.49
env_tight_fixedrisk,PPO:seed13,PPO,1065,150.76539999999994,0.12,0.69
env_tight_fixedrisk,PPO:seed13,PPO,1066,134.7706,0.12,0.59
env_tight_fixedrisk,PPO:seed13,PPO,1067,113.6322,0.09,0.58
env_tight_fixedrisk,PPO:seed13,PPO,1068,111.69259999999998,0.15,0.59
env_tight_fixedrisk,PPO:seed13,PPO,1069,66.32840000000002,0.19,0.48
env_tight_fixedrisk,PPO:seed13,PPO,1070,88.15280000000003,0.17,0.62
env_tight_fixedrisk,PPO:seed13,PPO,1071,180.02319999999997,0.07,0.66
env_tight_fixedrisk,PPO:seed13,PPO,1072,59.47780000000003,0.16,0.52
env_tight_fixedrisk,PPO:seed13,PPO,1073,76.53340000000001,0.1,0.45
env_tight_fixedrisk,PPO:seed13,PPO,1074,100.93279999999994,0.09,0.52
env_tight_fixedrisk,PPO:seed13,PPO,1075,110.29559999999998,0.11,0.53
env_tight_fixedrisk,PPO:seed13,PPO,1076,123.63579999999996,0.18,0.63
env_tight_fixedrisk,PPO:seed13,PPO,1077,114.033,0.1,0.59
env_tight_fixedrisk,PPO:seed13,PPO,1078,127.11179999999999,0.09,0.55
env_tight_fixedrisk,PPO:seed13,PPO,1079,127.1302,0.09,0.59
env_tight_fixedrisk,PPO:seed13,PPO,1080,143.5922,0.17,0.61
env_tight_fixedrisk,PPO:seed13,PPO,1081,102.12340000000003,0.13,0.57
env_tight_fixedrisk,PPO:seed13,PPO,1082,86.3367999999999,0.12,0.54
env_tight_fixedrisk,PPO:seed13,PPO,1083,104.87240000000001,0.13,0.59
env_tight_fixedrisk,PPO:seed13,PPO,1084,154.4812,0.08,0.59
env_tight_fixedrisk,PPO:seed13,PPO,1085,104.34880000000001,0.12,0.44
env_tight_fixedrisk,PPO:seed13,PPO,1086,125.18300000000002,0.17,0.58
env_tight_fixedrisk,PPO:seed13,PPO,1087,122.92240000000004,0.15,0.56
env_tight_fixedrisk,PPO:seed13,PPO,1088,115.59839999999998,0.12,0.58
env_tight_fixedrisk,PPO:seed13,PPO,1089,169.9624,0.05,0.57
env_tight_fixedrisk,PPO:seed13,PPO,1090,79.44819999999994,0.16,0.48
env_tight_fixedrisk,PPO:seed13,PPO,1091,98.58980000000004,0.17,0.58
env_tight_fixedrisk,PPO:seed13,PPO,1092,164.1886,0.16,0.58
env_tight_fixedrisk,PPO:seed13,PPO,1093,159.1338,0.18,0.62
env_tight_fixedrisk,PPO:seed13,PPO,1094,113.83280000000005,0.12,0.55
env_tight_fixedrisk,PPO:seed13,PPO,1095,108.50520000000003,0.17,0.56
env_tight_fixedrisk,PPO:seed13,PPO,1096,171.7948,0.11,0.7
env_tight_fixedrisk,PPO:seed13,PPO,1097,185.48,0.1,0.62
env_tight_fixedrisk,PPO:seed13,PPO,1098,102.01079999999997,0.22,0.47
env_tight_fixedrisk,PPO:seed13,PPO,1099,114.10699999999996,0.12,0.54
env_tight_fixedrisk,PPO:seed13,PPO,1100,172.3318,0.16,0.63
env_tight_fixedrisk,PPO:seed13,PPO,1101,93.484,0.13,0.61
env_tight_fixedrisk,PPO:seed13,PPO,1102,131.7122,0.08,0.53
env_tight_fixedrisk,PPO:seed13,PPO,1103,139.97379999999998,0.13,0.6
env_tight_fixedrisk,PPO:seed13,PPO,1104,98.41979999999997,0.15,0.59
env_tight_fixedrisk,PPO:seed13,PPO,1105,48.628,0.2,0.56
env_tight_fixedrisk,PPO:seed13,PPO,1106,86.35140000000001,0.2,0.51
env_tight_fixedrisk,PPO:seed13,PPO,1107,82.24120000000003,0.2,0.47
env_tight_fixedrisk,PPO:seed13,PPO,1108,96.32020000000004,0.11,0.59
env_tight_fixedrisk,PPO:seed13,PPO,1109,139.9586,0.06,0.55
env_tight_fixedrisk,PPO:seed13,PPO,1110,159.21960000000007,0.08,0.61
env_tight_fixedrisk,PPO:seed13,PPO,1111,109.775,0.17,0.5
env_tight_fixedrisk,PPO:seed13,PPO,1112,57.3112,0.18,0.56
env_tight_fixedrisk,PPO:seed13,PPO,1113,72.9204,0.15,0.52
env_tight_fixedrisk,PPO:seed13,PPO,1114,156.921,0.15,0.58
env_tight_fixedrisk,PPO:seed13,PPO,1115,148.8502,0.13,0.58
env_tight_fixedrisk,PPO:seed13,PPO,1116,131.1186,0.18,0.56
env_tight_fixedrisk,PPO:seed13,PPO,1117,84.98159999999993,0.11,0.55
env_tight_fixedrisk,PPO:seed13,PPO,1118,117.70520000000002,0.12,0.49
env_tight_fixedrisk,PPO:seed13,PPO,1119,124.91080000000002,0.19,0.6
env_tight_fixedrisk,PPO:seed13,PPO,1120,107.53699999999994,0.15,0.59
env_tight_fixedrisk,PPO:seed13,PPO,1121,102.29299999999998,0.13,0.43
env_tight_fixedrisk,PPO:seed13,PPO,1122,95.68180000000001,0.15,0.56
env_tight_fixedrisk,PPO:seed13,PPO,1123,140.04860000000002,0.13,0.56
env_tight_fixedrisk,PPO:seed13,PPO,1124,89.25139999999996,0.13,0.51
env_tight_fixedrisk,PPO:seed13,PPO,1125,144.43779999999998,0.12,0.6
env_tight_fixedrisk,PPO:seed13,PPO,1126,84.88720000000002,0.16,0.54
env_tight_fixedrisk,PPO:seed13,PPO,1127,111.62860000000003,0.13,0.54
env_tight_fixedrisk,PPO:seed13,PPO,1128,146.55159999999995,0.13,0.62
env_tight_fixedrisk,PPO:seed13,PPO,1129,155.555,0.12,0.57
env_tight_fixedrisk,PPO:seed13,PPO,1130,155.09099999999998,0.11,0.57
env_tight_fixedrisk,PPO:seed13,PPO,1131,184.308,0.12,0.61
env_tight_fixedrisk,PPO:seed13,PPO,1132,66.85520000000001,0.18,0.49
env_tight_fixedrisk,PPO:seed13,PPO,1133,107.55619999999993,0.12,0.57
env_tight_fixedrisk,PPO:seed13,PPO,1134,128.962,0.17,0.46
env_tight_fixedrisk,PPO:seed13,PPO,1135,130.3656,0.16,0.51
env_tight_fixedrisk,PPO:seed13,PPO,1136,105.53240000000002,0.17,0.61
env_tight_fixedrisk,PPO:seed13,PPO,1137,159.07880000000003,0.15,0.58
env_tight_fixedrisk,PPO:seed13,PPO,1138,105.95899999999985,0.1,0.61
env_tight_fixedrisk,PPO:seed13,PPO,1139,81.97299999999998,0.17,0.56
env_tight_fixedrisk,PPO:seed13,PPO,1140,75.41340000000001,0.17,0.63
env_tight_fixedrisk,PPO:seed13,PPO,1141,133.6314,0.15,0.56
env_tight_fixedrisk,PPO:seed13,PPO,1142,66.72680000000003,0.2,0.44
env_tight_fixedrisk,PPO:seed13,PPO,1143,74.53959999999996,0.1,0.58
env_tight_fixedrisk,PPO:seed13,PPO,1144,126.8797999999999,0.11,0.63
env_tight_fixedrisk,PPO:seed13,PPO,1145,87.17520000000002,0.2,0.48
env_tight_fixedrisk,PPO:seed13,PPO,1146,106.21519999999995,0.13,0.48
env_tight_fixedrisk,PPO:seed13,PPO,1147,68.911,0.19,0.38
env_tight_fixedrisk,PPO:seed13,PPO,1148,140.1980000000001,0.14,0.62
env_tight_fixedrisk,PPO:seed13,PPO,1149,99.66460000000004,0.14,0.57
env_tight_fixedrisk,PPO:seed13,PPO,1150,84.31819999999999,0.16,0.5
env_tight_fixedrisk,PPO:seed13,PPO,1151,129.0922,0.14,0.61
env_tight_fixedrisk,PPO:seed13,PPO,1152,107.89319999999995,0.15,0.61
env_tight_fixedrisk,PPO:seed13,PPO,1153,131.47580000000002,0.16,0.57
env_tight_fixedrisk,PPO:seed13,PPO,1154,108.01160000000013,0.08,0.59
env_tight_fixedrisk,PPO:seed13,PPO,1155,131.32639999999998,0.17,0.52
env_tight_fixedrisk,PPO:seed13,PPO,1156,99.35119999999998,0.14,0.46
env_tight_fixedrisk,PPO:seed13,PPO,1157,137.44820000000004,0.11,0.65
env_tight_fixedrisk,PPO:seed13,PPO,1158,119.80519999999999,0.13,0.54
env_tight_fixedrisk,PPO:seed13,PPO,1159,114.74359999999999,0.17,0.57
env_tight_fixedrisk,PPO:seed13,PPO,1160,155.01660000000004,0.06,0.66
env_tight_fixedrisk,PPO:seed13,PPO,1161,68.01319999999996,0.15,0.6
env_tight_fixedrisk,PPO:seed13,PPO,1162,88.49440000000003,0.21,0.5
env_tight_fixedrisk,PPO:seed13,PPO,1163,96.35640000000004,0.14,0.4
env_tight_fixedrisk,PPO:seed13,PPO,1164,89.00580000000002,0.13,0.49
env_tight_fixedrisk,PPO:seed13,PPO,1165,85.58039999999998,0.19,0.55
env_tight_fixedrisk,PPO:seed13,PPO,1166,82.20420000000003,0.18,0.47
env_tight_fixedrisk,PPO:seed13,PPO,1167,132.2876,0.22,0.54
env_tight_fixedrisk,PPO:seed13,PPO,1168,141.7522,0.12,0.55
env_tight_fixedrisk,PPO:seed13,PPO,1169,84.52299999999995,0.19,0.57
env_tight_fixedrisk,PPO:seed13,PPO,1170,104.21739999999996,0.14,0.51
env_tight_fixedrisk,PPO:seed13,PPO,1171,164.7996,0.1,0.57
env_tight_fixedrisk,PPO:seed13,PPO,1172,97.61419999999998,0.22,0.51
env_tight_fixedrisk,PPO:seed13,PPO,1173,82.9984,0.1,0.52
env_tight_fixedrisk,PPO:seed13,PPO,1174,103.97480000000002,0.23,0.53
env_tight_fixedrisk,PPO:seed13,PPO,1175,67.276,0.18,0.53
env_tight_fixedrisk,PPO:seed13,PPO,1176,54.83699999999999,0.23,0.5
env_tight_fixedrisk,PPO:seed13,PPO,1177,119.75280000000001,0.16,0.56
env_tight_fixedrisk,PPO:seed13,PPO,1178,88.46480000000001,0.14,0.57
env_tight_fixedrisk,PPO:seed13,PPO,1179,109.81319999999997,0.13,0.6
env_tight_fixedrisk,PPO:seed13,PPO,1180,101.75759999999998,0.16,0.47
env_tight_fixedrisk,PPO:seed13,PPO,1181,112.81019999999998,0.21,0.6
env_tight_fixedrisk,PPO:seed13,PPO,1182,122.04540000000003,0.12,0.64
env_tight_fixedrisk,PPO:seed13,PPO,1183,121.29399999999998,0.13,0.67
env_tight_fixedrisk,PPO:seed13,PPO,1184,76.213,0.21,0.54
env_tight_fixedrisk,PPO:seed13,PPO,1185,94.38019999999999,0.14,0.59
env_tight_fixedrisk,PPO:seed13,PPO,1186,74.19300000000004,0.11,0.51
env_tight_fixedrisk,PPO:seed13,PPO,1187,112.55979999999997,0.16,0.56
env_tight_fixedrisk,PPO:seed13,PPO,1188,125.6532,0.14,0.64
env_tight_fixedrisk,PPO:seed13,PPO,1189,108.21500000000007,0.1,0.54
env_tight_fixedrisk,PPO:seed13,PPO,1190,82.44580000000002,0.23,0.51
env_tight_fixedrisk,PPO:seed13,PPO,1191,89.76479999999998,0.13,0.49
env_tight_fixedrisk,PPO:seed13,PPO,1192,127.03340000000003,0.12,0.58
env_tight_fixedrisk,PPO:seed13,PPO,1193,107.13800000000003,0.11,0.64
env_tight_fixedrisk,PPO:seed13,PPO,1194,79.30780000000001,0.18,0.52
env_tight_fixedrisk,PPO:seed13,PPO,1195,134.48299999999995,0.15,0.58
env_tight_fixedrisk,PPO:seed13,PPO,1196,120.80960000000002,0.18,0.59
env_tight_fixedrisk,PPO:seed13,PPO,1197,107.95759999999997,0.16,0.55
env_tight_fixedrisk,PPO:seed13,PPO,1198,138.35959999999997,0.17,0.64
env_tight_fixedrisk,PPO:seed13,PPO,1199,85.05919999999998,0.17,0.46
env_tight_fixedrisk,PPO:seed13,PPO,1200,120.1128,0.24,0.62
env_tight_fixedrisk,PPO:seed13,PPO,1201,111.85619999999992,0.06,0.62
env_tight_fixedrisk,PPO:seed13,PPO,1202,164.03339999999997,0.1,0.6
env_tight_fixedrisk,PPO:seed13,PPO,1203,124.16239999999999,0.17,0.52
env_tight_fixedrisk,PPO:seed13,PPO,1204,93.3778,0.14,0.63
env_tight_fixedrisk,PPO:seed13,PPO,1205,160.3848,0.08,0.6
env_tight_fixedrisk,PPO:seed13,PPO,1206,72.10799999999999,0.16,0.51
env_tight_fixedrisk,PPO:seed13,PPO,1207,145.5024,0.07,0.65
env_tight_fixedrisk,PPO:seed13,PPO,1208,108.28240000000002,0.16,0.5
env_tight_fixedrisk,PPO:seed13,PPO,1209,112.19659999999999,0.19,0.59
env_tight_fixedrisk,PPO:seed13,PPO,1210,162.0324,0.11,0.65
env_tight_fixedrisk,PPO:seed13,PPO,1211,95.33539999999999,0.09,0.56
env_tight_fixedrisk,PPO:seed13,PPO,1212,115.61659999999992,0.17,0.57
env_tight_fixedrisk,PPO:seed13,PPO,1213,119.41760000000002,0.11,0.45
env_tight_fixedrisk,PPO:seed13,PPO,1214,128.37879999999998,0.15,0.59
env_tight_fixedrisk,PPO:seed13,PPO,1215,129.0826,0.15,0.6
env_tight_fixedrisk,PPO:seed13,PPO,1216,92.1274,0.12,0.56
env_tight_fixedrisk,PPO:seed13,PPO,1217,156.02599999999998,0.09,0.61
env_tight_fixedrisk,PPO:seed13,PPO,1218,128.34359999999998,0.24,0.54
env_tight_fixedrisk,PPO:seed13,PPO,1219,108.80479999999997,0.14,0.53
env_tight_fixedrisk,PPO:seed13,PPO,1220,108.52600000000001,0.12,0.48
env_tight_fixedrisk,PPO:seed13,PPO,1221,120.97940000000003,0.13,0.61
env_tight_fixedrisk,PPO:seed13,PPO,1222,77.21619999999999,0.14,0.46
env_tight_fixedrisk,PPO:seed13,PPO,1223,104.6529999999999,0.12,0.49
env_tight_fixedrisk,PPO:seed13,PPO,1224,112.88159999999989,0.07,0.5
env_tight_fixedrisk,PPO:seed13,PPO,1225,68.10459999999998,0.19,0.5
env_tight_fixedrisk,PPO:seed13,PPO,1226,137.112,0.15,0.57
env_tight_fixedrisk,PPO:seed13,PPO,1227,121.28719999999998,0.17,0.54
env_tight_fixedrisk,PPO:seed13,PPO,1228,138.72739999999996,0.12,0.59
env_tight_fixedrisk,PPO:seed13,PPO,1229,81.0808,0.23,0.5
env_tight_fixedrisk,PPO:seed13,PPO,1230,106.6008,0.16,0.58
env_tight_fixedrisk,PPO:seed13,PPO,1231,83.77700000000002,0.17,0.54
env_tight_fixedrisk,PPO:seed13,PPO,1232,145.12320000000003,0.12,0.6
env_tight_fixedrisk,PPO:seed13,PPO,1233,105.34679999999996,0.18,0.61
env_tight_fixedrisk,PPO:seed13,PPO,1234,84.81999999999992,0.15,0.55
env_tight_fixedrisk,PPO:seed13,PPO,1235,108.8322,0.15,0.52
env_tight_fixedrisk,PPO:seed13,PPO,1236,90.24259999999998,0.15,0.58
env_tight_fixedrisk,PPO:seed13,PPO,1237,109.35819999999998,0.15,0.5
env_tight_fixedrisk,PPO:seed13,PPO,1238,124.18880000000007,0.1,0.61
env_tight_fixedrisk,PPO:seed13,PPO,1239,138.32300000000004,0.14,0.63
env_tight_fixedrisk,PPO:seed13,PPO,1240,116.01740000000001,0.15,0.46
env_tight_fixedrisk,PPO:seed13,PPO,1241,127.47180000000003,0.14,0.59
env_tight_fixedrisk,PPO:seed13,PPO,1242,80.42599999999993,0.21,0.53
env_tight_fixedrisk,PPO:seed13,PPO,1243,91.49740000000001,0.1,0.5
env_tight_fixedrisk,PPO:seed13,PPO,1244,78.85080000000004,0.2,0.51
env_tight_fixedrisk,PPO:seed13,PPO,1245,160.89119999999997,0.15,0.57
env_tight_fixedrisk,PPO:seed13,PPO,1246,140.2364,0.15,0.56
env_tight_fixedrisk,PPO:seed13,PPO,1247,162.27259999999998,0.07,0.64
env_tight_fixedrisk,PPO:seed13,PPO,1248,129.25419999999997,0.15,0.65
env_tight_fixedrisk,PPO:seed13,PPO,1249,112.19719999999998,0.19,0.49
env_tight_fixedrisk,PPO:seed7,PPO,1000,123.12780000000001,0.12,0.55
env_tight_fixedrisk,PPO:seed7,PPO,1001,88.88739999999999,0.14,0.56
env_tight_fixedrisk,PPO:seed7,PPO,1002,92.8852,0.22,0.56
env_tight_fixedrisk,PPO:seed7,PPO,1003,98.9108,0.11,0.6
env_tight_fixedrisk,PPO:seed7,PPO,1004,126.78720000000001,0.13,0.53
env_tight_fixedrisk,PPO:seed7,PPO,1005,129.93539999999996,0.14,0.66
env_tight_fixedrisk,PPO:seed7,PPO,1006,155.311,0.13,0.63
env_tight_fixedrisk,PPO:seed7,PPO,1007,120.03739999999999,0.17,0.6
env_tight_fixedrisk,PPO:seed7,PPO,1008,96.64059999999995,0.1,0.58
env_tight_fixedrisk,PPO:seed7,PPO,1009,137.93439999999998,0.14,0.62
env_tight_fixedrisk,PPO:seed7,PPO,1010,151.026,0.12,0.62
env_tight_fixedrisk,PPO:seed7,PPO,1011,93.69240000000002,0.18,0.44
env_tight_fixedrisk,PPO:seed7,PPO,1012,98.58060000000005,0.15,0.55
env_tight_fixedrisk,PPO:seed7,PPO,1013,116.16099999999997,0.07,0.46
env_tight_fixedrisk,PPO:seed7,PPO,1014,90.54120000000002,0.18,0.43
env_tight_fixedrisk,PPO:seed7,PPO,1015,106.62820000000002,0.18,0.52
env_tight_fixedrisk,PPO:seed7,PPO,1016,55.371000000000066,0.19,0.53
env_tight_fixedrisk,PPO:seed7,PPO,1017,88.81000000000002,0.16,0.51
env_tight_fixedrisk,PPO:seed7,PPO,1018,96.19259999999994,0.13,0.6
env_tight_fixedrisk,PPO:seed7,PPO,1019,134.23899999999998,0.16,0.57
env_tight_fixedrisk,PPO:seed7,PPO,1020,127.0214,0.19,0.53
env_tight_fixedrisk,PPO:seed7,PPO,1021,89.13400000000003,0.18,0.54
env_tight_fixedrisk,PPO:seed7,PPO,1022,145.09360000000004,0.19,0.57
env_tight_fixedrisk,PPO:seed7,PPO,1023,93.34659999999992,0.19,0.63
env_tight_fixedrisk,PPO:seed7,PPO,1024,103.79559999999998,0.1,0.53
env_tight_fixedrisk,PPO:seed7,PPO,1025,134.28340000000003,0.19,0.56
env_tight_fixedrisk,PPO:seed7,PPO,1026,134.5356,0.13,0.59
env_tight_fixedrisk,PPO:seed7,PPO,1027,132.1252,0.19,0.54
env_tight_fixedrisk,PPO:seed7,PPO,1028,110.63199999999999,0.16,0.61
env_tight_fixedrisk,PPO:seed7,PPO,1029,99.99499999999999,0.19,0.61
env_tight_fixedrisk,PPO:seed7,PPO,1030,84.899,0.19,0.52
env_tight_fixedrisk,PPO:seed7,PPO,1031,75.53079999999996,0.19,0.45
env_tight_fixedrisk,PPO:seed7,PPO,1032,60.93320000000003,0.25,0.39
env_tight_fixedrisk,PPO:seed7,PPO,1033,124.375,0.09,0.67
env_tight_fixedrisk,PPO:seed7,PPO,1034,163.4626,0.09,0.65
env_tight_fixedrisk,PPO:seed7,PPO,1035,104.81360000000002,0.2,0.53
env_tight_fixedrisk,PPO:seed7,PPO,1036,119.9744,0.11,0.63
env_tight_fixedrisk,PPO:seed7,PPO,1037,100.97839999999994,0.1,0.45
env_tight_fixedrisk,PPO:seed7,PPO,1038,84.1482,0.12,0.61
env_tight_fixedrisk,PPO:seed7,PPO,1039,131.2792,0.13,0.54
env_tight_fixedrisk,PPO:seed7,PPO,1040,82.15480000000002,0.21,0.55
env_tight_fixedrisk,PPO:seed7,PPO,1041,110.93060000000003,0.16,0.61
env_tight_fixedrisk,PPO:seed7,PPO,1042,160.1356,0.12,0.62
env_tight_fixedrisk,PPO:seed7,PPO,1043,65.43259999999998,0.19,0.45
env_tight_fixedrisk,PPO:seed7,PPO,1044,102.75259999999992,0.12,0.57
env_tight_fixedrisk,PPO:seed7,PPO,1045,90.15500000000003,0.12,0.58
env_tight_fixedrisk,PPO:seed7,PPO,1046,130.6016,0.11,0.46
env_tight_fixedrisk,PPO:seed7,PPO,1047,111.68299999999996,0.12,0.49
env_tight_fixedrisk,PPO:seed7,PPO,1048,117.65899999999999,0.12,0.63
env_tight_fixedrisk,PPO:seed7,PPO,1049,75.46020000000003,0.17,0.49
env_tight_fixedrisk,PPO:seed7,PPO,1050,128.50400000000002,0.1,0.61
env_tight_fixedrisk,PPO:seed7,PPO,1051,138.2668,0.1,0.62
env_tight_fixedrisk,PPO:seed7,PPO,1052,84.88639999999998,0.13,0.6
env_tight_fixedrisk,PPO:seed7,PPO,1053,142.50379999999998,0.12,0.57
env_tight_fixedrisk,PPO:seed7,PPO,1054,142.84140000000002,0.12,0.65
env_tight_fixedrisk,PPO:seed7,PPO,1055,124.8184,0.1,0.51
env_tight_fixedrisk,PPO:seed7,PPO,1056,119.0952,0.17,0.55
env_tight_fixedrisk,PPO:seed7,PPO,1057,131.01879999999997,0.17,0.56
env_tight_fixedrisk,PPO:seed7,PPO,1058,100.69919999999998,0.14,0.57
env_tight_fixedrisk,PPO:seed7,PPO,1059,136.15319999999997,0.11,0.58
env_tight_fixedrisk,PPO:seed7,PPO,1060,163.51339999999996,0.12,0.63
env_tight_fixedrisk,PPO:seed7,PPO,1061,112.014,0.1,0.63
env_tight_fixedrisk,PPO:seed7,PPO,1062,66.58480000000002,0.18,0.47
env_tight_fixedrisk,PPO:seed7,PPO,1063,92.4932,0.16,0.49
env_tight_fixedrisk,PPO:seed7,PPO,1064,65.19619999999995,0.17,0.52
env_tight_fixedrisk,PPO:seed7,PPO,1065,150.76539999999994,0.12,0.69
env_tight_fixedrisk,PPO:seed7,PPO,1066,134.7706,0.12,0.59
env_tight_fixedrisk,PPO:seed7,PPO,1067,113.69040000000003,0.09,0.58
env_tight_fixedrisk,PPO:seed7,PPO,1068,110.94000000000004,0.15,0.59
env_tight_fixedrisk,PPO:seed7,PPO,1069,66.32840000000002,0.19,0.48
env_tight_fixedrisk,PPO:seed7,PPO,1070,88.15280000000003,0.17,0.62
env_tight_fixedrisk,PPO:seed7,PPO,1071,179.98479999999998,0.07,0.66
env_tight_fixedrisk,PPO:seed7,PPO,1072,76.07799999999996,0.13,0.55
env_tight_fixedrisk,PPO:seed7,PPO,1073,76.53340000000001,0.1,0.45
env_tight_fixedrisk,PPO:seed7,PPO,1074,101.83940000000003,0.09,0.53
env_tight_fixedrisk,PPO:seed7,PPO,1075,110.29559999999998,0.11,0.53
env_tight_fixedrisk,PPO:seed7,PPO,1076,116.43580000000003,0.19,0.61
env_tight_fixedrisk,PPO:seed7,PPO,1077,114.05499999999999,0.1,0.59
env_tight_fixedrisk,PPO:seed7,PPO,1078,123.79719999999998,0.09,0.52
env_tight_fixedrisk,PPO:seed7,PPO,1079,127.1302,0.09,0.59
env_tight_fixedrisk,PPO:seed7,PPO,1080,130.44619999999998,0.13,0.57
env_tight_fixedrisk,PPO:seed7,PPO,1081,99.18919999999993,0.18,0.58
env_tight_fixedrisk,PPO:seed7,PPO,1082,86.3367999999999,0.12,0.54
env_tight_fixedrisk,PPO:seed7,PPO,1083,104.87240000000001,0.13,0.59
env_tight_fixedrisk,PPO:seed7,PPO,1084,153.2306,0.08,0.59
env_tight_fixedrisk,PPO:seed7,PPO,1085,104.18520000000001,0.13,0.47
env_tight_fixedrisk,PPO:seed7,PPO,1086,125.18300000000002,0.17,0.58
env_tight_fixedrisk,PPO:seed7,PPO,1087,126.68800000000002,0.16,0.57
env_tight_fixedrisk,PPO:seed7,PPO,1088,115.59839999999998,0.12,0.58
env_tight_fixedrisk,PPO:seed7,PPO,1089,159.36919999999998,0.06,0.56
env_tight_fixedrisk,PPO:seed7,PPO,1090,80.41899999999998,0.14,0.5
env_tight_fixedrisk,PPO:seed7,PPO,1091,98.58980000000004,0.17,0.58
env_tight_fixedrisk,PPO:seed7,PPO,1092,164.1886,0.16,0.58
env_tight_fixedrisk,PPO:seed7,PPO,1093,159.1338,0.18,0.62
env_tight_fixedrisk,PPO:seed7,PPO,1094,100.46139999999994,0.15,0.54
env_tight_fixedrisk,PPO:seed7,PPO,1095,95.53360000000004,0.17,0.59
env_tight_fixedrisk,PPO:seed7,PPO,1096,173.30880000000002,0.1,0.69
env_tight_fixedrisk,PPO:seed7,PPO,1097,157.48260000000005,0.12,0.66
env_tight_fixedrisk,PPO:seed7,PPO,1098,102.01079999999997,0.22,0.47
env_tight_fixedrisk,PPO:seed7,PPO,1099,112.76280000000001,0.14,0.55
env_tight_fixedrisk,PPO:seed7,PPO,1100,172.3318,0.16,0.63
env_tight_fixedrisk,PPO:seed7,PPO,1101,86.06039999999999,0.15,0.6
env_tight_fixedrisk,PPO:seed7,PPO,1102,131.9876,0.08,0.53
env_tight_fixedrisk,PPO:seed7,PPO,1103,143.76159999999996,0.13,0.61
env_tight_fixedrisk,PPO:seed7,PPO,1104,98.41979999999997,0.15,0.59
env_tight_fixedrisk,PPO:seed7,PPO,1105,67.04180000000001,0.2,0.58
env_tight_fixedrisk,PPO:seed7,PPO,1106,86.35140000000001,0.2,0.51
env_tight_fixedrisk,PPO:seed7,PPO,1107,128.3532,0.17,0.52
env_tight_fixedrisk,PPO:seed7,PPO,1108,92.28739999999999,0.13,0.56
env_tight_fixedrisk,PPO:seed7,PPO,1109,104.15100000000005,0.07,0.52
env_tight_fixedrisk,PPO:seed7,PPO,1110,159.21960000000007,0.08,0.61
env_tight_fixedrisk,PPO:seed7,PPO,1111,119.54239999999999,0.17,0.5
env_tight_fixedrisk,PPO:seed7,PPO,1112,73.7941999999999,0.16,0.56
env_tight_fixedrisk,PPO:seed7,PPO,1113,72.9204,0.15,0.52
env_tight_fixedrisk,PPO:seed7,PPO,1114,128.3556,0.19,0.55
env_tight_fixedrisk,PPO:seed7,PPO,1115,134.6624,0.13,0.59
env_tight_fixedrisk,PPO:seed7,PPO,1116,136.27040000000002,0.18,0.58
env_tight_fixedrisk,PPO:seed7,PPO,1117,83.73959999999995,0.12,0.55
env_tight_fixedrisk,PPO:seed7,PPO,1118,122.28120000000004,0.14,0.52
env_tight_fixedrisk,PPO:seed7,PPO,1119,106.28200000000004,0.25,0.51
env_tight_fixedrisk,PPO:seed7,PPO,1120,122.99799999999999,0.14,0.57
env_tight_fixedrisk,PPO:seed7,PPO,1121,102.29299999999998,0.13,0.43
env_tight_fixedrisk,PPO:seed7,PPO,1122,95.22860000000003,0.12,0.59
env_tight_fixedrisk,PPO:seed7,PPO,1123,137.57780000000002,0.13,0.54
env_tight_fixedrisk,PPO:seed7,PPO,1124,159.5816,0.12,0.65
env_tight_fixedrisk,PPO:seed7,PPO,1125,149.06159999999997,0.12,0.6
env_tight_fixedrisk,PPO:seed7,PPO,1126,84.88720000000002,0.16,0.54
env_tight_fixedrisk,PPO:seed7,PPO,1127,76.44980000000004,0.16,0.55
env_tight_fixedrisk,PPO:seed7,PPO,1128,146.55159999999995,0.13,0.62
env_tight_fixedrisk,PPO:seed7,PPO,1129,134.07080000000002,0.17,0.52
env_tight_fixedrisk,PPO:seed7,PPO,1130,155.06459999999998,0.11,0.57
env_tight_fixedrisk,PPO:seed7,PPO,1131,184.308,0.12,0.61
env_tight_fixedrisk,PPO:seed7,PPO,1132,141.02000000000004,0.1,0.66
env_tight_fixedrisk,PPO:seed7,PPO,1133,107.55699999999993,0.12,0.57
env_tight_fixedrisk,PPO:seed7,PPO,1134,134.3208,0.17,0.47
env_tight_fixedrisk,PPO:seed7,PPO,1135,130.3656,0.16,0.51
env_tight_fixedrisk,PPO:seed7,PPO,1136,105.53440000000002,0.17,0.61
env_tight_fixedrisk,PPO:seed7,PPO,1137,144.12019999999995,0.13,0.6
env_tight_fixedrisk,PPO:seed7,PPO,1138,106.07699999999986,0.1,0.61
env_tight_fixedrisk,PPO:seed7,PPO,1139,79.8325999999999,0.16,0.54
env_tight_fixedrisk,PPO:seed7,PPO,1140,75.41340000000001,0.17,0.63
env_tight_fixedrisk,PPO:seed7,PPO,1141,133.6314,0.15,0.56
env_tight_fixedrisk,PPO:seed7,PPO,1142,70.46839999999993,0.21,0.49
env_tight_fixedrisk,PPO:seed7,PPO,1143,81.9758,0.14,0.56
env_tight_fixedrisk,PPO:seed7,PPO,1144,135.91279999999992,0.09,0.65
env_tight_fixedrisk,PPO:seed7,PPO,1145,87.17520000000002,0.2,0.48
env_tight_fixedrisk,PPO:seed7,PPO,1146,106.21519999999995,0.13,0.48
env_tight_fixedrisk,PPO:seed7,PPO,1147,102.16040000000001,0.14,0.41
env_tight_fixedrisk,PPO:seed7,PPO,1148,140.1980000000001,0.14,0.62
env_tight_fixedrisk,PPO:seed7,PPO,1149,99.66460000000004,0.14,0.57
env_tight_fixedrisk,PPO:seed7,PPO,1150,86.14620000000002,0.2,0.54
env_tight_fixedrisk,PPO:seed7,PPO,1151,127.5404,0.16,0.58
env_tight_fixedrisk,PPO:seed7,PPO,1152,118.8852,0.16,0.65
env_tight_fixedrisk,PPO:seed7,PPO,1153,131.47580000000002,0.16,0.57
env_tight_fixedrisk,PPO:seed7,PPO,1154,107.02420000000014,0.09,0.59
env_tight_fixedrisk,PPO:seed7,PPO,1155,128.9884,0.13,0.62
env_tight_fixedrisk,PPO:seed7,PPO,1156,94.12519999999998,0.16,0.45
env_tight_fixedrisk,PPO:seed7,PPO,1157,137.81200000000004,0.11,0.65
env_tight_fixedrisk,PPO:seed7,PPO,1158,117.5496,0.14,0.54
env_tight_fixedrisk,PPO:seed7,PPO,1159,107.51359999999997,0.14,0.58
env_tight_fixedrisk,PPO:seed7,PPO,1160,157.27840000000003,0.06,0.67
env_tight_fixedrisk,PPO:seed7,PPO,1161,61.468799999999874,0.16,0.6
env_tight_fixedrisk,PPO:seed7,PPO,1162,110.63139999999996,0.15,0.58
env_tight_fixedrisk,PPO:seed7,PPO,1163,96.35640000000004,0.14,0.4
env_tight_fixedrisk,PPO:seed7,PPO,1164,88.58439999999999,0.13,0.48
env_tight_fixedrisk,PPO:seed7,PPO,1165,78.15160000000003,0.16,0.53
env_tight_fixedrisk,PPO:seed7,PPO,1166,90.7432,0.16,0.49
env_tight_fixedrisk,PPO:seed7,PPO,1167,132.2876,0.22,0.54
env_tight_fixedrisk,PPO:seed7,PPO,1168,143.80419999999998,0.13,0.54
env_tight_fixedrisk,PPO:seed7,PPO,1169,134.63019999999997,0.13,0.58
env_tight_fixedrisk,PPO:seed7,PPO,1170,104.21739999999996,0.14,0.51
env_tight_fixedrisk,PPO:seed7,PPO,1171,136.29559999999998,0.06,0.49
env_tight_fixedrisk,PPO:seed7,PPO,1172,97.61419999999998,0.22,0.51
env_tight_fixedrisk,PPO:seed7,PPO,1173,105.02179999999994,0.11,0.53
env_tight_fixedrisk,PPO:seed7,PPO,1174,99.2448,0.23,0.51
env_tight_fixedrisk,PPO:seed7,PPO,1175,67.276,0.18,0.53
env_tight_fixedrisk,PPO:seed7,PPO,1176,62.3712,0.25,0.49
env_tight_fixedrisk,PPO:seed7,PPO,1177,77.47300000000006,0.18,0.54
env_tight_fixedrisk,PPO:seed7,PPO,1178,101.5934,0.13,0.58
env_tight_fixedrisk,PPO:seed7,PPO,1179,109.81319999999997,0.13,0.6
env_tight_fixedrisk,PPO:seed7,PPO,1180,101.36499999999998,0.16,0.47
env_tight_fixedrisk,PPO:seed7,PPO,1181,112.81019999999998,0.21,0.6
env_tight_fixedrisk,PPO:seed7,PPO,1182,122.04540000000003,0.12,0.64
env_tight_fixedrisk,PPO:seed7,PPO,1183,127.93639999999994,0.12,0.67
env_tight_fixedrisk,PPO:seed7,PPO,1184,85.65179999999997,0.24,0.59
env_tight_fixedrisk,PPO:seed7,PPO,1185,99.66140000000001,0.19,0.54
env_tight_fixedrisk,PPO:seed7,PPO,1186,74.19300000000004,0.11,0.51
env_tight_fixedrisk,PPO:seed7,PPO,1187,112.54579999999999,0.16,0.56
env_tight_fixedrisk,PPO:seed7,PPO,1188,125.6532,0.14,0.64
env_tight_fixedrisk,PPO:seed7,PPO,1189,98.52680000000004,0.19,0.49
env_tight_fixedrisk,PPO:seed7,PPO,1190,63.953599999999994,0.19,0.51
env_tight_fixedrisk,PPO:seed7,PPO,1191,89.76479999999998,0.13,0.49
env_tight_fixedrisk,PPO:seed7,PPO,1192,120.7946,0.13,0.57
env_tight_fixedrisk,PPO:seed7,PPO,1193,134.5364,0.09,0.67
env_tight_fixedrisk,PPO:seed7,PPO,1194,79.30780000000001,0.18,0.52
env_tight_fixedrisk,PPO:seed7,PPO,1195,136.7906,0.13,0.58
env_tight_fixedrisk,PPO:seed7,PPO,1196,120.80960000000002,0.18,0.59
env_tight_fixedrisk,PPO:seed7,PPO,1197,107.95759999999997,0.16,0.55
env_tight_fixedrisk,PPO:seed7,PPO,1198,138.35959999999997,0.17,0.64
env_tight_fixedrisk,PPO:seed7,PPO,1199,72.17239999999995,0.2,0.52
env_tight_fixedrisk,PPO:seed7,PPO,1200,120.1128,0.24,0.62
env_tight_fixedrisk,PPO:seed7,PPO,1201,111.85619999999992,0.06,0.62
env_tight_fixedrisk,PPO:seed7,PPO,1202,164.03339999999997,0.1,0.6
env_tight_fixedrisk,PPO:seed7,PPO,1203,113.2762,0.13,0.59
env_tight_fixedrisk,PPO:seed7,PPO,1204,93.3778,0.14,0.63
env_tight_fixedrisk,PPO:seed7,PPO,1205,160.3848,0.08,0.6
env_tight_fixedrisk,PPO:seed7,PPO,1206,72.10799999999999,0.16,0.51
env_tight_fixedrisk,PPO:seed7,PPO,1207,142.4226,0.13,0.6
env_tight_fixedrisk,PPO:seed7,PPO,1208,102.3526,0.16,0.52
env_tight_fixedrisk,PPO:seed7,PPO,1209,118.1018,0.19,0.6
env_tight_fixedrisk,PPO:seed7,PPO,1210,138.58479999999997,0.11,0.59
env_tight_fixedrisk,PPO:seed7,PPO,1211,94.78699999999995,0.09,0.56
env_tight_fixedrisk,PPO:seed7,PPO,1212,115.61659999999992,0.17,0.57
env_tight_fixedrisk,PPO:seed7,PPO,1213,131.9528,0.17,0.56
env_tight_fixedrisk,PPO:seed7,PPO,1214,128.70979999999997,0.15,0.59
env_tight_fixedrisk,PPO:seed7,PPO,1215,131.1834,0.19,0.61
env_tight_fixedrisk,PPO:seed7,PPO,1216,92.22139999999996,0.11,0.57
env_tight_fixedrisk,PPO:seed7,PPO,1217,117.58420000000002,0.1,0.57
env_tight_fixedrisk,PPO:seed7,PPO,1218,134.2496,0.23,0.52
env_tight_fixedrisk,PPO:seed7,PPO,1219,115.23559999999995,0.14,0.53
env_tight_fixedrisk,PPO:seed7,PPO,1220,109.1506,0.13,0.48
env_tight_fixedrisk,PPO:seed7,PPO,1221,111.9398,0.14,0.6
env_tight_fixedrisk,PPO:seed7,PPO,1222,141.9418,0.14,0.56
env_tight_fixedrisk,PPO:seed7,PPO,1223,88.65840000000006,0.12,0.52
env_tight_fixedrisk,PPO:seed7,PPO,1224,112.88159999999989,0.07,0.5
env_tight_fixedrisk,PPO:seed7,PPO,1225,75.12439999999998,0.16,0.53
env_tight_fixedrisk,PPO:seed7,PPO,1226,137.0716,0.15,0.57
env_tight_fixedrisk,PPO:seed7,PPO,1227,121.28719999999998,0.17,0.54
env_tight_fixedrisk,PPO:seed7,PPO,1228,108.15779999999998,0.1,0.64
env_tight_fixedrisk,PPO:seed7,PPO,1229,80.99319999999999,0.23,0.5
env_tight_fixedrisk,PPO:seed7,PPO,1230,71.64700000000006,0.21,0.52
env_tight_fixedrisk,PPO:seed7,PPO,1231,83.77700000000002,0.17,0.54
env_tight_fixedrisk,PPO:seed7,PPO,1232,151.6518,0.15,0.61
env_tight_fixedrisk,PPO:seed7,PPO,1233,89.15079999999998,0.15,0.58
env_tight_fixedrisk,PPO:seed7,PPO,1234,73.9278,0.18,0.55
env_tight_fixedrisk,PPO:seed7,PPO,1235,95.73400000000001,0.15,0.44
env_tight_fixedrisk,PPO:seed7,PPO,1236,124.37220000000005,0.1,0.6
env_tight_fixedrisk,PPO:seed7,PPO,1237,106.52499999999998,0.14,0.5
env_tight_fixedrisk,PPO:seed7,PPO,1238,124.19880000000006,0.1,0.61
env_tight_fixedrisk,PPO:seed7,PPO,1239,138.32300000000004,0.14,0.63
env_tight_fixedrisk,PPO:seed7,PPO,1240,116.01740000000001,0.15,0.46
env_tight_fixedrisk,PPO:seed7,PPO,1241,128.7936,0.16,0.55
env_tight_fixedrisk,PPO:seed7,PPO,1242,101.4642,0.18,0.58
env_tight_fixedrisk,PPO:seed7,PPO,1243,92.49940000000001,0.07,0.5
env_tight_fixedrisk,PPO:seed7,PPO,1244,78.85080000000004,0.2,0.51
env_tight_fixedrisk,PPO:seed7,PPO,1245,146.92060000000004,0.19,0.55
env_tight_fixedrisk,PPO:seed7,PPO,1246,140.2364,0.15,0.56
env_tight_fixedrisk,PPO:seed7,PPO,1247,160.9466,0.07,0.64
env_tight_fixedrisk,PPO:seed7,PPO,1248,129.25419999999997,0.15,0.65
env_tight_fixedrisk,PPO:seed7,PPO,1249,124.9152,0.17,0.51
env_cascade,always_execute,baseline,1000,28.676199999999938,0.47,0.43
env_cascade,always_execute,baseline,1001,27.653199999999984,0.4,0.43
env_cascade,always_execute,baseline,1002,53.82379999999998,0.43,0.49
env_cascade,always_execute,baseline,1003,-26.94700000000003,0.52,0.39
env_cascade,always_execute,baseline,1004,26.95300000000003,0.52,0.39
env_cascade,always_execute,baseline,1005,-9.465199999999996,0.62,0.37
env_cascade,always_execute,baseline,1006,-5.519800000000004,0.53,0.4
env_cascade,always_execute,baseline,1007,27.464400000000012,0.5,0.46
env_cascade,always_execute,baseline,1008,18.75439999999996,0.55,0.38
env_cascade,always_execute,baseline,1009,4.617400000000025,0.55,0.36
env_cascade,always_execute,baseline,1010,6.3745999999999015,0.53,0.47
env_cascade,always_execute,baseline,1011,2.57680000000002,0.61,0.33
env_cascade,always_execute,baseline,1012,18.600199999999973,0.48,0.41
env_cascade,always_execute,baseline,1013,48.914800000000014,0.46,0.45
env_cascade,always_execute,baseline,1014,17.345799999999954,0.52,0.44
env_cascade,always_execute,baseline,1015,-3.178200000000004,0.56,0.41
env_cascade,always_execute,baseline,1016,-10.57080000000002,0.53,0.44
env_cascade,always_execute,baseline,1017,74.93440000000001,0.48,0.49
env_cascade,always_execute,baseline,1018,38.90360000000007,0.47,0.47
env_cascade,always_execute,baseline,1019,-27.33240000000002,0.61,0.36
env_cascade,always_execute,baseline,1020,-3.990399999999994,0.57,0.37
env_cascade,always_execute,baseline,1021,-17.975000000000023,0.61,0.37
env_cascade,always_execute,baseline,1022,80.61359999999996,0.39,0.5
env_cascade,always_execute,baseline,1023,49.83359999999999,0.55,0.42
env_cascade,always_execute,baseline,1024,-11.156199999999984,0.54,0.43
env_cascade,always_execute,baseline,1025,6.312799999999996,0.54,0.38
env_cascade,always_execute,baseline,1026,3.512999999999977,0.58,0.39
env_cascade,always_execute,baseline,1027,27.06999999999998,0.48,0.44
env_cascade,always_execute,baseline,1028,63.08240000000001,0.48,0.46
env_cascade,always_execute,baseline,1029,22.36340000000004,0.43,0.47
env_cascade,always_execute,baseline,1030,4.720000000000013,0.43,0.48
env_cascade,always_execute,baseline,1031,12.365200000000002,0.56,0.38
env_cascade,always_execute,baseline,1032,23.76459999999996,0.51,0.43
env_cascade,always_execute,baseline,1033,4.034399999999991,0.48,0.43
env_cascade,always_execute,baseline,1034,22.90639999999999,0.49,0.45
env_cascade,always_execute,baseline,1035,20.255600000000015,0.51,0.42
env_cascade,always_execute,baseline,1036,56.07279999999997,0.46,0.46
env_cascade,always_execute,baseline,1037,-16.709999999999994,0.62,0.33
env_cascade,always_execute,baseline,1038,-44.69639999999998,0.62,0.36
env_cascade,always_execute,baseline,1039,52.22139999999999,0.49,0.43
env_cascade,always_execute,baseline,1040,13.041999999999959,0.57,0.33
env_cascade,always_execute,baseline,1041,1.4425999999999561,0.53,0.44
env_cascade,always_execute,baseline,1042,45.58939999999997,0.48,0.43
env_cascade,always_execute,baseline,1043,29.9298,0.49,0.45
env_cascade,always_execute,baseline,1044,10.263399999999905,0.54,0.4
env_cascade,always_execute,baseline,1045,34.22359999999995,0.46,0.47
env_cascade,always_execute,baseline,1046,43.40880000000004,0.53,0.45
env_cascade,always_execute,baseline,1047,43.41420000000001,0.53,0.41
env_cascade,always_execute,baseline,1048,17.170799999999986,0.51,0.41
env_cascade,always_execute,baseline,1049,44.98060000000004,0.52,0.45
env_cascade,always_execute,baseline,1050,79.906,0.46,0.48
env_cascade,always_execute,baseline,1051,61.14240000000002,0.44,0.47
env_cascade,always_execute,baseline,1052,-45.04499999999996,0.6,0.34
env_cascade,always_execute,baseline,1053,-27.032600000000045,0.56,0.42
env_cascade,always_execute,baseline,1054,54.08080000000001,0.49,0.45
env_cascade,always_execute,baseline,1055,29.531200000000013,0.46,0.43
env_cascade,always_execute,baseline,1056,31.05400000000003,0.55,0.42
env_cascade,always_execute,baseline,1057,36.397399999999976,0.53,0.43
env_cascade,always_execute,baseline,1058,32.80200000000001,0.47,0.47
env_cascade,always_execute,baseline,1059,9.315399999999968,0.48,0.45
env_cascade,always_execute,baseline,1060,77.4946,0.44,0.48
env_cascade,always_execute,baseline,1061,37.459599999999995,0.45,0.47
env_cascade,always_execute,baseline,1062,53.41660000000002,0.52,0.45
env_cascade,always_execute,baseline,1063,30.289000000000016,0.56,0.37
env_cascade,always_execute,baseline,1064,32.65780000000001,0.49,0.45
env_cascade,always_execute,baseline,1065,58.2568,0.45,0.49
env_cascade,always_execute,baseline,1066,36.39319999999995,0.52,0.4
env_cascade,always_execute,baseline,1067,-10.489799999999946,0.55,0.39
env_cascade,always_execute,baseline,1068,12.145199999999988,0.53,0.38
env_cascade,always_execute,baseline,1069,41.04299999999998,0.52,0.43
env_cascade,always_execute,baseline,1070,19.361599999999996,0.56,0.44
env_cascade,always_execute,baseline,1071,59.8322,0.48,0.45
env_cascade,always_execute,baseline,1072,-22.763199999999898,0.44,0.43
env_cascade,always_execute,baseline,1073,42.08840000000001,0.48,0.44
env_cascade,always_execute,baseline,1074,29.831200000000024,0.36,0.49
env_cascade,always_execute,baseline,1075,14.410999999999945,0.58,0.41
env_cascade,always_execute,baseline,1076,25.603400000000022,0.55,0.38
env_cascade,always_execute,baseline,1077,-0.22119999999996054,0.6,0.37
env_cascade,always_execute,baseline,1078,52.7474,0.47,0.42
env_cascade,always_execute,baseline,1079,10.925600000000017,0.52,0.38
env_cascade,always_execute,baseline,1080,54.8982,0.43,0.47
env_cascade,always_execute,baseline,1081,25.201399999999992,0.52,0.46
env_cascade,always_execute,baseline,1082,17.658999999999992,0.53,0.41
env_cascade,always_execute,baseline,1083,-2.025800000000004,0.49,0.45
env_cascade,always_execute,baseline,1084,26.92619999999998,0.47,0.46
env_cascade,always_execute,baseline,1085,7.601200000000034,0.56,0.37
env_cascade,always_execute,baseline,1086,24.58,0.53,0.41
env_cascade,always_execute,baseline,1087,5.762199999999993,0.52,0.39
env_cascade,always_execute,baseline,1088,16.345200000000006,0.53,0.39
env_cascade,always_execute,baseline,1089,-1.1351999999999833,0.56,0.39
env_cascade,always_execute,baseline,1090,-12.352200000000053,0.55,0.4
env_cascade,always_execute,baseline,1091,15.585200000000015,0.55,0.39
env_cascade,always_execute,baseline,1092,69.82840000000002,0.5,0.44
env_cascade,always_execute,baseline,1093,24.846400000000003,0.55,0.39
env_cascade,always_execute,baseline,1094,-13.728799999999922,0.58,0.42
env_cascade,always_execute,baseline,1095,8.17919999999998,0.46,0.41
env_cascade,always_execute,baseline,1096,85.34960000000001,0.43,0.51
env_cascade,always_execute,baseline,1097,34.7714,0.51,0.42
env_cascade,always_execute,baseline,1098,37.1326,0.47,0.42
env_cascade,always_execute,baseline,1099,66.76640000000002,0.39,0.48
env_cascade,always_execute,baseline,1100,16.638799999999975,0.51,0.43
env_cascade,always_execute,baseline,1101,49.84540000000001,0.47,0.46
env_cascade,always_execute,baseline,1102,19.496399999999994,0.53,0.37
env_cascade,always_execute,baseline,1103,40.65899999999996,0.53,0.43
env_cascade,always_execute,baseline,1104,62.809400000000025,0.47,0.48
env_cascade,always_execute,baseline,1105,1.1176000000000528,0.5,0.47
env_cascade,always_execute,baseline,1106,14.88679999999998,0.55,0.45
env_cascade,always_execute,baseline,1107,49.01279999999997,0.52,0.44
env_cascade,always_execute,baseline,1108,-8.789999999999992,0.58,0.33
env_cascade,always_execute,baseline,1109,26.88000000000001,0.51,0.4
env_cascade,always_execute,baseline,1110,20.25320000000002,0.47,0.45
env_cascade,always_execute,baseline,1111,31.853399999999965,0.5,0.39
env_cascade,always_execute,baseline,1112,21.079800000000034,0.55,0.38
env_cascade,always_execute,baseline,1113,-1.4738000000000113,0.53,0.42
env_cascade,always_execute,baseline,1114,56.87399999999997,0.45,0.46
env_cascade,always_execute,baseline,1115,68.97280000000005,0.46,0.45
env_cascade,always_execute,baseline,1116,67.02779999999998,0.45,0.46
env_cascade,always_execute,baseline,1117,2.6394000000000233,0.45,0.46
env_cascade,always_execute,baseline,1118,32.68080000000006,0.51,0.44
env_cascade,always_execute,baseline,1119,28.817199999999985,0.58,0.4
env_cascade,always_execute,baseline,1120,0.664999999999992,0.58,0.37
env_cascade,always_execute,baseline,1121,48.188800000000015,0.55,0.45
env_cascade,always_execute,baseline,1122,15.579799999999977,0.47,0.42
env_cascade,always_execute,baseline,1123,36.141200000000026,0.5,0.42
env_cascade,always_execute,baseline,1124,65.72659999999999,0.43,0.47
env_cascade,always_execute,baseline,1125,36.27540000000002,0.48,0.47
env_cascade,always_execute,baseline,1126,4.74560000000001,0.54,0.38
env_cascade,always_execute,baseline,1127,-16.519400000000005,0.54,0.39
env_cascade,always_execute,baseline,1128,22.673799999999986,0.5,0.44
env_cascade,always_execute,baseline,1129,12.995200000000011,0.58,0.42
env_cascade,always_execute,baseline,1130,-14.294800000000038,0.6,0.36
env_cascade,always_execute,baseline,1131,58.4632,0.5,0.46
env_cascade,always_execute,baseline,1132,25.90059999999997,0.48,0.42
env_cascade,always_execute,baseline,1133,3.022999999999975,0.6,0.37
env_cascade,always_execute,baseline,1134,42.96000000000001,0.58,0.4
env_cascade,always_execute,baseline,1135,8.37120000000003,0.59,0.36
env_cascade,always_execute,baseline,1136,41.89999999999998,0.51,0.46
env_cascade,always_execute,baseline,1137,56.41239999999999,0.54,0.44
env_cascade,always_execute,baseline,1138,20.856799999999936,0.48,0.41
env_cascade,always_execute,baseline,1139,-8.778000000000006,0.54,0.4
env_cascade,always_execute,baseline,1140,21.74540000000006,0.42,0.5
env_cascade,always_execute,baseline,1141,30.640799999999984,0.54,0.38
env_cascade,always_execute,baseline,1142,63.28319999999995,0.4,0.5
env_cascade,always_execute,baseline,1143,-16.497600000000006,0.58,0.37
env_cascade,always_execute,baseline,1144,6.113800000000012,0.48,0.43
env_cascade,always_execute,baseline,1145,33.18700000000001,0.5,0.45
env_cascade,always_execute,baseline,1146,5.065999999999953,0.54,0.4
env_cascade,always_execute,baseline,1147,38.572800000000015,0.59,0.41
env_cascade,always_execute,baseline,1148,55.20020000000004,0.5,0.43
env_cascade,always_execute,baseline,1149,16.358600000000038,0.49,0.46
env_cascade,always_execute,baseline,1150,0.567799999999977,0.49,0.45
env_cascade,always_execute,baseline,1151,3.5001999999999214,0.55,0.43
env_cascade,always_execute,baseline,1152,55.673400000000015,0.44,0.47
env_cascade,always_execute,baseline,1153,74.2028,0.51,0.46
env_cascade,always_execute,baseline,1154,29.988000000000056,0.43,0.5
env_cascade,always_execute,baseline,1155,63.09199999999997,0.54,0.42
env_cascade,always_execute,baseline,1156,23.49380000000002,0.47,0.43
env_cascade,always_execute,baseline,1157,30.03959999999995,0.46,0.45
env_cascade,always_execute,baseline,1158,20.325000000000003,0.46,0.44
env_cascade,always_execute,baseline,1159,29.70000000000003,0.56,0.38
env_cascade,always_execute,baseline,1160,16.826999999999984,0.54,0.39
env_cascade,always_execute,baseline,1161,0.11400000000000432,0.54,0.45
env_cascade,always_execute,baseline,1162,-4.990800000000007,0.45,0.47
env_cascade,always_execute,baseline,1163,51.70960000000001,0.46,0.47
env_cascade,always_execute,baseline,1164,39.970600000000005,0.47,0.48
env_cascade,always_execute,baseline,1165,22.006799999999984,0.54,0.41
env_cascade,always_execute,baseline,1166,63.8828,0.49,0.43
env_cascade,always_execute,baseline,1167,54.06079999999997,0.53,0.42
env_cascade,always_execute,baseline,1168,45.080399999999955,0.37,0.47
env_cascade,always_execute,baseline,1169,60.8912,0.48,0.52
env_cascade,always_execute,baseline,1170,26.796799999999948,0.51,0.46
env_cascade,always_execute,baseline,1171,56.286199999999994,0.54,0.42
env_cascade,always_execute,baseline,1172,51.68319999999997,0.46,0.51
env_cascade,always_execute,baseline,1173,29.906000000000006,0.54,0.4
env_cascade,always_execute,baseline,1174,51.579800000000006,0.5,0.43
env_cascade,always_execute,baseline,1175,11.84220000000002,0.44,0.47
env_cascade,always_execute,baseline,1176,29.998999999999953,0.6,0.38
env_cascade,always_execute,baseline,1177,20.174200000000027,0.57,0.37
env_cascade,always_execute,baseline,1178,15.617400000000004,0.56,0.38
env_cascade,always_execute,baseline,1179,-0.9938000000000073,0.59,0.41
env_cascade,always_execute,baseline,1180,72.30179999999999,0.39,0.5
env_cascade,always_execute,baseline,1181,35.61519999999999,0.51,0.44
env_cascade,always_execute,baseline,1182,20.961799999999997,0.54,0.42
env_cascade,always_execute,baseline,1183,29.497799999999955,0.52,0.42
env_cascade,always_execute,baseline,1184,-32.49659999999996,0.58,0.33
env_cascade,always_execute,baseline,1185,29.825800000000015,0.53,0.42
env_cascade,always_execute,baseline,1186,16.571400000000082,0.52,0.44
env_cascade,always_execute,baseline,1187,31.377399999999994,0.54,0.4
env_cascade,always_execute,baseline,1188,48.081199999999995,0.42,0.48
env_cascade,always_execute,baseline,1189,-0.14419999999999789,0.6,0.34
env_cascade,always_execute,baseline,1190,-4.813400000000009,0.62,0.37
env_cascade,always_execute,baseline,1191,3.5091999999999217,0.5,0.42
env_cascade,always_execute,baseline,1192,9.573200000000014,0.5,0.41
env_cascade,always_execute,baseline,1193,2.716799999999992,0.47,0.49
env_cascade,always_execute,baseline,1194,9.342800000000011,0.55,0.39
env_cascade,always_execute,baseline,1195,50.78840000000004,0.42,0.47
env_cascade,always_execute,baseline,1196,53.07520000000001,0.53,0.44
env_cascade,always_execute,baseline,1197,26.2324,0.5,0.46
env_cascade,always_execute,baseline,1198,3.785599999999988,0.5,0.45
env_cascade,always_execute,baseline,1199,38.44279999999996,0.47,0.46
env_cascade,always_execute,baseline,1200,17.31880000000004,0.54,0.38
env_cascade,always_execute,baseline,1201,58.806599999999975,0.38,0.53
env_cascade,always_execute,baseline,1202,36.967999999999975,0.55,0.39
env_cascade,always_execute,baseline,1203,33.525000000000006,0.5,0.43
env_cascade,always_execute,baseline,1204,-15.180199999999957,0.55,0.41
env_cascade,always_execute,baseline,1205,17.16119999999998,0.51,0.44
env_cascade,always_execute,baseline,1206,-10.260400000000004,0.57,0.41
env_cascade,always_execute,baseline,1207,63.44179999999996,0.38,0.51
env_cascade,always_execute,baseline,1208,19.056600000000017,0.55,0.41
env_cascade,always_execute,baseline,1209,-3.2077999999999918,0.55,0.41
env_cascade,always_execute,baseline,1210,30.533200000000022,0.57,0.43
env_cascade,always_execute,baseline,1211,34.980999999999966,0.46,0.44
env_cascade,always_execute,baseline,1212,47.9992,0.48,0.45
env_cascade,always_execute,baseline,1213,13.645800000000023,0.59,0.4
env_cascade,always_execute,baseline,1214,1.853800000000021,0.4,0.46
env_cascade,always_execute,baseline,1215,21.213599999999985,0.53,0.41
env_cascade,always_execute,baseline,1216,27.499399999999994,0.48,0.5
env_cascade,always_execute,baseline,1217,40.148400000000024,0.51,0.44
env_cascade,always_execute,baseline,1218,70.69519999999996,0.43,0.47
env_cascade,always_execute,baseline,1219,15.121799999999979,0.54,0.41
env_cascade,always_execute,baseline,1220,56.34620000000001,0.52,0.42
env_cascade,always_execute,baseline,1221,-3.976799999999983,0.46,0.43
env_cascade,always_execute,baseline,1222,12.382200000000026,0.49,0.39
env_cascade,always_execute,baseline,1223,-4.385000000000048,0.55,0.39
env_cascade,always_execute,baseline,1224,32.39920000000002,0.5,0.46
env_cascade,always_execute,baseline,1225,-18.013200000000026,0.58,0.38
env_cascade,always_execute,baseline,1226,-2.677599999999991,0.61,0.29
env_cascade,always_execute,baseline,1227,51.17060000000001,0.48,0.44
env_cascade,always_execute,baseline,1228,40.05739999999999,0.52,0.4
env_cascade,always_execute,baseline,1229,66.62300000000003,0.38,0.55
env_cascade,always_execute,baseline,1230,10.91379999999998,0.48,0.43
env_cascade,always_execute,baseline,1231,37.18759999999999,0.46,0.5
env_cascade,always_execute,baseline,1232,11.568600000000004,0.57,0.39
env_cascade,always_execute,baseline,1233,20.62540000000007,0.5,0.45
env_cascade,always_execute,baseline,1234,4.120599999999939,0.59,0.37
env_cascade,always_execute,baseline,1235,46.90519999999998,0.51,0.4
env_cascade,always_execute,baseline,1236,14.176199999999966,0.46,0.45
env_cascade,always_execute,baseline,1237,42.39519999999999,0.53,0.45
env_cascade,always_execute,baseline,1238,5.92880000000001,0.5,0.38
env_cascade,always_execute,baseline,1239,11.919600000000031,0.55,0.44
env_cascade,always_execute,baseline,1240,63.43960000000001,0.5,0.49
env_cascade,always_execute,baseline,1241,11.266399999999976,0.5,0.45
env_cascade,always_execute,baseline,1242,54.74200000000005,0.39,0.52
env_cascade,always_execute,baseline,1243,-5.15059999999994,0.5,0.46
env_cascade,always_execute,baseline,1244,-1.389999999999958,0.5,0.44
env_cascade,always_execute,baseline,1245,-9.31800000000004,0.66,0.34
env_cascade,always_execute,baseline,1246,25.597199999999987,0.56,0.41
env_cascade,always_execute,baseline,1247,34.046600000000026,0.47,0.47
env_cascade,always_execute,baseline,1248,32.2576,0.54,0.42
env_cascade,always_execute,baseline,1249,61.6858,0.48,0.43
env_cascade,throttle (hand),hand,1000,51.10520000000001,0.38,0.36
env_cascade,throttle (hand),hand,1001,36.13439999999997,0.38,0.36
env_cascade,throttle (hand),hand,1002,31.655200000000008,0.42,0.38
env_cascade,throttle (hand),hand,1003,6.093599999999981,0.39,0.36
env_cascade,throttle (hand),hand,1004,25.761800000000008,0.43,0.32
env_cascade,throttle (hand),hand,1005,95.50300000000001,0.3,0.44
env_cascade,throttle (hand),hand,1006,48.082599999999985,0.37,0.42
env_cascade,throttle (hand),hand,1007,18.978800000000007,0.43,0.37
env_cascade,throttle (hand),hand,1008,-4.871400000000008,0.4,0.35
env_cascade,throttle (hand),hand,1009,36.30500000000002,0.42,0.34
env_cascade,throttle (hand),hand,1010,72.735,0.37,0.4
env_cascade,throttle (hand),hand,1011,50.93079999999998,0.4,0.36
env_cascade,throttle (hand),hand,1012,44.814400000000035,0.36,0.4
env_cascade,throttle (hand),hand,1013,93.69039999999998,0.29,0.42
env_cascade,throttle (hand),hand,1014,29.871399999999895,0.38,0.37
env_cascade,throttle (hand),hand,1015,9.791799999999938,0.42,0.37
env_cascade,throttle (hand),hand,1016,16.09879999999996,0.45,0.39
env_cascade,throttle (hand),hand,1017,47.233999999999995,0.33,0.47
env_cascade,throttle (hand),hand,1018,42.4618,0.31,0.42
env_cascade,throttle (hand),hand,1019,36.93340000000002,0.42,0.34
env_cascade,throttle (hand),hand,1020,41.50239999999998,0.39,0.37
env_cascade,throttle (hand),hand,1021,34.789800000000014,0.38,0.39
env_cascade,throttle (hand),hand,1022,72.08080000000001,0.38,0.43
env_cascade,throttle (hand),hand,1023,44.73580000000001,0.37,0.4
env_cascade,throttle (hand),hand,1024,17.970000000000013,0.36,0.39
env_cascade,throttle (hand),hand,1025,59.12939999999996,0.41,0.36
env_cascade,throttle (hand),hand,1026,64.9212,0.3,0.42
env_cascade,throttle (hand),hand,1027,21.322599999999994,0.49,0.37
env_cascade,throttle (hand),hand,1028,34.25320000000001,0.44,0.35
env_cascade,throttle (hand),hand,1029,20.253199999999993,0.42,0.32
env_cascade,throttle (hand),hand,1030,1.6912000000000376,0.36,0.37
env_cascade,throttle (hand),hand,1031,30.379199999999997,0.47,0.36
env_cascade,throttle (hand),hand,1032,54.6318,0.33,0.37
env_cascade,throttle (hand),hand,1033,36.58680000000005,0.31,0.39
env_cascade,throttle (hand),hand,1034,76.56819999999996,0.34,0.43
env_cascade,throttle (hand),hand,1035,50.41199999999998,0.38,0.37
env_cascade,throttle (hand),hand,1036,-2.5870000000000175,0.43,0.31
env_cascade,throttle (hand),hand,1037,58.293799999999976,0.38,0.37
env_cascade,throttle (hand),hand,1038,19.409799999999983,0.38,0.35
env_cascade,throttle (hand),hand,1039,57.45280000000001,0.35,0.41
env_cascade,throttle (hand),hand,1040,14.71439999999997,0.4,0.33
env_cascade,throttle (hand),hand,1041,40.55619999999999,0.39,0.39
env_cascade,throttle (hand),hand,1042,38.37440000000001,0.4,0.34
env_cascade,throttle (hand),hand,1043,67.1888,0.38,0.4
env_cascade,throttle (hand),hand,1044,32.813,0.39,0.39
env_cascade,throttle (hand),hand,1045,72.2492,0.3,0.45
env_cascade,throttle (hand),hand,1046,104.3118,0.26,0.54
env_cascade,throttle (hand),hand,1047,22.3048,0.36,0.38
env_cascade,throttle (hand),hand,1048,2.7299999999999898,0.36,0.34
env_cascade,throttle (hand),hand,1049,52.397600000000025,0.39,0.43
env_cascade,throttle (hand),hand,1050,19.690400000000054,0.41,0.39
env_cascade,throttle (hand),hand,1051,33.90799999999999,0.44,0.36
env_cascade,throttle (hand),hand,1052,22.25100000000002,0.42,0.34
env_cascade,throttle (hand),hand,1053,26.0488,0.42,0.37
env_cascade,throttle (hand),hand,1054,34.72019999999996,0.34,0.4
env_cascade,throttle (hand),hand,1055,28.37639999999999,0.34,0.4
env_cascade,throttle (hand),hand,1056,59.54499999999999,0.34,0.43
env_cascade,throttle (hand),hand,1057,52.085000000000036,0.44,0.4
env_cascade,throttle (hand),hand,1058,47.253600000000006,0.38,0.37
env_cascade,throttle (hand),hand,1059,10.932199999999987,0.47,0.32
env_cascade,throttle (hand),hand,1060,73.86840000000004,0.31,0.41
env_cascade,throttle (hand),hand,1061,40.039800000000014,0.35,0.41
env_cascade,throttle (hand),hand,1062,28.69320000000002,0.45,0.41
env_cascade,throttle (hand),hand,1063,50.23919999999998,0.4,0.38
env_cascade,throttle (hand),hand,1064,78.01999999999998,0.32,0.44
env_cascade,throttle (hand),hand,1065,54.4952,0.33,0.38
env_cascade,throttle (hand),hand,1066,27.477999999999994,0.42,0.36
env_cascade,throttle (hand),hand,1067,47.17959999999999,0.33,0.41
env_cascade,throttle (hand),hand,1068,47.73859999999999,0.36,0.39
env_cascade,throttle (hand),hand,1069,17.135800000000003,0.42,0.38
env_cascade,throttle (hand),hand,1070,51.809800000000024,0.37,0.38
env_cascade,throttle (hand),hand,1071,76.07300000000001,0.34,0.4
env_cascade,throttle (hand),hand,1072,11.373599999999996,0.37,0.39
env_cascade,throttle (hand),hand,1073,20.033600000000014,0.38,0.34
env_cascade,throttle (hand),hand,1074,30.33039999999997,0.31,0.42
env_cascade,throttle (hand),hand,1075,42.03100000000002,0.35,0.38
env_cascade,throttle (hand),hand,1076,54.37779999999998,0.37,0.42
env_cascade,throttle (hand),hand,1077,-0.8392000000000053,0.45,0.32
env_cascade,throttle (hand),hand,1078,76.9202,0.33,0.42
env_cascade,throttle (hand),hand,1079,72.4196,0.36,0.36
env_cascade,throttle (hand),hand,1080,17.833800000000032,0.44,0.35
env_cascade,throttle (hand),hand,1081,37.29559999999999,0.33,0.44
env_cascade,throttle (hand),hand,1082,39.533399999999986,0.42,0.37
env_cascade,throttle (hand),hand,1083,48.41399999999999,0.36,0.38
env_cascade,throttle (hand),hand,1084,15.748200000000054,0.43,0.36
env_cascade,throttle (hand),hand,1085,56.09479999999998,0.45,0.37
env_cascade,throttle (hand),hand,1086,47.3112,0.39,0.32
env_cascade,throttle (hand),hand,1087,1.6869999999999834,0.44,0.33
env_cascade,throttle (hand),hand,1088,28.650799999999975,0.4,0.36
env_cascade,throttle (hand),hand,1089,54.765600000000035,0.4,0.35
env_cascade,throttle (hand),hand,1090,34.21819999999998,0.48,0.37
env_cascade,throttle (hand),hand,1091,61.32340000000002,0.33,0.39
env_cascade,throttle (hand),hand,1092,31.131999999999977,0.47,0.34
env_cascade,throttle (hand),hand,1093,1.0557999999999907,0.44,0.36
env_cascade,throttle (hand),hand,1094,25.584599999999966,0.41,0.35
env_cascade,throttle (hand),hand,1095,4.5,0.42,0.37
env_cascade,throttle (hand),hand,1096,44.623399999999975,0.37,0.4
env_cascade,throttle (hand),hand,1097,94.815,0.31,0.43
env_cascade,throttle (hand),hand,1098,48.29020000000003,0.42,0.34
env_cascade,throttle (hand),hand,1099,26.027600000000007,0.39,0.36
env_cascade,throttle (hand),hand,1100,109.77100000000002,0.33,0.48
env_cascade,throttle (hand),hand,1101,33.34200000000004,0.42,0.41
env_cascade,throttle (hand),hand,1102,21.725399999999993,0.42,0.32
env_cascade,throttle (hand),hand,1103,46.4366,0.41,0.39
env_cascade,throttle (hand),hand,1104,53.70719999999997,0.39,0.42
env_cascade,throttle (hand),hand,1105,1.4598000000000297,0.42,0.36
env_cascade,throttle (hand),hand,1106,62.66560000000001,0.34,0.44
env_cascade,throttle (hand),hand,1107,58.050399999999996,0.36,0.38
env_cascade,throttle (hand),hand,1108,26.230399999999975,0.39,0.34
env_cascade,throttle (hand),hand,1109,27.91680000000001,0.41,0.41
env_cascade,throttle (hand),hand,1110,10.458599999999947,0.43,0.35
env_cascade,throttle (hand),hand,1111,71.2148,0.42,0.37
env_cascade,throttle (hand),hand,1112,32.3382,0.42,0.33
env_cascade,throttle (hand),hand,1113,20.68700000000004,0.43,0.36
env_cascade,throttle (hand),hand,1114,68.5346,0.34,0.39
env_cascade,throttle (hand),hand,1115,56.23159999999996,0.28,0.4
env_cascade,throttle (hand),hand,1116,59.950000000000045,0.34,0.38
env_cascade,throttle (hand),hand,1117,23.984799999999936,0.37,0.4
env_cascade,throttle (hand),hand,1118,32.21240000000006,0.39,0.39
env_cascade,throttle (hand),hand,1119,11.26860000000002,0.5,0.31
env_cascade,throttle (hand),hand,1120,52.5642,0.42,0.36
env_cascade,throttle (hand),hand,1121,25.316000000000003,0.47,0.35
env_cascade,throttle (hand),hand,1122,20.628400000000013,0.38,0.39
env_cascade,throttle (hand),hand,1123,34.71640000000001,0.35,0.4
env_cascade,throttle (hand),hand,1124,14.094999999999942,0.39,0.37
env_cascade,throttle (hand),hand,1125,59.297399999999996,0.38,0.39
env_cascade,throttle (hand),hand,1126,27.973,0.47,0.3
env_cascade,throttle (hand),hand,1127,67.7844,0.35,0.41
env_cascade,throttle (hand),hand,1128,58.841800000000006,0.35,0.41
env_cascade,throttle (hand),hand,1129,54.10940000000002,0.4,0.38
env_cascade,throttle (hand),hand,1130,46.07700000000003,0.4,0.35
env_cascade,throttle (hand),hand,1131,23.653800000000018,0.46,0.3
env_cascade,throttle (hand),hand,1132,18.608400000000003,0.38,0.35
env_cascade,throttle (hand),hand,1133,-3.9590000000000174,0.47,0.3
env_cascade,throttle (hand),hand,1134,68.02840000000003,0.41,0.36
env_cascade,throttle (hand),hand,1135,22.535999999999973,0.43,0.35
env_cascade,throttle (hand),hand,1136,41.976,0.34,0.46
env_cascade,throttle (hand),hand,1137,43.71919999999997,0.45,0.36
env_cascade,throttle (hand),hand,1138,-5.538399999999939,0.4,0.33
env_cascade,throttle (hand),hand,1139,-1.284200000000041,0.4,0.33
env_cascade,throttle (hand),hand,1140,28.41139999999993,0.36,0.39
env_cascade,throttle (hand),hand,1141,68.6444,0.37,0.36
env_cascade,throttle (hand),hand,1142,30.20920000000004,0.36,0.39
env_cascade,throttle (hand),hand,1143,-3.962799999999959,0.4,0.34
env_cascade,throttle (hand),hand,1144,9.558199999999978,0.42,0.33
env_cascade,throttle (hand),hand,1145,14.656199999999984,0.37,0.4
env_cascade,throttle (hand),hand,1146,18.435000000000016,0.37,0.35
env_cascade,throttle (hand),hand,1147,45.063799999999986,0.38,0.4
env_cascade,throttle (hand),hand,1148,73.7496,0.3,0.44
env_cascade,throttle (hand),hand,1149,5.522800000000046,0.43,0.36
env_cascade,throttle (hand),hand,1150,71.12380000000002,0.36,0.46
env_cascade,throttle (hand),hand,1151,48.09979999999999,0.4,0.37
env_cascade,throttle (hand),hand,1152,102.918,0.32,0.44
env_cascade,throttle (hand),hand,1153,13.58639999999997,0.4,0.36
env_cascade,throttle (hand),hand,1154,37.77119999999999,0.33,0.45
env_cascade,throttle (hand),hand,1155,63.62940000000002,0.37,0.39
env_cascade,throttle (hand),hand,1156,17.93459999999999,0.49,0.37
env_cascade,throttle (hand),hand,1157,18.57799999999994,0.42,0.35
env_cascade,throttle (hand),hand,1158,47.39960000000002,0.37,0.38
env_cascade,throttle (hand),hand,1159,54.18960000000001,0.31,0.38
env_cascade,throttle (hand),hand,1160,25.64440000000002,0.45,0.36
env_cascade,throttle (hand),hand,1161,63.79719999999996,0.32,0.46
env_cascade,throttle (hand),hand,1162,15.56240000000004,0.33,0.37
env_cascade,throttle (hand),hand,1163,47.22619999999999,0.37,0.38
env_cascade,throttle (hand),hand,1164,53.140000000000015,0.34,0.42
env_cascade,throttle (hand),hand,1165,70.96000000000001,0.37,0.39
env_cascade,throttle (hand),hand,1166,33.1018,0.42,0.35
env_cascade,throttle (hand),hand,1167,66.57660000000001,0.45,0.4
env_cascade,throttle (hand),hand,1168,8.480000000000018,0.41,0.35
env_cascade,throttle (hand),hand,1169,45.67439999999996,0.35,0.39
env_cascade,throttle (hand),hand,1170,6.899599999999936,0.47,0.38
env_cascade,throttle (hand),hand,1171,97.04759999999999,0.39,0.46
env_cascade,throttle (hand),hand,1172,15.573800000000006,0.5,0.33
env_cascade,throttle (hand),hand,1173,36.16839999999999,0.4,0.36
env_cascade,throttle (hand),hand,1174,31.67319999999998,0.4,0.38
env_cascade,throttle (hand),hand,1175,20.272399999999962,0.35,0.37
env_cascade,throttle (hand),hand,1176,14.431999999999995,0.43,0.34
env_cascade,throttle (hand),hand,1177,32.5098,0.49,0.35
env_cascade,throttle (hand),hand,1178,26.587599999999952,0.39,0.37
env_cascade,throttle (hand),hand,1179,34.62099999999998,0.38,0.37
env_cascade,throttle (hand),hand,1180,102.63819999999998,0.28,0.45
env_cascade,throttle (hand),hand,1181,42.03179999999999,0.34,0.4
env_cascade,throttle (hand),hand,1182,-6.571200000000019,0.41,0.34
env_cascade,throttle (hand),hand,1183,48.693599999999975,0.36,0.44
env_cascade,throttle (hand),hand,1184,19.444000000000003,0.37,0.39
env_cascade,throttle (hand),hand,1185,43.3488,0.35,0.38
env_cascade,throttle (hand),hand,1186,57.89700000000002,0.37,0.39
env_cascade,throttle (hand),hand,1187,5.466799999999978,0.46,0.35
env_cascade,throttle (hand),hand,1188,43.136600000000016,0.5,0.36
env_cascade,throttle (hand),hand,1189,37.07000000000001,0.39,0.38
env_cascade,throttle (hand),hand,1190,24.42440000000002,0.35,0.37
env_cascade,throttle (hand),hand,1191,12.109999999999957,0.4,0.38
env_cascade,throttle (hand),hand,1192,11.644799999999961,0.38,0.37
env_cascade,throttle (hand),hand,1193,21.002999999999986,0.34,0.43
env_cascade,throttle (hand),hand,1194,40.47239999999999,0.41,0.38
env_cascade,throttle (hand),hand,1195,54.75059999999996,0.31,0.42
env_cascade,throttle (hand),hand,1196,37.025000000000006,0.36,0.43
env_cascade,throttle (hand),hand,1197,67.0938,0.38,0.4
env_cascade,throttle (hand),hand,1198,45.303200000000004,0.39,0.37
env_cascade,throttle (hand),hand,1199,26.138199999999955,0.44,0.35
env_cascade,throttle (hand),hand,1200,28.999000000000052,0.5,0.35
env_cascade,throttle (hand),hand,1201,18.142400000000023,0.34,0.42
env_cascade,throttle (hand),hand,1202,70.9598,0.35,0.39
env_cascade,throttle (hand),hand,1203,35.73800000000003,0.48,0.37
env_cascade,throttle (hand),hand,1204,2.1534000000000333,0.42,0.39
env_cascade,throttle (hand),hand,1205,42.02279999999999,0.38,0.39
env_cascade,throttle (hand),hand,1206,33.623399999999975,0.41,0.39
env_cascade,throttle (hand),hand,1207,51.36440000000002,0.36,0.36
env_cascade,throttle (hand),hand,1208,14.971200000000024,0.47,0.32
env_cascade,throttle (hand),hand,1209,41.41339999999997,0.38,0.44
env_cascade,throttle (hand),hand,1210,42.09600000000002,0.4,0.35
env_cascade,throttle (hand),hand,1211,45.966999999999985,0.36,0.38
env_cascade,throttle (hand),hand,1212,44.329999999999984,0.32,0.36
env_cascade,throttle (hand),hand,1213,61.30940000000001,0.4,0.38
env_cascade,throttle (hand),hand,1214,20.90519999999995,0.32,0.4
env_cascade,throttle (hand),hand,1215,77.28939999999997,0.37,0.4
env_cascade,throttle (hand),hand,1216,23.879599999999968,0.39,0.43
env_cascade,throttle (hand),hand,1217,58.43600000000001,0.42,0.37
env_cascade,throttle (hand),hand,1218,71.03739999999998,0.44,0.39
env_cascade,throttle (hand),hand,1219,64.19219999999996,0.35,0.41
env_cascade,throttle (hand),hand,1220,39.76380000000002,0.46,0.35
env_cascade,throttle (hand),hand,1221,-0.592399999999941,0.38,0.38
env_cascade,throttle (hand),hand,1222,20.924000000000007,0.42,0.33
env_cascade,throttle (hand),hand,1223,9.233000000000018,0.39,0.38
env_cascade,throttle (hand),hand,1224,53.07999999999997,0.42,0.39
env_cascade,throttle (hand),hand,1225,6.771599999999964,0.42,0.36
env_cascade,throttle (hand),hand,1226,42.54259999999999,0.4,0.3
env_cascade,throttle (hand),hand,1227,55.86559999999997,0.4,0.41
env_cascade,throttle (hand),hand,1228,60.29860000000002,0.34,0.38
env_cascade,throttle (hand),hand,1229,20.282200000000003,0.37,0.4
env_cascade,throttle (hand),hand,1230,28.70300000000006,0.38,0.36
env_cascade,throttle (hand),hand,1231,9.278200000000012,0.45,0.34
env_cascade,throttle (hand),hand,1232,56.44040000000001,0.42,0.37
env_cascade,throttle (hand),hand,1233,3.017399999999995,0.44,0.35
env_cascade,throttle (hand),hand,1234,69.27860000000001,0.36,0.39
env_cascade,throttle (hand),hand,1235,49.018,0.42,0.38
env_cascade,throttle (hand),hand,1236,48.10179999999998,0.33,0.41
env_cascade,throttle (hand),hand,1237,41.335400000000035,0.35,0.37
env_cascade,throttle (hand),hand,1238,55.276799999999966,0.21,0.46
env_cascade,throttle (hand),hand,1239,20.042800000000042,0.45,0.33
env_cascade,throttle (hand),hand,1240,81.49340000000001,0.28,0.46
env_cascade,throttle (hand),hand,1241,40.69580000000002,0.37,0.41
env_cascade,throttle (hand),hand,1242,32.60119999999996,0.35,0.41
env_cascade,throttle (hand),hand,1243,36.3318,0.34,0.43
env_cascade,throttle (hand),hand,1244,32.65640000000003,0.36,0.42
env_cascade,throttle (hand),hand,1245,15.3078,0.47,0.3
env_cascade,throttle (hand),hand,1246,55.29620000000001,0.46,0.37
env_cascade,throttle (hand),hand,1247,16.387400000000014,0.41,0.37
env_cascade,throttle (hand),hand,1248,12.956799999999973,0.46,0.35
env_cascade,throttle (hand),hand,1249,39.31700000000001,0.45,0.32
env_cascade,REINFORCE:seed7,REINFORCE,1000,146.71660000000006,0.03,0.66
env_cascade,REINFORCE:seed7,REINFORCE,1001,150.85019999999997,0.04,0.67
env_cascade,REINFORCE:seed7,REINFORCE,1002,107.08139999999999,0.14,0.61
env_cascade,REINFORCE:seed7,REINFORCE,1003,86.82399999999991,0.11,0.58
env_cascade,REINFORCE:seed7,REINFORCE,1004,174.05100000000002,0.06,0.7
env_cascade,REINFORCE:seed7,REINFORCE,1005,136.9912,0.07,0.66
env_cascade,REINFORCE:seed7,REINFORCE,1006,187.2976,0.05,0.72
env_cascade,REINFORCE:seed7,REINFORCE,1007,125.69380000000007,0.03,0.68
env_cascade,REINFORCE:seed7,REINFORCE,1008,103.51219999999995,0.06,0.67
env_cascade,REINFORCE:seed7,REINFORCE,1009,147.1204,0.07,0.64
env_cascade,REINFORCE:seed7,REINFORCE,1010,159.15720000000005,0.08,0.66
env_cascade,REINFORCE:seed7,REINFORCE,1011,177.0244,0.02,0.74
env_cascade,REINFORCE:seed7,REINFORCE,1012,182.10880000000003,0.06,0.68
env_cascade,REINFORCE:seed7,REINFORCE,1013,172.0992,0.06,0.7
env_cascade,REINFORCE:seed7,REINFORCE,1014,96.32579999999994,0.14,0.62
env_cascade,REINFORCE:seed7,REINFORCE,1015,159.47039999999993,0.03,0.7
env_cascade,REINFORCE:seed7,REINFORCE,1016,108.46620000000001,0.03,0.69
env_cascade,REINFORCE:seed7,REINFORCE,1017,176.46040000000005,0.05,0.74
env_cascade,REINFORCE:seed7,REINFORCE,1018,155.43760000000006,0.01,0.73
env_cascade,REINFORCE:seed7,REINFORCE,1019,192.34520000000003,0.03,0.7
env_cascade,REINFORCE:seed7,REINFORCE,1020,193.2672,0.04,0.68
env_cascade,REINFORCE:seed7,REINFORCE,1021,102.52199999999992,0.04,0.67
env_cascade,REINFORCE:seed7,REINFORCE,1022,167.6116,0.11,0.65
env_cascade,REINFORCE:seed7,REINFORCE,1023,117.38859999999998,0.05,0.71
env_cascade,REINFORCE:seed7,REINFORCE,1024,108.64659999999999,0.03,0.66
env_cascade,REINFORCE:seed7,REINFORCE,1025,193.10519999999997,0.04,0.69
env_cascade,REINFORCE:seed7,REINFORCE,1026,137.05899999999997,0.08,0.64
env_cascade,REINFORCE:seed7,REINFORCE,1027,152.9586,0.07,0.65
env_cascade,REINFORCE:seed7,REINFORCE,1028,131.35939999999997,0.08,0.64
env_cascade,REINFORCE:seed7,REINFORCE,1029,106.0146,0.07,0.61
env_cascade,REINFORCE:seed7,REINFORCE,1030,97.64559999999999,0.02,0.71
env_cascade,REINFORCE:seed7,REINFORCE,1031,135.78979999999999,0.06,0.65
env_cascade,REINFORCE:seed7,REINFORCE,1032,161.82259999999997,0.04,0.68
env_cascade,REINFORCE:seed7,REINFORCE,1033,181.88960000000006,0.02,0.72
env_cascade,REINFORCE:seed7,REINFORCE,1034,154.17179999999996,0.07,0.64
env_cascade,REINFORCE:seed7,REINFORCE,1035,168.81420000000003,0.05,0.67
env_cascade,REINFORCE:seed7,REINFORCE,1036,119.07660000000004,0.05,0.69
env_cascade,REINFORCE:seed7,REINFORCE,1037,146.75039999999996,0.01,0.69
env_cascade,REINFORCE:seed7,REINFORCE,1038,145.6676,0.03,0.68
env_cascade,REINFORCE:seed7,REINFORCE,1039,188.45880000000002,0.05,0.68
env_cascade,REINFORCE:seed7,REINFORCE,1040,130.37399999999997,0.02,0.66
env_cascade,REINFORCE:seed7,REINFORCE,1041,159.83139999999997,0.04,0.7
env_cascade,REINFORCE:seed7,REINFORCE,1042,181.8788,0.02,0.7
env_cascade,REINFORCE:seed7,REINFORCE,1043,162.74240000000003,0.09,0.63
env_cascade,REINFORCE:seed7,REINFORCE,1044,155.0274,0.04,0.7
env_cascade,REINFORCE:seed7,REINFORCE,1045,180.7126,0.01,0.73
env_cascade,REINFORCE:seed7,REINFORCE,1046,190.20680000000002,0.03,0.73
env_cascade,REINFORCE:seed7,REINFORCE,1047,129.4232,0.05,0.67
env_cascade,REINFORCE:seed7,REINFORCE,1048,107.53020000000001,0.05,0.65
env_cascade,REINFORCE:seed7,REINFORCE,1049,142.82799999999995,0.09,0.67
env_cascade,REINFORCE:seed7,REINFORCE,1050,198.8114,0.05,0.71
env_cascade,REINFORCE:seed7,REINFORCE,1051,120.6602000000001,0.05,0.7
env_cascade,REINFORCE:seed7,REINFORCE,1052,134.0716,0.03,0.7
env_cascade,REINFORCE:seed7,REINFORCE,1053,120.2814,0.04,0.65
env_cascade,REINFORCE:seed7,REINFORCE,1054,169.7699999999999,0.03,0.71
env_cascade,REINFORCE:seed7,REINFORCE,1055,147.2196,0.06,0.65
env_cascade,REINFORCE:seed7,REINFORCE,1056,141.45819999999998,0.18,0.61
env_cascade,REINFORCE:seed7,REINFORCE,1057,159.3588,0.1,0.66
env_cascade,REINFORCE:seed7,REINFORCE,1058,175.88060000000002,0.06,0.68
env_cascade,REINFORCE:seed7,REINFORCE,1059,186.71140000000003,0.03,0.72
env_cascade,REINFORCE:seed7,REINFORCE,1060,125.338,0.07,0.64
env_cascade,REINFORCE:seed7,REINFORCE,1061,167.7122,0.02,0.73
env_cascade,REINFORCE:seed7,REINFORCE,1062,172.5636,0.01,0.77
env_cascade,REINFORCE:seed7,REINFORCE,1063,169.41180000000003,0.04,0.7
env_cascade,REINFORCE:seed7,REINFORCE,1064,98.50000000000009,0.06,0.64
env_cascade,REINFORCE:seed7,REINFORCE,1065,195.83819999999997,0.05,0.71
env_cascade,REINFORCE:seed7,REINFORCE,1066,157.1288,0.04,0.67
env_cascade,REINFORCE:seed7,REINFORCE,1067,158.46460000000002,0.05,0.72
env_cascade,REINFORCE:seed7,REINFORCE,1068,145.558,0.05,0.7
env_cascade,REINFORCE:seed7,REINFORCE,1069,169.73959999999997,0.03,0.72
env_cascade,REINFORCE:seed7,REINFORCE,1070,148.5708,0.01,0.73
env_cascade,REINFORCE:seed7,REINFORCE,1071,144.582,0.02,0.69
env_cascade,REINFORCE:seed7,REINFORCE,1072,105.73279999999997,0.05,0.66
env_cascade,REINFORCE:seed7,REINFORCE,1073,106.20200000000003,0.04,0.67
env_cascade,REINFORCE:seed7,REINFORCE,1074,124.6186,0.03,0.65
env_cascade,REINFORCE:seed7,REINFORCE,1075,108.23340000000005,0.03,0.68
env_cascade,REINFORCE:seed7,REINFORCE,1076,192.34420000000003,0.03,0.72
env_cascade,REINFORCE:seed7,REINFORCE,1077,150.71100000000007,0.02,0.67
env_cascade,REINFORCE:seed7,REINFORCE,1078,154.4078,0.05,0.68
env_cascade,REINFORCE:seed7,REINFORCE,1079,146.29739999999995,0.05,0.65
env_cascade,REINFORCE:seed7,REINFORCE,1080,130.48560000000003,0.06,0.62
env_cascade,REINFORCE:seed7,REINFORCE,1081,160.55900000000003,0.06,0.7
env_cascade,REINFORCE:seed7,REINFORCE,1082,127.00059999999999,0.02,0.7
env_cascade,REINFORCE:seed7,REINFORCE,1083,132.88699999999994,0.01,0.7
env_cascade,REINFORCE:seed7,REINFORCE,1084,150.01079999999993,0.03,0.71
env_cascade,REINFORCE:seed7,REINFORCE,1085,179.09560000000002,0.07,0.63
env_cascade,REINFORCE:seed7,REINFORCE,1086,172.90479999999997,0.03,0.67
env_cascade,REINFORCE:seed7,REINFORCE,1087,170.0578,0.01,0.71
env_cascade,REINFORCE:seed7,REINFORCE,1088,128.56080000000006,0.08,0.62
env_cascade,REINFORCE:seed7,REINFORCE,1089,169.2508,0.04,0.68
env_cascade,REINFORCE:seed7,REINFORCE,1090,154.47600000000003,0.11,0.61
env_cascade,REINFORCE:seed7,REINFORCE,1091,158.22859999999997,0.04,0.67
env_cascade,REINFORCE:seed7,REINFORCE,1092,183.40120000000002,0.09,0.65
env_cascade,REINFORCE:seed7,REINFORCE,1093,199.62040000000002,0.04,0.69
env_cascade,REINFORCE:seed7,REINFORCE,1094,118.92600000000004,0.06,0.63
env_cascade,REINFORCE:seed7,REINFORCE,1095,132.18339999999995,0.06,0.67
env_cascade,REINFORCE:seed7,REINFORCE,1096,205.32180000000002,0.05,0.72
env_cascade,REINFORCE:seed7,REINFORCE,1097,195.82840000000002,0.06,0.7
env_cascade,REINFORCE:seed7,REINFORCE,1098,184.594,0.04,0.69
env_cascade,REINFORCE:seed7,REINFORCE,1099,167.169,0.01,0.71
env_cascade,REINFORCE:seed7,REINFORCE,1100,172.96880000000002,0.04,0.71
env_cascade,REINFORCE:seed7,REINFORCE,1101,118.70579999999987,0.04,0.67
env_cascade,REINFORCE:seed7,REINFORCE,1102,147.79200000000003,0.01,0.67
env_cascade,REINFORCE:seed7,REINFORCE,1103,170.07020000000003,0.08,0.66
env_cascade,REINFORCE:seed7,REINFORCE,1104,136.66899999999998,0.05,0.69
env_cascade,REINFORCE:seed7,REINFORCE,1105,101.88799999999992,0.07,0.67
env_cascade,REINFORCE:seed7,REINFORCE,1106,160.44820000000004,0.04,0.67
env_cascade,REINFORCE:seed7,REINFORCE,1107,151.2724,0.02,0.69
env_cascade,REINFORCE:seed7,REINFORCE,1108,134.38020000000006,0.01,0.71
env_cascade,REINFORCE:seed7,REINFORCE,1109,166.47899999999998,0.02,0.68
env_cascade,REINFORCE:seed7,REINFORCE,1110,154.074,0.01,0.71
env_cascade,REINFORCE:seed7,REINFORCE,1111,168.97400000000002,0.09,0.61
env_cascade,REINFORCE:seed7,REINFORCE,1112,144.6764,0.06,0.68
env_cascade,REINFORCE:seed7,REINFORCE,1113,163.32939999999996,0.02,0.71
env_cascade,REINFORCE:seed7,REINFORCE,1114,174.32359999999997,0.07,0.68
env_cascade,REINFORCE:seed7,REINFORCE,1115,163.16539999999992,0.03,0.68
env_cascade,REINFORCE:seed7,REINFORCE,1116,173.456,0.06,0.69
env_cascade,REINFORCE:seed7,REINFORCE,1117,132.38759999999996,0.01,0.7
env_cascade,REINFORCE:seed7,REINFORCE,1118,161.05539999999996,0.07,0.66
env_cascade,REINFORCE:seed7,REINFORCE,1119,131.35000000000002,0.13,0.64
env_cascade,REINFORCE:seed7,REINFORCE,1120,134.9598,0.02,0.66
env_cascade,REINFORCE:seed7,REINFORCE,1121,166.96520000000004,0.05,0.7
env_cascade,REINFORCE:seed7,REINFORCE,1122,130.613,0.06,0.66
env_cascade,REINFORCE:seed7,REINFORCE,1123,159.382,0.05,0.66
env_cascade,REINFORCE:seed7,REINFORCE,1124,161.778,0.06,0.68
env_cascade,REINFORCE:seed7,REINFORCE,1125,155.91859999999997,0.04,0.69
env_cascade,REINFORCE:seed7,REINFORCE,1126,169.8932,0.03,0.65
env_cascade,REINFORCE:seed7,REINFORCE,1127,165.34280000000007,0.04,0.7
env_cascade,REINFORCE:seed7,REINFORCE,1128,160.61420000000004,0.06,0.67
env_cascade,REINFORCE:seed7,REINFORCE,1129,180.04639999999998,0.04,0.69
env_cascade,REINFORCE:seed7,REINFORCE,1130,188.62539999999998,0.06,0.71
env_cascade,REINFORCE:seed7,REINFORCE,1131,205.0534,0.06,0.68
env_cascade,REINFORCE:seed7,REINFORCE,1132,139.48279999999997,0.01,0.71
env_cascade,REINFORCE:seed7,REINFORCE,1133,114.1442,0.08,0.61
env_cascade,REINFORCE:seed7,REINFORCE,1134,153.9374,0.17,0.6
env_cascade,REINFORCE:seed7,REINFORCE,1135,172.11620000000005,0.07,0.66
env_cascade,REINFORCE:seed7,REINFORCE,1136,132.2928,0.1,0.66
env_cascade,REINFORCE:seed7,REINFORCE,1137,207.021,0.03,0.7
env_cascade,REINFORCE:seed7,REINFORCE,1138,162.48400000000004,0.02,0.71
env_cascade,REINFORCE:seed7,REINFORCE,1139,145.29180000000002,0.02,0.7
env_cascade,REINFORCE:seed7,REINFORCE,1140,141.54619999999994,0.01,0.72
env_cascade,REINFORCE:seed7,REINFORCE,1141,168.029,0.08,0.65
env_cascade,REINFORCE:seed7,REINFORCE,1142,123.71619999999993,0.11,0.62
env_cascade,REINFORCE:seed7,REINFORCE,1143,95.80600000000004,0.04,0.66
env_cascade,REINFORCE:seed7,REINFORCE,1144,201.6588,0.03,0.73
env_cascade,REINFORCE:seed7,REINFORCE,1145,119.93859999999995,0.08,0.65
env_cascade,REINFORCE:seed7,REINFORCE,1146,142.7354,0.01,0.69
env_cascade,REINFORCE:seed7,REINFORCE,1147,134.31339999999997,0.06,0.67
env_cascade,REINFORCE:seed7,REINFORCE,1148,145.2918,0.05,0.64
env_cascade,REINFORCE:seed7,REINFORCE,1149,164.00520000000006,0.04,0.7
env_cascade,REINFORCE:seed7,REINFORCE,1150,151.24420000000003,0.03,0.72
env_cascade,REINFORCE:seed7,REINFORCE,1151,177.849,0.03,0.73
env_cascade,REINFORCE:seed7,REINFORCE,1152,189.4562,0.04,0.69
env_cascade,REINFORCE:seed7,REINFORCE,1153,166.30739999999997,0.02,0.7
env_cascade,REINFORCE:seed7,REINFORCE,1154,137.33259999999996,0.03,0.7
env_cascade,REINFORCE:seed7,REINFORCE,1155,198.89960000000002,0.03,0.72
env_cascade,REINFORCE:seed7,REINFORCE,1156,138.02859999999998,0.04,0.7
env_cascade,REINFORCE:seed7,REINFORCE,1157,168.22179999999994,0.02,0.74
env_cascade,REINFORCE:seed7,REINFORCE,1158,119.26899999999999,0.03,0.66
env_cascade,REINFORCE:seed7,REINFORCE,1159,127.13619999999997,0.04,0.66
env_cascade,REINFORCE:seed7,REINFORCE,1160,166.86100000000002,0.02,0.73
env_cascade,REINFORCE:seed7,REINFORCE,1161,145.5486,0.08,0.66
env_cascade,REINFORCE:seed7,REINFORCE,1162,134.78820000000005,0.04,0.69
env_cascade,REINFORCE:seed7,REINFORCE,1163,193.782,0.01,0.72
env_cascade,REINFORCE:seed7,REINFORCE,1164,125.62040000000002,0.04,0.7
env_cascade,REINFORCE:seed7,REINFORCE,1165,134.25739999999996,0.06,0.67
env_cascade,REINFORCE:seed7,REINFORCE,1166,182.659,0.04,0.69
env_cascade,REINFORCE:seed7,REINFORCE,1167,180.95899999999997,0.06,0.67
env_cascade,REINFORCE:seed7,REINFORCE,1168,119.53099999999998,0.02,0.69
env_cascade,REINFORCE:seed7,REINFORCE,1169,152.6608,0.06,0.7
env_cascade,REINFORCE:seed7,REINFORCE,1170,113.23180000000005,0.1,0.66
env_cascade,REINFORCE:seed7,REINFORCE,1171,124.76079999999996,0.1,0.64
env_cascade,REINFORCE:seed7,REINFORCE,1172,149.73819999999995,0.06,0.71
env_cascade,REINFORCE:seed7,REINFORCE,1173,173.41320000000002,0.09,0.65
env_cascade,REINFORCE:seed7,REINFORCE,1174,136.55859999999996,0.1,0.65
env_cascade,REINFORCE:seed7,REINFORCE,1175,149.7252,0.03,0.68
env_cascade,REINFORCE:seed7,REINFORCE,1176,120.8144,0.04,0.68
env_cascade,REINFORCE:seed7,REINFORCE,1177,180.717,0.05,0.69
env_cascade,REINFORCE:seed7,REINFORCE,1178,155.28340000000003,0.06,0.66
env_cascade,REINFORCE:seed7,REINFORCE,1179,192.07920000000004,0.05,0.69
env_cascade,REINFORCE:seed7,REINFORCE,1180,149.09120000000001,0.05,0.65
env_cascade,REINFORCE:seed7,REINFORCE,1181,154.031,0.03,0.67
env_cascade,REINFORCE:seed7,REINFORCE,1182,142.2706000000001,0.07,0.65
env_cascade,REINFORCE:seed7,REINFORCE,1183,140.71159999999998,0.1,0.66
env_cascade,REINFORCE:seed7,REINFORCE,1184,139.08700000000005,0.05,0.71
env_cascade,REINFORCE:seed7,REINFORCE,1185,173.09000000000003,0.02,0.71
env_cascade,REINFORCE:seed7,REINFORCE,1186,149.08139999999997,0.04,0.69
env_cascade,REINFORCE:seed7,REINFORCE,1187,193.1066,0.03,0.72
env_cascade,REINFORCE:seed7,REINFORCE,1188,141.75899999999996,0.06,0.67
env_cascade,REINFORCE:seed7,REINFORCE,1189,168.7806,0.01,0.7
env_cascade,REINFORCE:seed7,REINFORCE,1190,150.4626,0.04,0.68
env_cascade,REINFORCE:seed7,REINFORCE,1191,133.14700000000005,0.1,0.63
env_cascade,REINFORCE:seed7,REINFORCE,1192,92.06219999999996,0.08,0.63
env_cascade,REINFORCE:seed7,REINFORCE,1193,145.06199999999995,0.01,0.72
env_cascade,REINFORCE:seed7,REINFORCE,1194,168.29020000000003,0.04,0.67
env_cascade,REINFORCE:seed7,REINFORCE,1195,168.06659999999997,0.03,0.69
env_cascade,REINFORCE:seed7,REINFORCE,1196,206.23680000000002,0.02,0.73
env_cascade,REINFORCE:seed7,REINFORCE,1197,172.74179999999998,0.09,0.68
env_cascade,REINFORCE:seed7,REINFORCE,1198,164.72240000000005,0.06,0.65
env_cascade,REINFORCE:seed7,REINFORCE,1199,169.297,0.04,0.71
env_cascade,REINFORCE:seed7,REINFORCE,1200,181.68780000000004,0.03,0.72
env_cascade,REINFORCE:seed7,REINFORCE,1201,160.66,0.03,0.68
env_cascade,REINFORCE:seed7,REINFORCE,1202,151.936,0.09,0.61
env_cascade,REINFORCE:seed7,REINFORCE,1203,163.46499999999997,0.07,0.7
env_cascade,REINFORCE:seed7,REINFORCE,1204,133.26260000000002,0.03,0.7
env_cascade,REINFORCE:seed7,REINFORCE,1205,139.08059999999998,0.05,0.69
env_cascade,REINFORCE:seed7,REINFORCE,1206,140.35659999999996,0.05,0.69
env_cascade,REINFORCE:seed7,REINFORCE,1207,130.04160000000002,0.0,0.69
env_cascade,REINFORCE:seed7,REINFORCE,1208,157.47080000000005,0.0,0.72
env_cascade,REINFORCE:seed7,REINFORCE,1209,145.26939999999996,0.04,0.72
env_cascade,REINFORCE:seed7,REINFORCE,1210,172.8236,0.06,0.68
env_cascade,REINFORCE:seed7,REINFORCE,1211,179.4988,0.04,0.7
env_cascade,REINFORCE:seed7,REINFORCE,1212,176.87939999999995,0.03,0.69
env_cascade,REINFORCE:seed7,REINFORCE,1213,151.08800000000002,0.05,0.67
env_cascade,REINFORCE:seed7,REINFORCE,1214,131.52100000000007,0.03,0.68
env_cascade,REINFORCE:seed7,REINFORCE,1215,181.7516,0.02,0.69
env_cascade,REINFORCE:seed7,REINFORCE,1216,98.62339999999998,0.06,0.68
env_cascade,REINFORCE:seed7,REINFORCE,1217,136.79620000000006,0.03,0.68
env_cascade,REINFORCE:seed7,REINFORCE,1218,153.9726,0.15,0.56
env_cascade,REINFORCE:seed7,REINFORCE,1219,171.82079999999996,0.06,0.68
env_cascade,REINFORCE:seed7,REINFORCE,1220,186.49880000000005,0.02,0.7
env_cascade,REINFORCE:seed7,REINFORCE,1221,136.13320000000002,0.04,0.67
env_cascade,REINFORCE:seed7,REINFORCE,1222,169.71139999999997,0.03,0.68
env_cascade,REINFORCE:seed7,REINFORCE,1223,131.51879999999994,0.02,0.67
env_cascade,REINFORCE:seed7,REINFORCE,1224,168.87239999999997,0.04,0.69
env_cascade,REINFORCE:seed7,REINFORCE,1225,138.38300000000004,0.05,0.67
env_cascade,REINFORCE:seed7,REINFORCE,1226,177.7894,0.06,0.67
env_cascade,REINFORCE:seed7,REINFORCE,1227,189.15640000000002,0.03,0.7
env_cascade,REINFORCE:seed7,REINFORCE,1228,109.19339999999997,0.04,0.64
env_cascade,REINFORCE:seed7,REINFORCE,1229,167.61139999999997,0.04,0.68
env_cascade,REINFORCE:seed7,REINFORCE,1230,128.8528,0.05,0.68
env_cascade,REINFORCE:seed7,REINFORCE,1231,143.97460000000004,0.08,0.65
env_cascade,REINFORCE:seed7,REINFORCE,1232,166.09919999999988,0.01,0.71
env_cascade,REINFORCE:seed7,REINFORCE,1233,149.2704,0.02,0.73
env_cascade,REINFORCE:seed7,REINFORCE,1234,123.96479999999997,0.06,0.66
env_cascade,REINFORCE:seed7,REINFORCE,1235,193.74500000000003,0.02,0.74
env_cascade,REINFORCE:seed7,REINFORCE,1236,120.59579999999998,0.02,0.69
env_cascade,REINFORCE:seed7,REINFORCE,1237,147.81040000000002,0.06,0.68
env_cascade,REINFORCE:seed7,REINFORCE,1238,159.8154,0.03,0.71
env_cascade,REINFORCE:seed7,REINFORCE,1239,153.6508,0.04,0.72
env_cascade,REINFORCE:seed7,REINFORCE,1240,160.482,0.07,0.67
env_cascade,REINFORCE:seed7,REINFORCE,1241,150.87940000000003,0.04,0.69
env_cascade,REINFORCE:seed7,REINFORCE,1242,133.43419999999995,0.04,0.7
env_cascade,REINFORCE:seed7,REINFORCE,1243,104.64960000000006,0.04,0.66
env_cascade,REINFORCE:seed7,REINFORCE,1244,142.29039999999998,0.04,0.7
env_cascade,REINFORCE:seed7,REINFORCE,1245,179.08360000000002,0.06,0.68
env_cascade,REINFORCE:seed7,REINFORCE,1246,133.35340000000002,0.07,0.68
env_cascade,REINFORCE:seed7,REINFORCE,1247,148.53840000000002,0.04,0.66
env_cascade,REINFORCE:seed7,REINFORCE,1248,141.76619999999997,0.02,0.74
env_cascade,REINFORCE:seed7,REINFORCE,1249,142.7384,0.14,0.58
env_cascade,REINFORCE:seed11,REINFORCE,1000,169.86659999999998,0.01,0.57
env_cascade,REINFORCE:seed11,REINFORCE,1001,130.60559999999995,0.03,0.58
env_cascade,REINFORCE:seed11,REINFORCE,1002,137.79180000000002,0.04,0.58
env_cascade,REINFORCE:seed11,REINFORCE,1003,97.96479999999998,0.03,0.6
env_cascade,REINFORCE:seed11,REINFORCE,1004,118.23839999999996,0.05,0.44
env_cascade,REINFORCE:seed11,REINFORCE,1005,144.41499999999996,0.02,0.59
env_cascade,REINFORCE:seed11,REINFORCE,1006,132.9612,0.01,0.63
env_cascade,REINFORCE:seed11,REINFORCE,1007,144.2878,0.03,0.55
env_cascade,REINFORCE:seed11,REINFORCE,1008,116.30999999999999,0.05,0.6
env_cascade,REINFORCE:seed11,REINFORCE,1009,156.10039999999998,0.02,0.53
env_cascade,REINFORCE:seed11,REINFORCE,1010,150.45499999999998,0.03,0.56
env_cascade,REINFORCE:seed11,REINFORCE,1011,142.2648,0.02,0.55
env_cascade,REINFORCE:seed11,REINFORCE,1012,143.38080000000002,0.02,0.56
env_cascade,REINFORCE:seed11,REINFORCE,1013,162.236,0.02,0.5
env_cascade,REINFORCE:seed11,REINFORCE,1014,81.32100000000001,0.08,0.57
env_cascade,REINFORCE:seed11,REINFORCE,1015,128.139,0.02,0.49
env_cascade,REINFORCE:seed11,REINFORCE,1016,88.27759999999999,0.01,0.61
env_cascade,REINFORCE:seed11,REINFORCE,1017,154.0514,0.03,0.59
env_cascade,REINFORCE:seed11,REINFORCE,1018,121.5362,0.02,0.55
env_cascade,REINFORCE:seed11,REINFORCE,1019,135.64540000000005,0.01,0.47
env_cascade,REINFORCE:seed11,REINFORCE,1020,130.91600000000008,0.04,0.56
env_cascade,REINFORCE:seed11,REINFORCE,1021,99.57800000000005,0.05,0.58
env_cascade,REINFORCE:seed11,REINFORCE,1022,152.82860000000002,0.03,0.57
env_cascade,REINFORCE:seed11,REINFORCE,1023,145.4318,0.01,0.52
env_cascade,REINFORCE:seed11,REINFORCE,1024,105.16819999999996,0.02,0.59
env_cascade,REINFORCE:seed11,REINFORCE,1025,163.66379999999998,0.01,0.56
env_cascade,REINFORCE:seed11,REINFORCE,1026,142.99000000000004,0.01,0.58
env_cascade,REINFORCE:seed11,REINFORCE,1027,158.36439999999996,0.06,0.54
env_cascade,REINFORCE:seed11,REINFORCE,1028,124.33860000000004,0.04,0.57
env_cascade,REINFORCE:seed11,REINFORCE,1029,120.73820000000003,0.04,0.59
env_cascade,REINFORCE:seed11,REINFORCE,1030,93.0822,0.03,0.59
env_cascade,REINFORCE:seed11,REINFORCE,1031,126.30100000000004,0.02,0.59
env_cascade,REINFORCE:seed11,REINFORCE,1032,157.14019999999996,0.02,0.55
env_cascade,REINFORCE:seed11,REINFORCE,1033,136.64879999999994,0.03,0.55
env_cascade,REINFORCE:seed11,REINFORCE,1034,153.72839999999997,0.02,0.58
env_cascade,REINFORCE:seed11,REINFORCE,1035,148.26160000000004,0.03,0.58
env_cascade,REINFORCE:seed11,REINFORCE,1036,152.5826,0.01,0.64
env_cascade,REINFORCE:seed11,REINFORCE,1037,128.36040000000006,0.02,0.59
env_cascade,REINFORCE:seed11,REINFORCE,1038,119.3886,0.05,0.57
env_cascade,REINFORCE:seed11,REINFORCE,1039,123.02100000000004,0.08,0.56
env_cascade,REINFORCE:seed11,REINFORCE,1040,107.61360000000002,0.04,0.57
env_cascade,REINFORCE:seed11,REINFORCE,1041,158.516,0.02,0.59
env_cascade,REINFORCE:seed11,REINFORCE,1042,147.196,0.0,0.47
env_cascade,REINFORCE:seed11,REINFORCE,1043,118.24999999999997,0.02,0.61
env_cascade,REINFORCE:seed11,REINFORCE,1044,153.68400000000005,0.01,0.6
env_cascade,REINFORCE:seed11,REINFORCE,1045,131.6522,0.01,0.6
env_cascade,REINFORCE:seed11,REINFORCE,1046,194.78900000000002,0.02,0.6
env_cascade,REINFORCE:seed11,REINFORCE,1047,119.81019999999997,0.01,0.56
env_cascade,REINFORCE:seed11,REINFORCE,1048,114.75119999999997,0.02,0.6
env_cascade,REINFORCE:seed11,REINFORCE,1049,107.33719999999997,0.08,0.59
env_cascade,REINFORCE:seed11,REINFORCE,1050,151.408,0.0,0.54
env_cascade,REINFORCE:seed11,REINFORCE,1051,147.74899999999997,0.02,0.6
env_cascade,REINFORCE:seed11,REINFORCE,1052,112.04879999999997,0.07,0.51
env_cascade,REINFORCE:seed11,REINFORCE,1053,117.36059999999998,0.02,0.57
env_cascade,REINFORCE:seed11,REINFORCE,1054,163.46720000000005,0.01,0.57
env_cascade,REINFORCE:seed11,REINFORCE,1055,99.65779999999995,0.03,0.57
env_cascade,REINFORCE:seed11,REINFORCE,1056,149.72699999999998,0.05,0.51
env_cascade,REINFORCE:seed11,REINFORCE,1057,130.24119999999994,0.02,0.61
env_cascade,REINFORCE:seed11,REINFORCE,1058,154.49820000000003,0.04,0.53
env_cascade,REINFORCE:seed11,REINFORCE,1059,144.3058,0.03,0.53
env_cascade,REINFORCE:seed11,REINFORCE,1060,167.4658,0.02,0.52
env_cascade,REINFORCE:seed11,REINFORCE,1061,117.23319999999998,0.02,0.62
env_cascade,REINFORCE:seed11,REINFORCE,1062,156.6032,0.0,0.61
env_cascade,REINFORCE:seed11,REINFORCE,1063,133.99519999999995,0.03,0.54
env_cascade,REINFORCE:seed11,REINFORCE,1064,95.97340000000001,0.04,0.59
env_cascade,REINFORCE:seed11,REINFORCE,1065,146.3242,0.01,0.58
env_cascade,REINFORCE:seed11,REINFORCE,1066,155.7954,0.04,0.52
env_cascade,REINFORCE:seed11,REINFORCE,1067,129.2604,0.02,0.63
env_cascade,REINFORCE:seed11,REINFORCE,1068,145.85160000000002,0.02,0.56
env_cascade,REINFORCE:seed11,REINFORCE,1069,139.66840000000002,0.03,0.58
env_cascade,REINFORCE:seed11,REINFORCE,1070,146.88539999999992,0.01,0.64
env_cascade,REINFORCE:seed11,REINFORCE,1071,156.31220000000002,0.02,0.52
env_cascade,REINFORCE:seed11,REINFORCE,1072,86.03199999999991,0.03,0.57
env_cascade,REINFORCE:seed11,REINFORCE,1073,117.97440000000005,0.02,0.57
env_cascade,REINFORCE:seed11,REINFORCE,1074,109.43179999999995,0.04,0.58
env_cascade,REINFORCE:seed11,REINFORCE,1075,136.98600000000002,0.03,0.62
env_cascade,REINFORCE:seed11,REINFORCE,1076,143.8368,0.07,0.56
env_cascade,REINFORCE:seed11,REINFORCE,1077,152.0308,0.01,0.53
env_cascade,REINFORCE:seed11,REINFORCE,1078,155.77579999999998,0.04,0.57
env_cascade,REINFORCE:seed11,REINFORCE,1079,132.54219999999998,0.01,0.58
env_cascade,REINFORCE:seed11,REINFORCE,1080,154.48779999999996,0.02,0.58
env_cascade,REINFORCE:seed11,REINFORCE,1081,152.316,0.04,0.54
env_cascade,REINFORCE:seed11,REINFORCE,1082,110.96799999999998,0.04,0.59
env_cascade,REINFORCE:seed11,REINFORCE,1083,126.23559999999996,0.0,0.55
env_cascade,REINFORCE:seed11,REINFORCE,1084,152.85839999999996,0.01,0.62
env_cascade,REINFORCE:seed11,REINFORCE,1085,164.72500000000002,0.02,0.54
env_cascade,REINFORCE:seed11,REINFORCE,1086,130.1514,0.03,0.53
env_cascade,REINFORCE:seed11,REINFORCE,1087,130.89480000000003,0.02,0.5
env_cascade,REINFORCE:seed11,REINFORCE,1088,137.04659999999998,0.03,0.53
env_cascade,REINFORCE:seed11,REINFORCE,1089,168.89060000000003,0.03,0.56
env_cascade,REINFORCE:seed11,REINFORCE,1090,116.92999999999994,0.01,0.59
env_cascade,REINFORCE:seed11,REINFORCE,1091,119.2446000000001,0.04,0.54
env_cascade,REINFORCE:seed11,REINFORCE,1092,138.712,0.03,0.5
env_cascade,REINFORCE:seed11,REINFORCE,1093,153.99480000000003,0.01,0.54
env_cascade,REINFORCE:seed11,REINFORCE,1094,132.55580000000003,0.02,0.49
env_cascade,REINFORCE:seed11,REINFORCE,1095,114.9982,0.03,0.59
env_cascade,REINFORCE:seed11,REINFORCE,1096,147.63959999999997,0.02,0.57
env_cascade,REINFORCE:seed11,REINFORCE,1097,130.13,0.05,0.6
env_cascade,REINFORCE:seed11,REINFORCE,1098,160.95780000000002,0.02,0.51
env_cascade,REINFORCE:seed11,REINFORCE,1099,162.35060000000001,0.01,0.58
env_cascade,REINFORCE:seed11,REINFORCE,1100,134.25220000000002,0.02,0.58
env_cascade,REINFORCE:seed11,REINFORCE,1101,121.00479999999995,0.02,0.58
env_cascade,REINFORCE:seed11,REINFORCE,1102,120.99960000000002,0.02,0.55
env_cascade,REINFORCE:seed11,REINFORCE,1103,146.67319999999998,0.03,0.52
env_cascade,REINFORCE:seed11,REINFORCE,1104,120.75800000000001,0.04,0.54
env_cascade,REINFORCE:seed11,REINFORCE,1105,118.40819999999998,0.06,0.57
env_cascade,REINFORCE:seed11,REINFORCE,1106,151.89119999999997,0.02,0.57
env_cascade,REINFORCE:seed11,REINFORCE,1107,165.8068,0.03,0.59
env_cascade,REINFORCE:seed11,REINFORCE,1108,103.86080000000004,0.02,0.59
env_cascade,REINFORCE:seed11,REINFORCE,1109,132.81579999999997,0.01,0.6
env_cascade,REINFORCE:seed11,REINFORCE,1110,128.1374,0.01,0.61
env_cascade,REINFORCE:seed11,REINFORCE,1111,130.36599999999999,0.03,0.55
env_cascade,REINFORCE:seed11,REINFORCE,1112,116.65899999999999,0.05,0.49
env_cascade,REINFORCE:seed11,REINFORCE,1113,110.68659999999996,0.0,0.61
env_cascade,REINFORCE:seed11,REINFORCE,1114,158.37079999999997,0.02,0.49
env_cascade,REINFORCE:seed11,REINFORCE,1115,133.95180000000002,0.04,0.52
env_cascade,REINFORCE:seed11,REINFORCE,1116,141.7294,0.02,0.53
env_cascade,REINFORCE:seed11,REINFORCE,1117,114.27859999999995,0.0,0.56
env_cascade,REINFORCE:seed11,REINFORCE,1118,149.8574,0.03,0.54
env_cascade,REINFORCE:seed11,REINFORCE,1119,148.4614,0.04,0.51
env_cascade,REINFORCE:seed11,REINFORCE,1120,132.2556,0.02,0.61
env_cascade,REINFORCE:seed11,REINFORCE,1121,122.7604,0.06,0.5
env_cascade,REINFORCE:seed11,REINFORCE,1122,159.6208,0.01,0.51
env_cascade,REINFORCE:seed11,REINFORCE,1123,113.68319999999999,0.02,0.59
env_cascade,REINFORCE:seed11,REINFORCE,1124,128.17420000000007,0.03,0.59
env_cascade,REINFORCE:seed11,REINFORCE,1125,144.1356,0.02,0.56
env_cascade,REINFORCE:seed11,REINFORCE,1126,127.74399999999994,0.04,0.52
env_cascade,REINFORCE:seed11,REINFORCE,1127,141.07319999999999,0.02,0.5
env_cascade,REINFORCE:seed11,REINFORCE,1128,130.49919999999997,0.02,0.56
env_cascade,REINFORCE:seed11,REINFORCE,1129,111.2034,0.07,0.52
env_cascade,REINFORCE:seed11,REINFORCE,1130,143.8042,0.01,0.52
env_cascade,REINFORCE:seed11,REINFORCE,1131,170.9462,0.02,0.54
env_cascade,REINFORCE:seed11,REINFORCE,1132,118.2204,0.0,0.57
env_cascade,REINFORCE:seed11,REINFORCE,1133,103.47679999999994,0.02,0.58
env_cascade,REINFORCE:seed11,REINFORCE,1134,170.2004,0.03,0.56
env_cascade,REINFORCE:seed11,REINFORCE,1135,129.96440000000004,0.04,0.56
env_cascade,REINFORCE:seed11,REINFORCE,1136,122.09760000000007,0.05,0.62
env_cascade,REINFORCE:seed11,REINFORCE,1137,156.0482,0.02,0.62
env_cascade,REINFORCE:seed11,REINFORCE,1138,97.66939999999997,0.02,0.59
env_cascade,REINFORCE:seed11,REINFORCE,1139,124.66519999999991,0.03,0.58
env_cascade,REINFORCE:seed11,REINFORCE,1140,96.87059999999994,0.02,0.61
env_cascade,REINFORCE:seed11,REINFORCE,1141,154.97839999999997,0.03,0.51
env_cascade,REINFORCE:seed11,REINFORCE,1142,124.08059999999998,0.01,0.6
env_cascade,REINFORCE:seed11,REINFORCE,1143,109.67620000000002,0.04,0.59
env_cascade,REINFORCE:seed11,REINFORCE,1144,140.19640000000004,0.01,0.57
env_cascade,REINFORCE:seed11,REINFORCE,1145,129.13300000000004,0.05,0.6
env_cascade,REINFORCE:seed11,REINFORCE,1146,117.30059999999997,0.01,0.61
env_cascade,REINFORCE:seed11,REINFORCE,1147,150.07259999999997,0.02,0.56
env_cascade,REINFORCE:seed11,REINFORCE,1148,131.43739999999997,0.02,0.58
env_cascade,REINFORCE:seed11,REINFORCE,1149,135.96540000000007,0.02,0.63
env_cascade,REINFORCE:seed11,REINFORCE,1150,124.41659999999997,0.02,0.63
env_cascade,REINFORCE:seed11,REINFORCE,1151,131.47640000000004,0.03,0.57
env_cascade,REINFORCE:seed11,REINFORCE,1152,160.94740000000002,0.04,0.59
env_cascade,REINFORCE:seed11,REINFORCE,1153,157.4022,0.03,0.53
env_cascade,REINFORCE:seed11,REINFORCE,1154,138.8584,0.03,0.58
env_cascade,REINFORCE:seed11,REINFORCE,1155,149.93280000000001,0.03,0.53
env_cascade,REINFORCE:seed11,REINFORCE,1156,128.7738,0.02,0.63
env_cascade,REINFORCE:seed11,REINFORCE,1157,112.97179999999997,0.01,0.6
env_cascade,REINFORCE:seed11,REINFORCE,1158,140.5534,0.01,0.58
env_cascade,REINFORCE:seed11,REINFORCE,1159,138.54080000000002,0.03,0.52
env_cascade,REINFORCE:seed11,REINFORCE,1160,146.0098,0.02,0.57
env_cascade,REINFORCE:seed11,REINFORCE,1161,137.53019999999998,0.04,0.59
env_cascade,REINFORCE:seed11,REINFORCE,1162,131.9272,0.03,0.6
env_cascade,REINFORCE:seed11,REINFORCE,1163,158.9744,0.01,0.53
env_cascade,REINFORCE:seed11,REINFORCE,1164,85.47219999999996,0.04,0.6
env_cascade,REINFORCE:seed11,REINFORCE,1165,154.96460000000002,0.0,0.55
env_cascade,REINFORCE:seed11,REINFORCE,1166,108.95759999999994,0.03,0.59
env_cascade,REINFORCE:seed11,REINFORCE,1167,157.43740000000003,0.01,0.53
env_cascade,REINFORCE:seed11,REINFORCE,1168,133.61599999999999,0.02,0.56
env_cascade,REINFORCE:seed11,REINFORCE,1169,118.55479999999999,0.02,0.63
env_cascade,REINFORCE:seed11,REINFORCE,1170,137.88539999999986,0.03,0.65
env_cascade,REINFORCE:seed11,REINFORCE,1171,165.43259999999998,0.02,0.59
env_cascade,REINFORCE:seed11,REINFORCE,1172,134.4656,0.05,0.56
env_cascade,REINFORCE:seed11,REINFORCE,1173,140.38980000000004,0.0,0.64
env_cascade,REINFORCE:seed11,REINFORCE,1174,154.2582,0.05,0.53
env_cascade,REINFORCE:seed11,REINFORCE,1175,132.4232,0.0,0.58
env_cascade,REINFORCE:seed11,REINFORCE,1176,118.84279999999998,0.05,0.57
env_cascade,REINFORCE:seed11,REINFORCE,1177,121.88679999999995,0.04,0.52
env_cascade,REINFORCE:seed11,REINFORCE,1178,154.29879999999997,0.02,0.56
env_cascade,REINFORCE:seed11,REINFORCE,1179,143.9592,0.03,0.53
env_cascade,REINFORCE:seed11,REINFORCE,1180,138.96359999999999,0.01,0.61
env_cascade,REINFORCE:seed11,REINFORCE,1181,140.7462,0.04,0.57
env_cascade,REINFORCE:seed11,REINFORCE,1182,98.09200000000001,0.04,0.56
env_cascade,REINFORCE:seed11,REINFORCE,1183,136.1274,0.04,0.61
env_cascade,REINFORCE:seed11,REINFORCE,1184,110.08599999999997,0.02,0.6
env_cascade,REINFORCE:seed11,REINFORCE,1185,127.12960000000001,0.05,0.52
env_cascade,REINFORCE:seed11,REINFORCE,1186,119.61140000000002,0.05,0.57
env_cascade,REINFORCE:seed11,REINFORCE,1187,139.82299999999998,0.03,0.55
env_cascade,REINFORCE:seed11,REINFORCE,1188,136.32820000000007,0.03,0.63
env_cascade,REINFORCE:seed11,REINFORCE,1189,117.82079999999996,0.03,0.52
env_cascade,REINFORCE:seed11,REINFORCE,1190,111.93799999999996,0.01,0.57
env_cascade,REINFORCE:seed11,REINFORCE,1191,135.73199999999997,0.03,0.58
env_cascade,REINFORCE:seed11,REINFORCE,1192,115.15300000000003,0.07,0.5
env_cascade,REINFORCE:seed11,REINFORCE,1193,117.4586,0.01,0.6
env_cascade,REINFORCE:seed11,REINFORCE,1194,140.63299999999998,0.02,0.53
env_cascade,REINFORCE:seed11,REINFORCE,1195,152.8524,0.02,0.54
env_cascade,REINFORCE:seed11,REINFORCE,1196,143.754,0.01,0.47
env_cascade,REINFORCE:seed11,REINFORCE,1197,115.2956,0.06,0.61
env_cascade,REINFORCE:seed11,REINFORCE,1198,143.1522,0.04,0.59
env_cascade,REINFORCE:seed11,REINFORCE,1199,131.47139999999996,0.01,0.56
env_cascade,REINFORCE:seed11,REINFORCE,1200,139.45359999999997,0.01,0.55
env_cascade,REINFORCE:seed11,REINFORCE,1201,113.68580000000003,0.02,0.63
env_cascade,REINFORCE:seed11,REINFORCE,1202,143.1644,0.03,0.59
env_cascade,REINFORCE:seed11,REINFORCE,1203,162.73,0.04,0.54
env_cascade,REINFORCE:seed11,REINFORCE,1204,108.1378,0.05,0.61
env_cascade,REINFORCE:seed11,REINFORCE,1205,139.10840000000002,0.03,0.57
env_cascade,REINFORCE:seed11,REINFORCE,1206,111.29899999999999,0.04,0.54
env_cascade,REINFORCE:seed11,REINFORCE,1207,157.03660000000002,0.0,0.57
env_cascade,REINFORCE:seed11,REINFORCE,1208,145.7816,0.02,0.54
env_cascade,REINFORCE:seed11,REINFORCE,1209,108.678,0.03,0.57
env_cascade,REINFORCE:seed11,REINFORCE,1210,132.43039999999996,0.01,0.57
env_cascade,REINFORCE:seed11,REINFORCE,1211,150.49239999999998,0.02,0.57
env_cascade,REINFORCE:seed11,REINFORCE,1212,127.19479999999999,0.02,0.56
env_cascade,REINFORCE:seed11,REINFORCE,1213,149.97920000000002,0.01,0.56
env_cascade,REINFORCE:seed11,REINFORCE,1214,154.97320000000002,0.01,0.57
env_cascade,REINFORCE:seed11,REINFORCE,1215,141.356,0.03,0.5
env_cascade,REINFORCE:seed11,REINFORCE,1216,109.69819999999999,0.04,0.6
env_cascade,REINFORCE:seed11,REINFORCE,1217,142.64659999999998,0.03,0.56
env_cascade,REINFORCE:seed11,REINFORCE,1218,160.67260000000002,0.06,0.54
env_cascade,REINFORCE:seed11,REINFORCE,1219,147.7588,0.03,0.52
env_cascade,REINFORCE:seed11,REINFORCE,1220,156.67220000000003,0.01,0.5
env_cascade,REINFORCE:seed11,REINFORCE,1221,96.32239999999993,0.01,0.6
env_cascade,REINFORCE:seed11,REINFORCE,1222,147.1902,0.04,0.55
env_cascade,REINFORCE:seed11,REINFORCE,1223,111.80239999999998,0.03,0.58
env_cascade,REINFORCE:seed11,REINFORCE,1224,149.53140000000008,0.02,0.62
env_cascade,REINFORCE:seed11,REINFORCE,1225,152.3936,0.03,0.55
env_cascade,REINFORCE:seed11,REINFORCE,1226,142.77779999999998,0.03,0.51
env_cascade,REINFORCE:seed11,REINFORCE,1227,148.8132,0.01,0.54
env_cascade,REINFORCE:seed11,REINFORCE,1228,132.73539999999997,0.04,0.48
env_cascade,REINFORCE:seed11,REINFORCE,1229,158.86080000000004,0.01,0.65
env_cascade,REINFORCE:seed11,REINFORCE,1230,132.14679999999993,0.03,0.58
env_cascade,REINFORCE:seed11,REINFORCE,1231,115.77079999999998,0.02,0.59
env_cascade,REINFORCE:seed11,REINFORCE,1232,137.73979999999995,0.04,0.52
env_cascade,REINFORCE:seed11,REINFORCE,1233,125.0482000000001,0.0,0.64
env_cascade,REINFORCE:seed11,REINFORCE,1234,141.9604,0.04,0.51
env_cascade,REINFORCE:seed11,REINFORCE,1235,156.4366,0.0,0.56
env_cascade,REINFORCE:seed11,REINFORCE,1236,132.20640000000003,0.0,0.61
env_cascade,REINFORCE:seed11,REINFORCE,1237,129.7534,0.03,0.53
env_cascade,REINFORCE:seed11,REINFORCE,1238,132.9136,0.02,0.56
env_cascade,REINFORCE:seed11,REINFORCE,1239,116.50599999999989,0.02,0.6
env_cascade,REINFORCE:seed11,REINFORCE,1240,155.1796,0.04,0.56
env_cascade,REINFORCE:seed11,REINFORCE,1241,112.0226,0.05,0.57
env_cascade,REINFORCE:seed11,REINFORCE,1242,126.54580000000003,0.0,0.65
env_cascade,REINFORCE:seed11,REINFORCE,1243,102.76860000000003,0.06,0.58
env_cascade,REINFORCE:seed11,REINFORCE,1244,152.56380000000001,0.03,0.56
env_cascade,REINFORCE:seed11,REINFORCE,1245,151.09859999999998,0.02,0.51
env_cascade,REINFORCE:seed11,REINFORCE,1246,145.7588,0.06,0.55
env_cascade,REINFORCE:seed11,REINFORCE,1247,145.23199999999997,0.0,0.61
env_cascade,REINFORCE:seed11,REINFORCE,1248,150.8186,0.03,0.58
env_cascade,REINFORCE:seed11,REINFORCE,1249,144.03599999999997,0.05,0.55
env_cascade,REINFORCE:seed13,REINFORCE,1000,73.2698,0.01,0.24
env_cascade,REINFORCE:seed13,REINFORCE,1001,74.18059999999998,0.04,0.27
env_cascade,REINFORCE:seed13,REINFORCE,1002,104.32920000000001,0.08,0.67
env_cascade,REINFORCE:seed13,REINFORCE,1003,116.36039999999998,0.03,0.68
env_cascade,REINFORCE:seed13,REINFORCE,1004,72.8026,0.03,0.26
env_cascade,REINFORCE:seed13,REINFORCE,1005,72.31019999999998,0.17,0.57
env_cascade,REINFORCE:seed13,REINFORCE,1006,116.22239999999998,0.0,0.5
env_cascade,REINFORCE:seed13,REINFORCE,1007,90.21239999999997,0.05,0.46
env_cascade,REINFORCE:seed13,REINFORCE,1008,96.3154,0.07,0.6
env_cascade,REINFORCE:seed13,REINFORCE,1009,95.77359999999999,0.0,0.35
env_cascade,REINFORCE:seed13,REINFORCE,1010,50.23280000000001,0.01,0.21
env_cascade,REINFORCE:seed13,REINFORCE,1011,57.1908,0.03,0.25
env_cascade,REINFORCE:seed13,REINFORCE,1012,103.566,0.01,0.5
env_cascade,REINFORCE:seed13,REINFORCE,1013,130.3012,0.02,0.51
env_cascade,REINFORCE:seed13,REINFORCE,1014,87.94360000000003,0.12,0.69
env_cascade,REINFORCE:seed13,REINFORCE,1015,38.17679999999997,0.23,0.33
env_cascade,REINFORCE:seed13,REINFORCE,1016,-4.642200000000102,0.42,0.37
env_cascade,REINFORCE:seed13,REINFORCE,1017,101.92220000000005,0.1,0.51
env_cascade,REINFORCE:seed13,REINFORCE,1018,65.75840000000002,0.1,0.43
env_cascade,REINFORCE:seed13,REINFORCE,1019,118.19440000000002,0.03,0.61
env_cascade,REINFORCE:seed13,REINFORCE,1020,82.73319999999998,0.01,0.28
env_cascade,REINFORCE:seed13,REINFORCE,1021,62.977599999999995,0.13,0.44
env_cascade,REINFORCE:seed13,REINFORCE,1022,36.443,0.01,0.11
env_cascade,REINFORCE:seed13,REINFORCE,1023,114.95020000000002,0.04,0.74
env_cascade,REINFORCE:seed13,REINFORCE,1024,5.961799999999954,0.36,0.41
env_cascade,REINFORCE:seed13,REINFORCE,1025,41.744,0.01,0.13
env_cascade,REINFORCE:seed13,REINFORCE,1026,110.69979999999998,0.02,0.54
env_cascade,REINFORCE:seed13,REINFORCE,1027,128.47179999999997,0.05,0.55
env_cascade,REINFORCE:seed13,REINFORCE,1028,71.6046,0.03,0.31
env_cascade,REINFORCE:seed13,REINFORCE,1029,58.60779999999998,0.23,0.44
env_cascade,REINFORCE:seed13,REINFORCE,1030,61.27280000000003,0.17,0.63
env_cascade,REINFORCE:seed13,REINFORCE,1031,29.754800000000003,0.0,0.09
env_cascade,REINFORCE:seed13,REINFORCE,1032,61.7568,0.15,0.33
env_cascade,REINFORCE:seed13,REINFORCE,1033,123.61779999999999,0.02,0.58
env_cascade,REINFORCE:seed13,REINFORCE,1034,119.03179999999999,0.02,0.51
env_cascade,REINFORCE:seed13,REINFORCE,1035,76.0548,0.04,0.3
env_cascade,REINFORCE:seed13,REINFORCE,1036,115.21359999999996,0.02,0.52
env_cascade,REINFORCE:seed13,REINFORCE,1037,136.37099999999998,0.02,0.75
env_cascade,REINFORCE:seed13,REINFORCE,1038,123.3944,0.01,0.56
env_cascade,REINFORCE:seed13,REINFORCE,1039,71.1988,0.2,0.57
env_cascade,REINFORCE:seed13,REINFORCE,1040,89.38439999999994,0.12,0.53
env_cascade,REINFORCE:seed13,REINFORCE,1041,3.5225999999999997,0.0,0.01
env_cascade,REINFORCE:seed13,REINFORCE,1042,56.464,0.0,0.18
env_cascade,REINFORCE:seed13,REINFORCE,1043,122.33399999999993,0.04,0.71
env_cascade,REINFORCE:seed13,REINFORCE,1044,64.4696,0.03,0.25
env_cascade,REINFORCE:seed13,REINFORCE,1045,108.54800000000003,0.09,0.55
env_cascade,REINFORCE:seed13,REINFORCE,1046,65.239,0.02,0.21
env_cascade,REINFORCE:seed13,REINFORCE,1047,23.293599999999998,0.0,0.08
env_cascade,REINFORCE:seed13,REINFORCE,1048,110.96600000000001,0.02,0.68
env_cascade,REINFORCE:seed13,REINFORCE,1049,52.39960000000001,0.19,0.42
env_cascade,REINFORCE:seed13,REINFORCE,1050,107.20559999999998,0.17,0.59
env_cascade,REINFORCE:seed13,REINFORCE,1051,114.13879999999999,0.04,0.71
env_cascade,REINFORCE:seed13,REINFORCE,1052,88.00659999999996,0.08,0.57
env_cascade,REINFORCE:seed13,REINFORCE,1053,115.31679999999997,0.03,0.47
env_cascade,REINFORCE:seed13,REINFORCE,1054,145.66099999999994,0.0,0.74
env_cascade,REINFORCE:seed13,REINFORCE,1055,9.92520000000006,0.42,0.46
env_cascade,REINFORCE:seed13,REINFORCE,1056,123.20259999999995,0.01,0.48
env_cascade,REINFORCE:seed13,REINFORCE,1057,121.2456,0.02,0.46
env_cascade,REINFORCE:seed13,REINFORCE,1058,42.6336,0.01,0.12
env_cascade,REINFORCE:seed13,REINFORCE,1059,92.80199999999999,0.02,0.4
env_cascade,REINFORCE:seed13,REINFORCE,1060,57.172799999999995,0.01,0.19
env_cascade,REINFORCE:seed13,REINFORCE,1061,142.57320000000004,0.02,0.59
env_cascade,REINFORCE:seed13,REINFORCE,1062,70.6468,0.02,0.26
env_cascade,REINFORCE:seed13,REINFORCE,1063,103.68459999999999,0.06,0.63
env_cascade,REINFORCE:seed13,REINFORCE,1064,127.06459999999998,0.03,0.71
env_cascade,REINFORCE:seed13,REINFORCE,1065,120.62679999999999,0.03,0.47
env_cascade,REINFORCE:seed13,REINFORCE,1066,46.28160000000002,0.16,0.25
env_cascade,REINFORCE:seed13,REINFORCE,1067,10.62560000000002,0.39,0.51
env_cascade,REINFORCE:seed13,REINFORCE,1068,44.45500000000001,0.09,0.22
env_cascade,REINFORCE:seed13,REINFORCE,1069,117.1782,0.02,0.64
env_cascade,REINFORCE:seed13,REINFORCE,1070,131.43600000000004,0.03,0.76
env_cascade,REINFORCE:seed13,REINFORCE,1071,78.63639999999998,0.02,0.26
env_cascade,REINFORCE:seed13,REINFORCE,1072,-23.988200000000063,0.41,0.45
env_cascade,REINFORCE:seed13,REINFORCE,1073,71.94820000000004,0.17,0.59
env_cascade,REINFORCE:seed13,REINFORCE,1074,109.30420000000001,0.08,0.58
env_cascade,REINFORCE:seed13,REINFORCE,1075,47.56399999999999,0.02,0.15
env_cascade,REINFORCE:seed13,REINFORCE,1076,35.58159999999999,0.18,0.26
env_cascade,REINFORCE:seed13,REINFORCE,1077,38.583,0.0,0.11
env_cascade,REINFORCE:seed13,REINFORCE,1078,65.1048,0.0,0.19
env_cascade,REINFORCE:seed13,REINFORCE,1079,107.48499999999999,0.01,0.54
env_cascade,REINFORCE:seed13,REINFORCE,1080,50.02359999999999,0.01,0.17
env_cascade,REINFORCE:seed13,REINFORCE,1081,96.50759999999997,0.03,0.41
env_cascade,REINFORCE:seed13,REINFORCE,1082,71.18299999999999,0.07,0.31
env_cascade,REINFORCE:seed13,REINFORCE,1083,61.958400000000005,0.02,0.22
env_cascade,REINFORCE:seed13,REINFORCE,1084,70.43299999999999,0.01,0.24
env_cascade,REINFORCE:seed13,REINFORCE,1085,-0.6288,0.0,0.0
env_cascade,REINFORCE:seed13,REINFORCE,1086,61.77180000000001,0.01,0.21
env_cascade,REINFORCE:seed13,REINFORCE,1087,93.93,0.09,0.52
env_cascade,REINFORCE:seed13,REINFORCE,1088,-0.23399999999999999,0.0,0.0
env_cascade,REINFORCE:seed13,REINFORCE,1089,78.62580000000001,0.01,0.26
env_cascade,REINFORCE:seed13,REINFORCE,1090,100.25819999999999,0.0,0.35
env_cascade,REINFORCE:seed13,REINFORCE,1091,121.6866,0.06,0.68
env_cascade,REINFORCE:seed13,REINFORCE,1092,30.9926,0.01,0.09
env_cascade,REINFORCE:seed13,REINFORCE,1093,156.49100000000004,0.02,0.7
env_cascade,REINFORCE:seed13,REINFORCE,1094,120.13380000000008,0.03,0.58
env_cascade,REINFORCE:seed13,REINFORCE,1095,105.4238,0.03,0.56
env_cascade,REINFORCE:seed13,REINFORCE,1096,105.06920000000001,0.07,0.43
env_cascade,REINFORCE:seed13,REINFORCE,1097,82.42340000000002,0.04,0.38
env_cascade,REINFORCE:seed13,REINFORCE,1098,50.3256,0.0,0.15
env_cascade,REINFORCE:seed13,REINFORCE,1099,101.4368,0.02,0.43
env_cascade,REINFORCE:seed13,REINFORCE,1100,123.48900000000003,0.11,0.65
env_cascade,REINFORCE:seed13,REINFORCE,1101,105.73239999999998,0.09,0.62
env_cascade,REINFORCE:seed13,REINFORCE,1102,75.41520000000001,0.0,0.31
env_cascade,REINFORCE:seed13,REINFORCE,1103,52.21339999999999,0.02,0.18
env_cascade,REINFORCE:seed13,REINFORCE,1104,81.4692,0.11,0.52
env_cascade,REINFORCE:seed13,REINFORCE,1105,54.573000000000064,0.24,0.57
env_cascade,REINFORCE:seed13,REINFORCE,1106,91.1372,0.05,0.41
env_cascade,REINFORCE:seed13,REINFORCE,1107,109.6236,0.02,0.4
env_cascade,REINFORCE:seed13,REINFORCE,1108,107.53140000000002,0.0,0.43
env_cascade,REINFORCE:seed13,REINFORCE,1109,88.53240000000002,0.01,0.34
env_cascade,REINFORCE:seed13,REINFORCE,1110,62.2004,0.14,0.32
env_cascade,REINFORCE:seed13,REINFORCE,1111,68.77259999999998,0.15,0.38
env_cascade,REINFORCE:seed13,REINFORCE,1112,5.733999999999995,0.41,0.47
env_cascade,REINFORCE:seed13,REINFORCE,1113,102.23119999999994,0.0,0.52
env_cascade,REINFORCE:seed13,REINFORCE,1114,93.0714,0.02,0.36
env_cascade,REINFORCE:seed13,REINFORCE,1115,21.375,0.01,0.06
env_cascade,REINFORCE:seed13,REINFORCE,1116,81.3762,0.08,0.44
env_cascade,REINFORCE:seed13,REINFORCE,1117,103.9928,0.02,0.56
env_cascade,REINFORCE:seed13,REINFORCE,1118,81.74139999999998,0.14,0.42
env_cascade,REINFORCE:seed13,REINFORCE,1119,73.94720000000001,0.01,0.27
env_cascade,REINFORCE:seed13,REINFORCE,1120,135.9657999999999,0.05,0.68
env_cascade,REINFORCE:seed13,REINFORCE,1121,77.7988,0.08,0.38
env_cascade,REINFORCE:seed13,REINFORCE,1122,86.09879999999998,0.12,0.45
env_cascade,REINFORCE:seed13,REINFORCE,1123,68.3888,0.01,0.3
env_cascade,REINFORCE:seed13,REINFORCE,1124,47.3566,0.02,0.19
env_cascade,REINFORCE:seed13,REINFORCE,1125,101.41100000000002,0.01,0.42
env_cascade,REINFORCE:seed13,REINFORCE,1126,43.4058,0.0,0.15
env_cascade,REINFORCE:seed13,REINFORCE,1127,88.942,0.02,0.48
env_cascade,REINFORCE:seed13,REINFORCE,1128,81.37939999999998,0.01,0.37
env_cascade,REINFORCE:seed13,REINFORCE,1129,44.4816,0.02,0.16
env_cascade,REINFORCE:seed13,REINFORCE,1130,94.8982,0.05,0.35
env_cascade,REINFORCE:seed13,REINFORCE,1131,43.86860000000001,0.0,0.14
env_cascade,REINFORCE:seed13,REINFORCE,1132,33.3896,0.33,0.33
env_cascade,REINFORCE:seed13,REINFORCE,1133,91.86600000000001,0.02,0.45
env_cascade,REINFORCE:seed13,REINFORCE,1134,63.55779999999999,0.0,0.19
env_cascade,REINFORCE:seed13,REINFORCE,1135,78.55679999999998,0.0,0.27
env_cascade,REINFORCE:seed13,REINFORCE,1136,130.41940000000008,0.03,0.68
env_cascade,REINFORCE:seed13,REINFORCE,1137,29.6802,0.07,0.12
env_cascade,REINFORCE:seed13,REINFORCE,1138,33.93300000000001,0.11,0.17
env_cascade,REINFORCE:seed13,REINFORCE,1139,18.315399999999983,0.35,0.49
env_cascade,REINFORCE:seed13,REINFORCE,1140,82.58599999999997,0.12,0.59
env_cascade,REINFORCE:seed13,REINFORCE,1141,102.916,0.02,0.41
env_cascade,REINFORCE:seed13,REINFORCE,1142,118.63199999999998,0.04,0.69
env_cascade,REINFORCE:seed13,REINFORCE,1143,-8.916199999999975,0.43,0.43
env_cascade,REINFORCE:seed13,REINFORCE,1144,71.14999999999999,0.08,0.38
env_cascade,REINFORCE:seed13,REINFORCE,1145,144.4476,0.05,0.66
env_cascade,REINFORCE:seed13,REINFORCE,1146,107.86919999999996,0.02,0.71
env_cascade,REINFORCE:seed13,REINFORCE,1147,31.094599999999996,0.0,0.09
env_cascade,REINFORCE:seed13,REINFORCE,1148,108.35120000000002,0.04,0.43
env_cascade,REINFORCE:seed13,REINFORCE,1149,126.53219999999999,0.02,0.58
env_cascade,REINFORCE:seed13,REINFORCE,1150,104.61159999999995,0.01,0.46
env_cascade,REINFORCE:seed13,REINFORCE,1151,91.72720000000001,0.07,0.44
env_cascade,REINFORCE:seed13,REINFORCE,1152,138.00099999999998,0.03,0.6
env_cascade,REINFORCE:seed13,REINFORCE,1153,106.67439999999999,0.0,0.39
env_cascade,REINFORCE:seed13,REINFORCE,1154,71.5102,0.19,0.43
env_cascade,REINFORCE:seed13,REINFORCE,1155,89.6076,0.01,0.28
env_cascade,REINFORCE:seed13,REINFORCE,1156,89.46480000000001,0.05,0.47
env_cascade,REINFORCE:seed13,REINFORCE,1157,108.57039999999996,0.06,0.52
env_cascade,REINFORCE:seed13,REINFORCE,1158,118.2184,0.02,0.48
env_cascade,REINFORCE:seed13,REINFORCE,1159,100.00420000000003,0.02,0.52
env_cascade,REINFORCE:seed13,REINFORCE,1160,48.02660000000003,0.25,0.58
env_cascade,REINFORCE:seed13,REINFORCE,1161,116.57420000000003,0.03,0.69
env_cascade,REINFORCE:seed13,REINFORCE,1162,39.60440000000007,0.34,0.56
env_cascade,REINFORCE:seed13,REINFORCE,1163,84.09739999999996,0.02,0.36
env_cascade,REINFORCE:seed13,REINFORCE,1164,85.8534,0.03,0.38
env_cascade,REINFORCE:seed13,REINFORCE,1165,68.9418,0.05,0.31
env_cascade,REINFORCE:seed13,REINFORCE,1166,10.609799999999996,0.01,0.04
env_cascade,REINFORCE:seed13,REINFORCE,1167,41.381,0.0,0.12
env_cascade,REINFORCE:seed13,REINFORCE,1168,47.751000000000005,0.0,0.15
env_cascade,REINFORCE:seed13,REINFORCE,1169,91.87799999999994,0.06,0.52
env_cascade,REINFORCE:seed13,REINFORCE,1170,106.69560000000001,0.08,0.44
env_cascade,REINFORCE:seed13,REINFORCE,1171,140.5978,0.04,0.61
env_cascade,REINFORCE:seed13,REINFORCE,1172,42.19320000000001,0.14,0.25
env_cascade,REINFORCE:seed13,REINFORCE,1173,93.1644,0.02,0.34
env_cascade,REINFORCE:seed13,REINFORCE,1174,16.5032,0.0,0.04
env_cascade,REINFORCE:seed13,REINFORCE,1175,120.10499999999998,0.04,0.54
env_cascade,REINFORCE:seed13,REINFORCE,1176,100.2241999999999,0.03,0.53
env_cascade,REINFORCE:seed13,REINFORCE,1177,82.71399999999998,0.13,0.42
env_cascade,REINFORCE:seed13,REINFORCE,1178,123.45960000000002,0.04,0.59
env_cascade,REINFORCE:seed13,REINFORCE,1179,118.33399999999999,0.05,0.69
env_cascade,REINFORCE:seed13,REINFORCE,1180,141.97019999999998,0.0,0.71
env_cascade,REINFORCE:seed13,REINFORCE,1181,106.37019999999997,0.03,0.48
env_cascade,REINFORCE:seed13,REINFORCE,1182,109.78219999999995,0.03,0.63
env_cascade,REINFORCE:seed13,REINFORCE,1183,110.85459999999998,0.01,0.46
env_cascade,REINFORCE:seed13,REINFORCE,1184,109.22359999999999,0.03,0.63
env_cascade,REINFORCE:seed13,REINFORCE,1185,106.89640000000004,0.04,0.5
env_cascade,REINFORCE:seed13,REINFORCE,1186,68.8226,0.19,0.57
env_cascade,REINFORCE:seed13,REINFORCE,1187,48.9682,0.01,0.17
env_cascade,REINFORCE:seed13,REINFORCE,1188,49.37559999999999,0.0,0.14
env_cascade,REINFORCE:seed13,REINFORCE,1189,57.61840000000004,0.14,0.37
env_cascade,REINFORCE:seed13,REINFORCE,1190,48.745999999999995,0.02,0.17
env_cascade,REINFORCE:seed13,REINFORCE,1191,83.11899999999997,0.13,0.63
env_cascade,REINFORCE:seed13,REINFORCE,1192,75.56660000000002,0.13,0.65
env_cascade,REINFORCE:seed13,REINFORCE,1193,-5.546399999999949,0.48,0.43
env_cascade,REINFORCE:seed13,REINFORCE,1194,98.03719999999998,0.0,0.41
env_cascade,REINFORCE:seed13,REINFORCE,1195,98.27819999999998,0.06,0.46
env_cascade,REINFORCE:seed13,REINFORCE,1196,115.07700000000001,0.01,0.5
env_cascade,REINFORCE:seed13,REINFORCE,1197,52.26579999999999,0.03,0.18
env_cascade,REINFORCE:seed13,REINFORCE,1198,124.809,0.04,0.54
env_cascade,REINFORCE:seed13,REINFORCE,1199,94.83300000000004,0.13,0.54
env_cascade,REINFORCE:seed13,REINFORCE,1200,42.0316,0.24,0.46
env_cascade,REINFORCE:seed13,REINFORCE,1201,73.24499999999998,0.22,0.48
env_cascade,REINFORCE:seed13,REINFORCE,1202,75.21579999999999,0.01,0.25
env_cascade,REINFORCE:seed13,REINFORCE,1203,55.944199999999995,0.02,0.19
env_cascade,REINFORCE:seed13,REINFORCE,1204,44.066799999999986,0.29,0.58
env_cascade,REINFORCE:seed13,REINFORCE,1205,75.7524,0.01,0.25
env_cascade,REINFORCE:seed13,REINFORCE,1206,99.15119999999999,0.05,0.54
env_cascade,REINFORCE:seed13,REINFORCE,1207,97.04999999999998,0.01,0.36
env_cascade,REINFORCE:seed13,REINFORCE,1208,79.9772,0.01,0.3
env_cascade,REINFORCE:seed13,REINFORCE,1209,21.505800000000022,0.32,0.56
env_cascade,REINFORCE:seed13,REINFORCE,1210,125.92300000000003,0.05,0.7
env_cascade,REINFORCE:seed13,REINFORCE,1211,115.78740000000002,0.03,0.49
env_cascade,REINFORCE:seed13,REINFORCE,1212,101.1414,0.02,0.45
env_cascade,REINFORCE:seed13,REINFORCE,1213,71.2882,0.0,0.23
env_cascade,REINFORCE:seed13,REINFORCE,1214,82.00800000000001,0.02,0.27
env_cascade,REINFORCE:seed13,REINFORCE,1215,73.7438,0.01,0.31
env_cascade,REINFORCE:seed13,REINFORCE,1216,85.97459999999998,0.11,0.42
env_cascade,REINFORCE:seed13,REINFORCE,1217,118.41719999999995,0.02,0.58
env_cascade,REINFORCE:seed13,REINFORCE,1218,2.3955999999999995,0.01,0.01
env_cascade,REINFORCE:seed13,REINFORCE,1219,51.09679999999997,0.21,0.36
env_cascade,REINFORCE:seed13,REINFORCE,1220,81.77879999999999,0.0,0.29
env_cascade,REINFORCE:seed13,REINFORCE,1221,116.52140000000003,0.03,0.72
env_cascade,REINFORCE:seed13,REINFORCE,1222,44.8394,0.02,0.14
env_cascade,REINFORCE:seed13,REINFORCE,1223,3.37120000000003,0.44,0.35
env_cascade,REINFORCE:seed13,REINFORCE,1224,119.6798,0.01,0.54
env_cascade,REINFORCE:seed13,REINFORCE,1225,111.20559999999995,0.02,0.69
env_cascade,REINFORCE:seed13,REINFORCE,1226,100.72679999999994,0.06,0.54
env_cascade,REINFORCE:seed13,REINFORCE,1227,28.584599999999995,0.02,0.1
env_cascade,REINFORCE:seed13,REINFORCE,1228,92.613,0.07,0.54
env_cascade,REINFORCE:seed13,REINFORCE,1229,128.5546,0.03,0.6
env_cascade,REINFORCE:seed13,REINFORCE,1230,130.0582,0.04,0.63
env_cascade,REINFORCE:seed13,REINFORCE,1231,104.77099999999999,0.07,0.53
env_cascade,REINFORCE:seed13,REINFORCE,1232,131.83659999999995,0.04,0.62
env_cascade,REINFORCE:seed13,REINFORCE,1233,112.71120000000003,0.0,0.49
env_cascade,REINFORCE:seed13,REINFORCE,1234,112.42939999999999,0.07,0.65
env_cascade,REINFORCE:seed13,REINFORCE,1235,109.19999999999999,0.02,0.42
env_cascade,REINFORCE:seed13,REINFORCE,1236,102.67320000000004,0.06,0.72
env_cascade,REINFORCE:seed13,REINFORCE,1237,83.08199999999997,0.04,0.46
env_cascade,REINFORCE:seed13,REINFORCE,1238,68.86520000000002,0.06,0.33
env_cascade,REINFORCE:seed13,REINFORCE,1239,80.49659999999999,0.0,0.4
env_cascade,REINFORCE:seed13,REINFORCE,1240,9.320599999999999,0.0,0.03
env_cascade,REINFORCE:seed13,REINFORCE,1241,27.3848,0.05,0.11
env_cascade,REINFORCE:seed13,REINFORCE,1242,111.18519999999998,0.05,0.56
env_cascade,REINFORCE:seed13,REINFORCE,1243,22.52980000000008,0.37,0.54
env_cascade,REINFORCE:seed13,REINFORCE,1244,57.025399999999976,0.29,0.61
env_cascade,REINFORCE:seed13,REINFORCE,1245,62.55359999999999,0.0,0.22
env_cascade,REINFORCE:seed13,REINFORCE,1246,83.2752,0.0,0.28
env_cascade,REINFORCE:seed13,REINFORCE,1247,64.6456,0.1,0.31
env_cascade,REINFORCE:seed13,REINFORCE,1248,110.2328,0.02,0.46
env_cascade,REINFORCE:seed13,REINFORCE,1249,83.0318,0.02,0.29
env_cascade,PPO:seed11,PPO,1000,140.64980000000006,0.01,0.65
env_cascade,PPO:seed11,PPO,1001,102.90600000000003,0.06,0.63
env_cascade,PPO:seed11,PPO,1002,127.58959999999999,0.07,0.64
env_cascade,PPO:seed11,PPO,1003,126.28219999999996,0.02,0.67
env_cascade,PPO:seed11,PPO,1004,175.541,0.04,0.69
env_cascade,PPO:seed11,PPO,1005,145.89959999999996,0.01,0.67
env_cascade,PPO:seed11,PPO,1006,142.85300000000007,0.05,0.68
env_cascade,PPO:seed11,PPO,1007,166.029,0.04,0.69
env_cascade,PPO:seed11,PPO,1008,89.443,0.06,0.65
env_cascade,PPO:seed11,PPO,1009,185.849,0.03,0.68
env_cascade,PPO:seed11,PPO,1010,158.2662,0.05,0.67
env_cascade,PPO:seed11,PPO,1011,180.7858,0.03,0.69
env_cascade,PPO:seed11,PPO,1012,184.55459999999997,0.02,0.69
env_cascade,PPO:seed11,PPO,1013,182.46,0.06,0.67
env_cascade,PPO:seed11,PPO,1014,101.64100000000005,0.11,0.61
env_cascade,PPO:seed11,PPO,1015,145.6989999999999,0.03,0.69
env_cascade,PPO:seed11,PPO,1016,120.93159999999995,0.04,0.67
env_cascade,PPO:seed11,PPO,1017,165.2924,0.07,0.69
env_cascade,PPO:seed11,PPO,1018,135.34940000000006,0.01,0.71
env_cascade,PPO:seed11,PPO,1019,169.26800000000003,0.03,0.67
env_cascade,PPO:seed11,PPO,1020,195.46559999999997,0.02,0.7
env_cascade,PPO:seed11,PPO,1021,148.96159999999998,0.06,0.7
env_cascade,PPO:seed11,PPO,1022,188.8194,0.05,0.69
env_cascade,PPO:seed11,PPO,1023,164.08340000000004,0.01,0.73
env_cascade,PPO:seed11,PPO,1024,132.2636,0.03,0.67
env_cascade,PPO:seed11,PPO,1025,172.4762,0.05,0.65
env_cascade,PPO:seed11,PPO,1026,161.6882,0.01,0.7
env_cascade,PPO:seed11,PPO,1027,188.6874,0.06,0.66
env_cascade,PPO:seed11,PPO,1028,149.59479999999994,0.05,0.66
env_cascade,PPO:seed11,PPO,1029,121.86740000000003,0.05,0.65
env_cascade,PPO:seed11,PPO,1030,104.4186000000001,0.03,0.71
env_cascade,PPO:seed11,PPO,1031,122.76580000000001,0.06,0.65
env_cascade,PPO:seed11,PPO,1032,161.41559999999998,0.06,0.66
env_cascade,PPO:seed11,PPO,1033,161.28640000000001,0.04,0.67
env_cascade,PPO:seed11,PPO,1034,159.0172,0.05,0.68
env_cascade,PPO:seed11,PPO,1035,167.5888,0.06,0.65
env_cascade,PPO:seed11,PPO,1036,200.43420000000003,0.03,0.72
env_cascade,PPO:seed11,PPO,1037,195.4728,0.02,0.68
env_cascade,PPO:seed11,PPO,1038,164.1412,0.05,0.66
env_cascade,PPO:seed11,PPO,1039,162.7962,0.06,0.65
env_cascade,PPO:seed11,PPO,1040,130.8418,0.04,0.67
env_cascade,PPO:seed11,PPO,1041,144.312,0.03,0.68
env_cascade,PPO:seed11,PPO,1042,187.2744,0.03,0.69
env_cascade,PPO:seed11,PPO,1043,171.14199999999997,0.04,0.67
env_cascade,PPO:seed11,PPO,1044,136.8346,0.05,0.67
env_cascade,PPO:seed11,PPO,1045,179.49079999999998,0.02,0.72
env_cascade,PPO:seed11,PPO,1046,189.14559999999994,0.01,0.72
env_cascade,PPO:seed11,PPO,1047,182.19,0.05,0.67
env_cascade,PPO:seed11,PPO,1048,108.89779999999999,0.01,0.66
env_cascade,PPO:seed11,PPO,1049,122.14120000000003,0.07,0.66
env_cascade,PPO:seed11,PPO,1050,169.12220000000002,0.05,0.68
env_cascade,PPO:seed11,PPO,1051,171.1404,0.04,0.66
env_cascade,PPO:seed11,PPO,1052,147.0032,0.02,0.71
env_cascade,PPO:seed11,PPO,1053,162.05720000000002,0.05,0.66
env_cascade,PPO:seed11,PPO,1054,176.2024,0.01,0.73
env_cascade,PPO:seed11,PPO,1055,120.97879999999999,0.04,0.64
env_cascade,PPO:seed11,PPO,1056,143.6406,0.09,0.67
env_cascade,PPO:seed11,PPO,1057,165.70160000000007,0.05,0.68
env_cascade,PPO:seed11,PPO,1058,177.48000000000002,0.09,0.65
env_cascade,PPO:seed11,PPO,1059,147.91139999999996,0.02,0.7
env_cascade,PPO:seed11,PPO,1060,167.85039999999998,0.04,0.67
env_cascade,PPO:seed11,PPO,1061,172.6832,0.03,0.7
env_cascade,PPO:seed11,PPO,1062,206.59339999999997,0.0,0.75
env_cascade,PPO:seed11,PPO,1063,150.46319999999997,0.03,0.67
env_cascade,PPO:seed11,PPO,1064,158.3266,0.02,0.68
env_cascade,PPO:seed11,PPO,1065,165.43399999999997,0.08,0.65
env_cascade,PPO:seed11,PPO,1066,179.8168,0.03,0.66
env_cascade,PPO:seed11,PPO,1067,135.64999999999998,0.04,0.69
env_cascade,PPO:seed11,PPO,1068,131.96400000000006,0.06,0.66
env_cascade,PPO:seed11,PPO,1069,136.79960000000003,0.04,0.68
env_cascade,PPO:seed11,PPO,1070,165.22039999999998,0.0,0.73
env_cascade,PPO:seed11,PPO,1071,165.314,0.03,0.67
env_cascade,PPO:seed11,PPO,1072,98.96439999999998,0.03,0.66
env_cascade,PPO:seed11,PPO,1073,101.41400000000006,0.04,0.65
env_cascade,PPO:seed11,PPO,1074,174.4478,0.05,0.67
env_cascade,PPO:seed11,PPO,1075,167.47299999999998,0.04,0.69
env_cascade,PPO:seed11,PPO,1076,190.269,0.03,0.72
env_cascade,PPO:seed11,PPO,1077,133.05979999999997,0.03,0.66
env_cascade,PPO:seed11,PPO,1078,184.88080000000002,0.05,0.68
env_cascade,PPO:seed11,PPO,1079,164.0636,0.04,0.67
env_cascade,PPO:seed11,PPO,1080,186.4468,0.03,0.7
env_cascade,PPO:seed11,PPO,1081,165.1732,0.06,0.67
env_cascade,PPO:seed11,PPO,1082,117.89440000000005,0.02,0.7
env_cascade,PPO:seed11,PPO,1083,142.99620000000004,0.02,0.69
env_cascade,PPO:seed11,PPO,1084,183.68999999999997,0.04,0.69
env_cascade,PPO:seed11,PPO,1085,169.76919999999996,0.01,0.66
env_cascade,PPO:seed11,PPO,1086,186.42419999999998,0.04,0.67
env_cascade,PPO:seed11,PPO,1087,177.1128,0.03,0.68
env_cascade,PPO:seed11,PPO,1088,159.1428,0.09,0.64
env_cascade,PPO:seed11,PPO,1089,180.3778,0.05,0.7
env_cascade,PPO:seed11,PPO,1090,139.77839999999998,0.04,0.64
env_cascade,PPO:seed11,PPO,1091,133.02499999999995,0.05,0.66
env_cascade,PPO:seed11,PPO,1092,188.21540000000002,0.07,0.66
env_cascade,PPO:seed11,PPO,1093,138.29699999999994,0.02,0.69
env_cascade,PPO:seed11,PPO,1094,162.77360000000002,0.05,0.66
env_cascade,PPO:seed11,PPO,1095,124.78960000000006,0.04,0.67
env_cascade,PPO:seed11,PPO,1096,189.4688,0.06,0.71
env_cascade,PPO:seed11,PPO,1097,189.84720000000002,0.07,0.66
env_cascade,PPO:seed11,PPO,1098,197.3016,0.05,0.67
env_cascade,PPO:seed11,PPO,1099,170.20439999999996,0.03,0.69
env_cascade,PPO:seed11,PPO,1100,159.80559999999997,0.07,0.67
env_cascade,PPO:seed11,PPO,1101,151.30939999999998,0.05,0.66
env_cascade,PPO:seed11,PPO,1102,188.264,0.01,0.7
env_cascade,PPO:seed11,PPO,1103,170.74159999999998,0.04,0.69
env_cascade,PPO:seed11,PPO,1104,134.46699999999996,0.05,0.68
env_cascade,PPO:seed11,PPO,1105,109.41400000000003,0.05,0.7
env_cascade,PPO:seed11,PPO,1106,128.71659999999997,0.02,0.67
env_cascade,PPO:seed11,PPO,1107,208.9842,0.03,0.7
env_cascade,PPO:seed11,PPO,1108,139.19440000000003,0.01,0.69
env_cascade,PPO:seed11,PPO,1109,125.36159999999998,0.02,0.68
env_cascade,PPO:seed11,PPO,1110,122.38059999999996,0.02,0.67
env_cascade,PPO:seed11,PPO,1111,180.98639999999997,0.04,0.66
env_cascade,PPO:seed11,PPO,1112,111.73139999999998,0.05,0.67
env_cascade,PPO:seed11,PPO,1113,164.997,0.01,0.7
env_cascade,PPO:seed11,PPO,1114,176.457,0.08,0.65
env_cascade,PPO:seed11,PPO,1115,159.6558,0.04,0.66
env_cascade,PPO:seed11,PPO,1116,186.59679999999997,0.04,0.68
env_cascade,PPO:seed11,PPO,1117,137.7756,0.0,0.71
env_cascade,PPO:seed11,PPO,1118,180.075,0.04,0.69
env_cascade,PPO:seed11,PPO,1119,157.0966,0.11,0.66
env_cascade,PPO:seed11,PPO,1120,146.38239999999996,0.04,0.65
env_cascade,PPO:seed11,PPO,1121,173.99939999999998,0.06,0.72
env_cascade,PPO:seed11,PPO,1122,149.01059999999995,0.06,0.66
env_cascade,PPO:seed11,PPO,1123,100.5822,0.04,0.63
env_cascade,PPO:seed11,PPO,1124,116.18360000000001,0.06,0.69
env_cascade,PPO:seed11,PPO,1125,170.9384,0.04,0.69
env_cascade,PPO:seed11,PPO,1126,154.71399999999994,0.03,0.65
env_cascade,PPO:seed11,PPO,1127,187.7316,0.01,0.7
env_cascade,PPO:seed11,PPO,1128,171.31239999999997,0.02,0.68
env_cascade,PPO:seed11,PPO,1129,158.4798,0.05,0.68
env_cascade,PPO:seed11,PPO,1130,174.724,0.04,0.69
env_cascade,PPO:seed11,PPO,1131,193.24159999999995,0.05,0.65
env_cascade,PPO:seed11,PPO,1132,124.87079999999995,0.02,0.68
env_cascade,PPO:seed11,PPO,1133,131.3979999999999,0.03,0.66
env_cascade,PPO:seed11,PPO,1134,198.9462,0.03,0.71
env_cascade,PPO:seed11,PPO,1135,181.8108,0.06,0.67
env_cascade,PPO:seed11,PPO,1136,131.906,0.09,0.67
env_cascade,PPO:seed11,PPO,1137,165.07779999999997,0.05,0.68
env_cascade,PPO:seed11,PPO,1138,163.48239999999996,0.02,0.69
env_cascade,PPO:seed11,PPO,1139,147.2358,0.02,0.69
env_cascade,PPO:seed11,PPO,1140,115.62700000000002,0.04,0.69
env_cascade,PPO:seed11,PPO,1141,171.07760000000002,0.08,0.63
env_cascade,PPO:seed11,PPO,1142,127.68739999999997,0.08,0.63
env_cascade,PPO:seed11,PPO,1143,121.14399999999995,0.05,0.66
env_cascade,PPO:seed11,PPO,1144,191.86860000000004,0.03,0.71
env_cascade,PPO:seed11,PPO,1145,159.86620000000005,0.04,0.69
env_cascade,PPO:seed11,PPO,1146,150.07980000000006,0.01,0.69
env_cascade,PPO:seed11,PPO,1147,153.0042,0.06,0.65
env_cascade,PPO:seed11,PPO,1148,209.88180000000003,0.01,0.7
env_cascade,PPO:seed11,PPO,1149,149.36100000000008,0.02,0.71
env_cascade,PPO:seed11,PPO,1150,160.67480000000006,0.03,0.71
env_cascade,PPO:seed11,PPO,1151,185.7768,0.02,0.73
env_cascade,PPO:seed11,PPO,1152,150.0562,0.04,0.67
env_cascade,PPO:seed11,PPO,1153,177.4916,0.03,0.68
env_cascade,PPO:seed11,PPO,1154,149.05299999999994,0.03,0.69
env_cascade,PPO:seed11,PPO,1155,201.5478,0.02,0.71
env_cascade,PPO:seed11,PPO,1156,149.05939999999995,0.04,0.67
env_cascade,PPO:seed11,PPO,1157,159.46640000000002,0.02,0.71
env_cascade,PPO:seed11,PPO,1158,176.107,0.03,0.67
env_cascade,PPO:seed11,PPO,1159,130.41919999999996,0.04,0.66
env_cascade,PPO:seed11,PPO,1160,178.97440000000003,0.02,0.71
env_cascade,PPO:seed11,PPO,1161,146.23,0.08,0.68
env_cascade,PPO:seed11,PPO,1162,111.8528,0.02,0.66
env_cascade,PPO:seed11,PPO,1163,141.72539999999998,0.01,0.7
env_cascade,PPO:seed11,PPO,1164,84.69079999999998,0.06,0.63
env_cascade,PPO:seed11,PPO,1165,131.99919999999997,0.08,0.65
env_cascade,PPO:seed11,PPO,1166,128.8426,0.09,0.62
env_cascade,PPO:seed11,PPO,1167,190.547,0.03,0.68
env_cascade,PPO:seed11,PPO,1168,117.32680000000006,0.04,0.68
env_cascade,PPO:seed11,PPO,1169,123.49099999999999,0.08,0.59
env_cascade,PPO:seed11,PPO,1170,197.16160000000002,0.04,0.7
env_cascade,PPO:seed11,PPO,1171,180.2286,0.05,0.69
env_cascade,PPO:seed11,PPO,1172,154.9588,0.05,0.71
env_cascade,PPO:seed11,PPO,1173,123.70680000000004,0.04,0.66
env_cascade,PPO:seed11,PPO,1174,148.13339999999997,0.09,0.63
env_cascade,PPO:seed11,PPO,1175,139.0802,0.02,0.68
env_cascade,PPO:seed11,PPO,1176,114.66499999999998,0.04,0.67
env_cascade,PPO:seed11,PPO,1177,123.50580000000005,0.05,0.66
env_cascade,PPO:seed11,PPO,1178,172.61599999999999,0.06,0.66
env_cascade,PPO:seed11,PPO,1179,160.71779999999998,0.03,0.69
env_cascade,PPO:seed11,PPO,1180,176.4522,0.02,0.69
env_cascade,PPO:seed11,PPO,1181,139.52820000000006,0.05,0.65
env_cascade,PPO:seed11,PPO,1182,157.86239999999998,0.08,0.64
env_cascade,PPO:seed11,PPO,1183,153.46859999999998,0.07,0.68
env_cascade,PPO:seed11,PPO,1184,149.69139999999993,0.05,0.7
env_cascade,PPO:seed11,PPO,1185,130.29520000000002,0.04,0.69
env_cascade,PPO:seed11,PPO,1186,164.72879999999995,0.04,0.67
env_cascade,PPO:seed11,PPO,1187,184.7094,0.04,0.7
env_cascade,PPO:seed11,PPO,1188,129.21419999999998,0.05,0.66
env_cascade,PPO:seed11,PPO,1189,182.04680000000002,0.01,0.69
env_cascade,PPO:seed11,PPO,1190,154.54639999999995,0.03,0.67
env_cascade,PPO:seed11,PPO,1191,175.5904,0.06,0.67
env_cascade,PPO:seed11,PPO,1192,111.21520000000007,0.07,0.67
env_cascade,PPO:seed11,PPO,1193,134.46179999999995,0.01,0.7
env_cascade,PPO:seed11,PPO,1194,173.03259999999997,0.02,0.69
env_cascade,PPO:seed11,PPO,1195,164.3206,0.03,0.68
env_cascade,PPO:seed11,PPO,1196,209.425,0.02,0.7
env_cascade,PPO:seed11,PPO,1197,191.10979999999998,0.07,0.67
env_cascade,PPO:seed11,PPO,1198,172.37939999999998,0.05,0.68
env_cascade,PPO:seed11,PPO,1199,172.49000000000004,0.01,0.72
env_cascade,PPO:seed11,PPO,1200,175.225,0.04,0.71
env_cascade,PPO:seed11,PPO,1201,112.89000000000001,0.05,0.66
env_cascade,PPO:seed11,PPO,1202,197.0408,0.03,0.69
env_cascade,PPO:seed11,PPO,1203,187.96820000000002,0.05,0.69
env_cascade,PPO:seed11,PPO,1204,114.94179999999994,0.09,0.64
env_cascade,PPO:seed11,PPO,1205,129.20140000000006,0.02,0.68
env_cascade,PPO:seed11,PPO,1206,165.5138,0.02,0.69
env_cascade,PPO:seed11,PPO,1207,169.72960000000003,0.01,0.7
env_cascade,PPO:seed11,PPO,1208,169.41859999999997,0.05,0.65
env_cascade,PPO:seed11,PPO,1209,107.53400000000002,0.04,0.66
env_cascade,PPO:seed11,PPO,1210,129.26239999999999,0.06,0.67
env_cascade,PPO:seed11,PPO,1211,154.0616,0.06,0.66
env_cascade,PPO:seed11,PPO,1212,176.60219999999998,0.03,0.68
env_cascade,PPO:seed11,PPO,1213,162.4264,0.03,0.67
env_cascade,PPO:seed11,PPO,1214,115.70639999999999,0.05,0.65
env_cascade,PPO:seed11,PPO,1215,182.57419999999996,0.02,0.7
env_cascade,PPO:seed11,PPO,1216,129.9576,0.06,0.69
env_cascade,PPO:seed11,PPO,1217,142.3322,0.06,0.65
env_cascade,PPO:seed11,PPO,1218,166.37080000000003,0.09,0.6
env_cascade,PPO:seed11,PPO,1219,137.58080000000007,0.05,0.64
env_cascade,PPO:seed11,PPO,1220,185.71679999999998,0.02,0.69
env_cascade,PPO:seed11,PPO,1221,100.50199999999998,0.05,0.64
env_cascade,PPO:seed11,PPO,1222,164.728,0.04,0.68
env_cascade,PPO:seed11,PPO,1223,159.00140000000002,0.02,0.68
env_cascade,PPO:seed11,PPO,1224,147.90239999999994,0.01,0.69
env_cascade,PPO:seed11,PPO,1225,145.51580000000004,0.02,0.68
env_cascade,PPO:seed11,PPO,1226,176.277,0.02,0.68
env_cascade,PPO:seed11,PPO,1227,143.98839999999998,0.02,0.68
env_cascade,PPO:seed11,PPO,1228,124.0974000000001,0.05,0.63
env_cascade,PPO:seed11,PPO,1229,171.75359999999998,0.02,0.67
env_cascade,PPO:seed11,PPO,1230,136.0308,0.06,0.63
env_cascade,PPO:seed11,PPO,1231,139.59839999999997,0.06,0.67
env_cascade,PPO:seed11,PPO,1232,165.84340000000003,0.01,0.71
env_cascade,PPO:seed11,PPO,1233,169.77259999999995,0.02,0.73
env_cascade,PPO:seed11,PPO,1234,151.51000000000002,0.08,0.64
env_cascade,PPO:seed11,PPO,1235,195.0244,0.02,0.74
env_cascade,PPO:seed11,PPO,1236,133.42520000000002,0.0,0.7
env_cascade,PPO:seed11,PPO,1237,147.35800000000003,0.04,0.66
env_cascade,PPO:seed11,PPO,1238,149.3012,0.01,0.71
env_cascade,PPO:seed11,PPO,1239,129.6392000000001,0.02,0.71
env_cascade,PPO:seed11,PPO,1240,145.3208,0.04,0.68
env_cascade,PPO:seed11,PPO,1241,160.50559999999996,0.04,0.68
env_cascade,PPO:seed11,PPO,1242,159.21980000000002,0.02,0.7
env_cascade,PPO:seed11,PPO,1243,111.5918,0.06,0.65
env_cascade,PPO:seed11,PPO,1244,122.08579999999996,0.05,0.67
env_cascade,PPO:seed11,PPO,1245,174.88240000000002,0.04,0.67
env_cascade,PPO:seed11,PPO,1246,128.14519999999996,0.09,0.66
env_cascade,PPO:seed11,PPO,1247,174.4012,0.05,0.68
env_cascade,PPO:seed11,PPO,1248,150.12960000000004,0.02,0.74
env_cascade,PPO:seed11,PPO,1249,194.57739999999998,0.03,0.66
env_cascade,PPO:seed13,PPO,1000,144.70480000000003,0.03,0.67
env_cascade,PPO:seed13,PPO,1001,129.95000000000005,0.03,0.66
env_cascade,PPO:seed13,PPO,1002,135.03180000000003,0.09,0.63
env_cascade,PPO:seed13,PPO,1003,110.00699999999998,0.08,0.63
env_cascade,PPO:seed13,PPO,1004,154.05740000000003,0.09,0.63
env_cascade,PPO:seed13,PPO,1005,148.95560000000006,0.02,0.7
env_cascade,PPO:seed13,PPO,1006,124.59760000000006,0.06,0.69
env_cascade,PPO:seed13,PPO,1007,123.56680000000006,0.05,0.68
env_cascade,PPO:seed13,PPO,1008,92.02239999999999,0.06,0.68
env_cascade,PPO:seed13,PPO,1009,191.3372,0.04,0.69
env_cascade,PPO:seed13,PPO,1010,157.9192,0.09,0.65
env_cascade,PPO:seed13,PPO,1011,157.62599999999998,0.05,0.67
env_cascade,PPO:seed13,PPO,1012,185.4424,0.04,0.69
env_cascade,PPO:seed13,PPO,1013,179.4028,0.07,0.69
env_cascade,PPO:seed13,PPO,1014,131.2668000000001,0.08,0.66
env_cascade,PPO:seed13,PPO,1015,157.6356,0.05,0.66
env_cascade,PPO:seed13,PPO,1016,91.09859999999996,0.08,0.66
env_cascade,PPO:seed13,PPO,1017,175.82880000000003,0.04,0.72
env_cascade,PPO:seed13,PPO,1018,123.1864,0.01,0.69
env_cascade,PPO:seed13,PPO,1019,183.40820000000002,0.04,0.69
env_cascade,PPO:seed13,PPO,1020,191.36599999999999,0.03,0.69
env_cascade,PPO:seed13,PPO,1021,84.87279999999996,0.07,0.67
env_cascade,PPO:seed13,PPO,1022,142.12739999999994,0.07,0.69
env_cascade,PPO:seed13,PPO,1023,157.75819999999993,0.04,0.71
env_cascade,PPO:seed13,PPO,1024,117.33760000000001,0.03,0.67
env_cascade,PPO:seed13,PPO,1025,194.303,0.04,0.68
env_cascade,PPO:seed13,PPO,1026,121.19979999999998,0.07,0.64
env_cascade,PPO:seed13,PPO,1027,123.64260000000002,0.08,0.66
env_cascade,PPO:seed13,PPO,1028,128.68,0.07,0.66
env_cascade,PPO:seed13,PPO,1029,94.98220000000002,0.07,0.64
env_cascade,PPO:seed13,PPO,1030,101.97380000000003,0.02,0.71
env_cascade,PPO:seed13,PPO,1031,131.24300000000002,0.08,0.65
env_cascade,PPO:seed13,PPO,1032,166.6506,0.1,0.63
env_cascade,PPO:seed13,PPO,1033,195.92639999999997,0.03,0.71
env_cascade,PPO:seed13,PPO,1034,173.63320000000004,0.05,0.69
env_cascade,PPO:seed13,PPO,1035,147.1362,0.12,0.59
env_cascade,PPO:seed13,PPO,1036,144.64340000000004,0.05,0.71
env_cascade,PPO:seed13,PPO,1037,167.0728,0.06,0.69
env_cascade,PPO:seed13,PPO,1038,126.29420000000002,0.06,0.69
env_cascade,PPO:seed13,PPO,1039,150.5398,0.09,0.63
env_cascade,PPO:seed13,PPO,1040,131.33579999999995,0.06,0.65
env_cascade,PPO:seed13,PPO,1041,176.12959999999998,0.02,0.71
env_cascade,PPO:seed13,PPO,1042,183.76,0.02,0.7
env_cascade,PPO:seed13,PPO,1043,122.06980000000001,0.07,0.64
env_cascade,PPO:seed13,PPO,1044,157.8268,0.04,0.68
env_cascade,PPO:seed13,PPO,1045,119.06980000000001,0.05,0.69
env_cascade,PPO:seed13,PPO,1046,196.0186,0.03,0.72
env_cascade,PPO:seed13,PPO,1047,158.77859999999998,0.04,0.68
env_cascade,PPO:seed13,PPO,1048,106.45819999999998,0.04,0.67
env_cascade,PPO:seed13,PPO,1049,118.60500000000002,0.09,0.64
env_cascade,PPO:seed13,PPO,1050,176.89639999999997,0.07,0.67
env_cascade,PPO:seed13,PPO,1051,178.84679999999997,0.05,0.7
env_cascade,PPO:seed13,PPO,1052,153.50740000000002,0.05,0.69
env_cascade,PPO:seed13,PPO,1053,102.99179999999998,0.07,0.64
env_cascade,PPO:seed13,PPO,1054,201.8446,0.01,0.73
env_cascade,PPO:seed13,PPO,1055,100.4654,0.1,0.64
env_cascade,PPO:seed13,PPO,1056,132.8204,0.08,0.65
env_cascade,PPO:seed13,PPO,1057,155.94800000000004,0.1,0.66
env_cascade,PPO:seed13,PPO,1058,169.6074,0.09,0.63
env_cascade,PPO:seed13,PPO,1059,153.69080000000002,0.03,0.69
env_cascade,PPO:seed13,PPO,1060,138.5444,0.07,0.67
env_cascade,PPO:seed13,PPO,1061,161.14160000000004,0.04,0.7
env_cascade,PPO:seed13,PPO,1062,193.6112,0.01,0.76
env_cascade,PPO:seed13,PPO,1063,156.36360000000002,0.05,0.66
env_cascade,PPO:seed13,PPO,1064,117.53340000000003,0.06,0.66
env_cascade,PPO:seed13,PPO,1065,189.19619999999998,0.06,0.69
env_cascade,PPO:seed13,PPO,1066,189.14920000000004,0.03,0.68
env_cascade,PPO:seed13,PPO,1067,142.56599999999997,0.03,0.72
env_cascade,PPO:seed13,PPO,1068,137.6558,0.07,0.68
env_cascade,PPO:seed13,PPO,1069,130.1662,0.09,0.65
env_cascade,PPO:seed13,PPO,1070,116.56579999999994,0.07,0.66
env_cascade,PPO:seed13,PPO,1071,189.36620000000002,0.02,0.69
env_cascade,PPO:seed13,PPO,1072,81.37179999999995,0.05,0.65
env_cascade,PPO:seed13,PPO,1073,119.65200000000002,0.03,0.67
env_cascade,PPO:seed13,PPO,1074,125.73840000000001,0.05,0.65
env_cascade,PPO:seed13,PPO,1075,122.00819999999993,0.09,0.65
env_cascade,PPO:seed13,PPO,1076,166.96999999999997,0.06,0.69
env_cascade,PPO:seed13,PPO,1077,148.48340000000002,0.03,0.66
env_cascade,PPO:seed13,PPO,1078,164.6868,0.04,0.68
env_cascade,PPO:seed13,PPO,1079,155.87060000000002,0.08,0.62
env_cascade,PPO:seed13,PPO,1080,125.86940000000004,0.09,0.62
env_cascade,PPO:seed13,PPO,1081,151.42380000000003,0.05,0.68
env_cascade,PPO:seed13,PPO,1082,100.48280000000001,0.05,0.67
env_cascade,PPO:seed13,PPO,1083,130.94220000000004,0.05,0.7
env_cascade,PPO:seed13,PPO,1084,190.02759999999995,0.04,0.71
env_cascade,PPO:seed13,PPO,1085,192.75939999999997,0.03,0.67
env_cascade,PPO:seed13,PPO,1086,177.88400000000001,0.05,0.68
env_cascade,PPO:seed13,PPO,1087,185.35960000000003,0.02,0.72
env_cascade,PPO:seed13,PPO,1088,148.78539999999998,0.08,0.65
env_cascade,PPO:seed13,PPO,1089,175.25480000000002,0.07,0.67
env_cascade,PPO:seed13,PPO,1090,152.80900000000003,0.08,0.63
env_cascade,PPO:seed13,PPO,1091,165.87160000000006,0.06,0.68
env_cascade,PPO:seed13,PPO,1092,162.312,0.06,0.67
env_cascade,PPO:seed13,PPO,1093,156.72140000000002,0.06,0.66
env_cascade,PPO:seed13,PPO,1094,117.97220000000004,0.03,0.67
env_cascade,PPO:seed13,PPO,1095,147.31799999999998,0.07,0.66
env_cascade,PPO:seed13,PPO,1096,192.64800000000002,0.05,0.69
env_cascade,PPO:seed13,PPO,1097,185.00519999999997,0.08,0.66
env_cascade,PPO:seed13,PPO,1098,184.499,0.08,0.66
env_cascade,PPO:seed13,PPO,1099,127.07520000000002,0.07,0.63
env_cascade,PPO:seed13,PPO,1100,136.53619999999995,0.09,0.68
env_cascade,PPO:seed13,PPO,1101,116.74159999999999,0.07,0.64
env_cascade,PPO:seed13,PPO,1102,177.14280000000002,0.01,0.71
env_cascade,PPO:seed13,PPO,1103,153.02679999999998,0.08,0.65
env_cascade,PPO:seed13,PPO,1104,129.66679999999997,0.06,0.68
env_cascade,PPO:seed13,PPO,1105,121.91299999999994,0.06,0.7
env_cascade,PPO:seed13,PPO,1106,133.32919999999996,0.06,0.64
env_cascade,PPO:seed13,PPO,1107,198.3208,0.03,0.7
env_cascade,PPO:seed13,PPO,1108,174.2428,0.04,0.68
env_cascade,PPO:seed13,PPO,1109,122.47059999999999,0.08,0.65
env_cascade,PPO:seed13,PPO,1110,138.86979999999994,0.04,0.68
env_cascade,PPO:seed13,PPO,1111,184.1188,0.04,0.69
env_cascade,PPO:seed13,PPO,1112,161.5396,0.06,0.68
env_cascade,PPO:seed13,PPO,1113,131.95980000000003,0.03,0.7
env_cascade,PPO:seed13,PPO,1114,175.2524,0.07,0.65
env_cascade,PPO:seed13,PPO,1115,125.25579999999997,0.09,0.63
env_cascade,PPO:seed13,PPO,1116,148.214,0.06,0.67
env_cascade,PPO:seed13,PPO,1117,126.542,0.02,0.7
env_cascade,PPO:seed13,PPO,1118,179.26280000000003,0.07,0.68
env_cascade,PPO:seed13,PPO,1119,126.81119999999999,0.11,0.61
env_cascade,PPO:seed13,PPO,1120,142.36740000000003,0.05,0.69
env_cascade,PPO:seed13,PPO,1121,179.8044,0.05,0.7
env_cascade,PPO:seed13,PPO,1122,154.14479999999998,0.08,0.63
env_cascade,PPO:seed13,PPO,1123,173.3336,0.05,0.68
env_cascade,PPO:seed13,PPO,1124,102.8915999999999,0.08,0.65
env_cascade,PPO:seed13,PPO,1125,127.3714,0.06,0.67
env_cascade,PPO:seed13,PPO,1126,162.81740000000002,0.04,0.65
env_cascade,PPO:seed13,PPO,1127,201.6038,0.03,0.71
env_cascade,PPO:seed13,PPO,1128,140.51239999999999,0.02,0.68
env_cascade,PPO:seed13,PPO,1129,139.7104,0.1,0.6
env_cascade,PPO:seed13,PPO,1130,142.58480000000003,0.07,0.68
env_cascade,PPO:seed13,PPO,1131,167.408,0.09,0.63
env_cascade,PPO:seed13,PPO,1132,157.78779999999995,0.02,0.7
env_cascade,PPO:seed13,PPO,1133,120.4316,0.09,0.64
env_cascade,PPO:seed13,PPO,1134,188.44080000000002,0.07,0.68
env_cascade,PPO:seed13,PPO,1135,162.995,0.08,0.68
env_cascade,PPO:seed13,PPO,1136,119.88020000000012,0.1,0.68
env_cascade,PPO:seed13,PPO,1137,189.45619999999997,0.06,0.67
env_cascade,PPO:seed13,PPO,1138,108.2848,0.03,0.69
env_cascade,PPO:seed13,PPO,1139,112.6446,0.05,0.71
env_cascade,PPO:seed13,PPO,1140,108.34439999999996,0.04,0.69
env_cascade,PPO:seed13,PPO,1141,156.016,0.08,0.64
env_cascade,PPO:seed13,PPO,1142,143.32680000000005,0.06,0.67
env_cascade,PPO:seed13,PPO,1143,120.17640000000003,0.03,0.69
env_cascade,PPO:seed13,PPO,1144,160.3298,0.07,0.65
env_cascade,PPO:seed13,PPO,1145,173.9604,0.07,0.66
env_cascade,PPO:seed13,PPO,1146,126.05419999999998,0.05,0.67
env_cascade,PPO:seed13,PPO,1147,164.71539999999996,0.04,0.69
env_cascade,PPO:seed13,PPO,1148,136.522,0.03,0.66
env_cascade,PPO:seed13,PPO,1149,137.2521999999999,0.04,0.72
env_cascade,PPO:seed13,PPO,1150,135.1804,0.04,0.7
env_cascade,PPO:seed13,PPO,1151,207.06080000000003,0.02,0.73
env_cascade,PPO:seed13,PPO,1152,124.6371999999999,0.08,0.63
env_cascade,PPO:seed13,PPO,1153,170.07239999999996,0.05,0.66
env_cascade,PPO:seed13,PPO,1154,150.764,0.03,0.72
env_cascade,PPO:seed13,PPO,1155,193.0514,0.04,0.69
env_cascade,PPO:seed13,PPO,1156,132.95060000000004,0.05,0.69
env_cascade,PPO:seed13,PPO,1157,156.9602,0.02,0.71
env_cascade,PPO:seed13,PPO,1158,107.73519999999995,0.06,0.64
env_cascade,PPO:seed13,PPO,1159,178.94840000000002,0.05,0.65
env_cascade,PPO:seed13,PPO,1160,141.59839999999997,0.03,0.7
env_cascade,PPO:seed13,PPO,1161,106.57820000000001,0.1,0.64
env_cascade,PPO:seed13,PPO,1162,150.98579999999995,0.04,0.69
env_cascade,PPO:seed13,PPO,1163,207.93079999999998,0.02,0.72
env_cascade,PPO:seed13,PPO,1164,143.63160000000005,0.04,0.7
env_cascade,PPO:seed13,PPO,1165,122.2639999999999,0.07,0.65
env_cascade,PPO:seed13,PPO,1166,163.25379999999998,0.05,0.67
env_cascade,PPO:seed13,PPO,1167,159.20240000000004,0.1,0.64
env_cascade,PPO:seed13,PPO,1168,152.3596,0.06,0.66
env_cascade,PPO:seed13,PPO,1169,124.32099999999994,0.06,0.66
env_cascade,PPO:seed13,PPO,1170,110.19059999999996,0.11,0.66
env_cascade,PPO:seed13,PPO,1171,156.58759999999998,0.09,0.68
env_cascade,PPO:seed13,PPO,1172,137.8648,0.11,0.67
env_cascade,PPO:seed13,PPO,1173,103.61880000000008,0.12,0.62
env_cascade,PPO:seed13,PPO,1174,163.2224,0.08,0.66
env_cascade,PPO:seed13,PPO,1175,130.84640000000002,0.05,0.66
env_cascade,PPO:seed13,PPO,1176,151.41359999999995,0.04,0.7
env_cascade,PPO:seed13,PPO,1177,178.4484,0.04,0.69
env_cascade,PPO:seed13,PPO,1178,148.03599999999992,0.03,0.71
env_cascade,PPO:seed13,PPO,1179,186.53300000000002,0.04,0.7
env_cascade,PPO:seed13,PPO,1180,172.4796,0.05,0.67
env_cascade,PPO:seed13,PPO,1181,166.7764,0.07,0.64
env_cascade,PPO:seed13,PPO,1182,139.7414,0.09,0.62
env_cascade,PPO:seed13,PPO,1183,187.76600000000002,0.07,0.69
env_cascade,PPO:seed13,PPO,1184,136.329,0.06,0.7
env_cascade,PPO:seed13,PPO,1185,160.7406,0.1,0.66
env_cascade,PPO:seed13,PPO,1186,184.4376,0.03,0.71
env_cascade,PPO:seed13,PPO,1187,174.53399999999996,0.07,0.66
env_cascade,PPO:seed13,PPO,1188,166.6712,0.08,0.65
env_cascade,PPO:seed13,PPO,1189,165.19559999999998,0.06,0.66
env_cascade,PPO:seed13,PPO,1190,154.0794,0.03,0.67
env_cascade,PPO:seed13,PPO,1191,174.1794,0.06,0.7
env_cascade,PPO:seed13,PPO,1192,107.70859999999998,0.05,0.69
env_cascade,PPO:seed13,PPO,1193,146.446,0.09,0.61
env_cascade,PPO:seed13,PPO,1194,149.638,0.05,0.66
env_cascade,PPO:seed13,PPO,1195,169.24719999999996,0.03,0.68
env_cascade,PPO:seed13,PPO,1196,191.3262,0.03,0.74
env_cascade,PPO:seed13,PPO,1197,181.0214,0.06,0.7
env_cascade,PPO:seed13,PPO,1198,202.1964,0.04,0.71
env_cascade,PPO:seed13,PPO,1199,146.12179999999998,0.04,0.69
env_cascade,PPO:seed13,PPO,1200,135.7046,0.1,0.62
env_cascade,PPO:seed13,PPO,1201,142.88259999999994,0.04,0.69
env_cascade,PPO:seed13,PPO,1202,159.2004,0.05,0.65
env_cascade,PPO:seed13,PPO,1203,156.7714,0.09,0.65
env_cascade,PPO:seed13,PPO,1204,110.67280000000001,0.06,0.67
env_cascade,PPO:seed13,PPO,1205,173.5308,0.06,0.68
env_cascade,PPO:seed13,PPO,1206,148.74079999999998,0.05,0.69
env_cascade,PPO:seed13,PPO,1207,155.0152000000001,0.02,0.71
env_cascade,PPO:seed13,PPO,1208,161.1162,0.0,0.71
env_cascade,PPO:seed13,PPO,1209,153.05140000000003,0.07,0.65
env_cascade,PPO:seed13,PPO,1210,156.515,0.04,0.67
env_cascade,PPO:seed13,PPO,1211,131.57299999999998,0.03,0.71
env_cascade,PPO:seed13,PPO,1212,179.26739999999995,0.03,0.7
env_cascade,PPO:seed13,PPO,1213,168.54899999999998,0.06,0.66
env_cascade,PPO:seed13,PPO,1214,116.58019999999999,0.04,0.69
env_cascade,PPO:seed13,PPO,1215,167.5244,0.07,0.69
env_cascade,PPO:seed13,PPO,1216,137.98080000000004,0.05,0.7
env_cascade,PPO:seed13,PPO,1217,133.5976,0.06,0.67
env_cascade,PPO:seed13,PPO,1218,153.411,0.15,0.56
env_cascade,PPO:seed13,PPO,1219,160.94419999999994,0.08,0.65
env_cascade,PPO:seed13,PPO,1220,135.61260000000001,0.06,0.66
env_cascade,PPO:seed13,PPO,1221,76.21820000000007,0.08,0.66
env_cascade,PPO:seed13,PPO,1222,178.9874,0.06,0.66
env_cascade,PPO:seed13,PPO,1223,118.45139999999998,0.03,0.67
env_cascade,PPO:seed13,PPO,1224,153.06960000000004,0.07,0.66
env_cascade,PPO:seed13,PPO,1225,164.92400000000004,0.04,0.68
env_cascade,PPO:seed13,PPO,1226,155.64919999999998,0.09,0.64
env_cascade,PPO:seed13,PPO,1227,184.17020000000002,0.02,0.7
env_cascade,PPO:seed13,PPO,1228,114.52800000000002,0.04,0.64
env_cascade,PPO:seed13,PPO,1229,178.66760000000005,0.03,0.66
env_cascade,PPO:seed13,PPO,1230,103.78500000000004,0.09,0.64
env_cascade,PPO:seed13,PPO,1231,135.35900000000004,0.09,0.69
env_cascade,PPO:seed13,PPO,1232,201.26299999999995,0.04,0.68
env_cascade,PPO:seed13,PPO,1233,134.1266,0.06,0.7
env_cascade,PPO:seed13,PPO,1234,163.7074,0.06,0.64
env_cascade,PPO:seed13,PPO,1235,181.39160000000004,0.03,0.68
env_cascade,PPO:seed13,PPO,1236,123.52419999999998,0.02,0.71
env_cascade,PPO:seed13,PPO,1237,155.4978,0.04,0.67
env_cascade,PPO:seed13,PPO,1238,144.02720000000005,0.04,0.7
env_cascade,PPO:seed13,PPO,1239,161.2742,0.06,0.67
env_cascade,PPO:seed13,PPO,1240,121.65460000000002,0.07,0.66
env_cascade,PPO:seed13,PPO,1241,141.0942,0.04,0.69
env_cascade,PPO:seed13,PPO,1242,146.3904000000001,0.05,0.7
env_cascade,PPO:seed13,PPO,1243,106.57180000000002,0.05,0.67
env_cascade,PPO:seed13,PPO,1244,114.04359999999996,0.05,0.67
env_cascade,PPO:seed13,PPO,1245,201.902,0.04,0.68
env_cascade,PPO:seed13,PPO,1246,193.27560000000003,0.05,0.71
env_cascade,PPO:seed13,PPO,1247,138.08659999999998,0.02,0.68
env_cascade,PPO:seed13,PPO,1248,153.57279999999994,0.02,0.75
env_cascade,PPO:seed13,PPO,1249,180.89600000000002,0.05,0.64
env_cascade,PPO:seed7,PPO,1000,143.11180000000002,0.16,0.59
env_cascade,PPO:seed7,PPO,1001,133.84180000000006,0.16,0.58
env_cascade,PPO:seed7,PPO,1002,122.27359999999999,0.19,0.56
env_cascade,PPO:seed7,PPO,1003,79.8248,0.14,0.59
env_cascade,PPO:seed7,PPO,1004,150.19199999999998,0.12,0.63
env_cascade,PPO:seed7,PPO,1005,191.77960000000002,0.05,0.7
env_cascade,PPO:seed7,PPO,1006,114.78600000000003,0.1,0.65
env_cascade,PPO:seed7,PPO,1007,150.8406,0.06,0.68
env_cascade,PPO:seed7,PPO,1008,99.04619999999998,0.11,0.64
env_cascade,PPO:seed7,PPO,1009,154.50920000000002,0.15,0.61
env_cascade,PPO:seed7,PPO,1010,164.93220000000002,0.11,0.66
env_cascade,PPO:seed7,PPO,1011,148.4004,0.12,0.62
env_cascade,PPO:seed7,PPO,1012,128.0706,0.12,0.61
env_cascade,PPO:seed7,PPO,1013,136.375,0.17,0.59
env_cascade,PPO:seed7,PPO,1014,88.37339999999996,0.17,0.62
env_cascade,PPO:seed7,PPO,1015,130.55119999999997,0.13,0.64
env_cascade,PPO:seed7,PPO,1016,80.02979999999995,0.1,0.65
env_cascade,PPO:seed7,PPO,1017,163.90040000000008,0.08,0.69
env_cascade,PPO:seed7,PPO,1018,96.269,0.06,0.69
env_cascade,PPO:seed7,PPO,1019,125.60679999999996,0.14,0.6
env_cascade,PPO:seed7,PPO,1020,157.9194,0.07,0.68
env_cascade,PPO:seed7,PPO,1021,123.36120000000003,0.12,0.62
env_cascade,PPO:seed7,PPO,1022,165.459,0.08,0.67
env_cascade,PPO:seed7,PPO,1023,136.80220000000003,0.07,0.71
env_cascade,PPO:seed7,PPO,1024,125.57279999999997,0.12,0.59
env_cascade,PPO:seed7,PPO,1025,128.438,0.2,0.55
env_cascade,PPO:seed7,PPO,1026,131.7224,0.16,0.59
env_cascade,PPO:seed7,PPO,1027,145.3868,0.09,0.68
env_cascade,PPO:seed7,PPO,1028,130.22859999999997,0.11,0.64
env_cascade,PPO:seed7,PPO,1029,87.32220000000005,0.09,0.64
env_cascade,PPO:seed7,PPO,1030,87.01219999999994,0.05,0.72
env_cascade,PPO:seed7,PPO,1031,146.7854,0.08,0.65
env_cascade,PPO:seed7,PPO,1032,162.19599999999997,0.1,0.65
env_cascade,PPO:seed7,PPO,1033,129.52399999999994,0.08,0.67
env_cascade,PPO:seed7,PPO,1034,113.04119999999995,0.18,0.57
env_cascade,PPO:seed7,PPO,1035,120.7952,0.2,0.54
env_cascade,PPO:seed7,PPO,1036,127.20479999999995,0.1,0.7
env_cascade,PPO:seed7,PPO,1037,144.447,0.12,0.64
env_cascade,PPO:seed7,PPO,1038,118.59200000000004,0.09,0.68
env_cascade,PPO:seed7,PPO,1039,173.1624,0.1,0.64
env_cascade,PPO:seed7,PPO,1040,93.51879999999997,0.17,0.56
env_cascade,PPO:seed7,PPO,1041,164.81279999999998,0.08,0.68
env_cascade,PPO:seed7,PPO,1042,150.73140000000004,0.08,0.63
env_cascade,PPO:seed7,PPO,1043,134.2506,0.14,0.61
env_cascade,PPO:seed7,PPO,1044,163.15139999999994,0.08,0.68
env_cascade,PPO:seed7,PPO,1045,171.482,0.03,0.71
env_cascade,PPO:seed7,PPO,1046,184.3596,0.09,0.67
env_cascade,PPO:seed7,PPO,1047,135.7618,0.14,0.58
env_cascade,PPO:seed7,PPO,1048,118.96819999999991,0.09,0.64
env_cascade,PPO:seed7,PPO,1049,96.69819999999997,0.19,0.56
env_cascade,PPO:seed7,PPO,1050,163.20140000000004,0.15,0.66
env_cascade,PPO:seed7,PPO,1051,119.86840000000001,0.12,0.61
env_cascade,PPO:seed7,PPO,1052,111.99660000000003,0.05,0.7
env_cascade,PPO:seed7,PPO,1053,133.5812,0.12,0.63
env_cascade,PPO:seed7,PPO,1054,116.92139999999998,0.12,0.66
env_cascade,PPO:seed7,PPO,1055,96.16180000000007,0.08,0.68
env_cascade,PPO:seed7,PPO,1056,125.74819999999997,0.08,0.66
env_cascade,PPO:seed7,PPO,1057,162.5328,0.08,0.67
env_cascade,PPO:seed7,PPO,1058,133.63980000000004,0.13,0.67
env_cascade,PPO:seed7,PPO,1059,115.58939999999997,0.07,0.66
env_cascade,PPO:seed7,PPO,1060,172.44940000000003,0.08,0.65
env_cascade,PPO:seed7,PPO,1061,156.3950000000001,0.04,0.71
env_cascade,PPO:seed7,PPO,1062,120.11080000000001,0.19,0.58
env_cascade,PPO:seed7,PPO,1063,120.5616,0.17,0.57
env_cascade,PPO:seed7,PPO,1064,112.67959999999997,0.15,0.61
env_cascade,PPO:seed7,PPO,1065,143.8658,0.1,0.64
env_cascade,PPO:seed7,PPO,1066,130.29000000000005,0.13,0.6
env_cascade,PPO:seed7,PPO,1067,116.3156,0.07,0.67
env_cascade,PPO:seed7,PPO,1068,119.05919999999995,0.13,0.65
env_cascade,PPO:seed7,PPO,1069,98.67399999999994,0.1,0.62
env_cascade,PPO:seed7,PPO,1070,96.40019999999998,0.12,0.61
env_cascade,PPO:seed7,PPO,1071,131.04020000000003,0.12,0.6
env_cascade,PPO:seed7,PPO,1072,68.97080000000001,0.13,0.62
env_cascade,PPO:seed7,PPO,1073,99.63119999999999,0.11,0.61
env_cascade,PPO:seed7,PPO,1074,157.98060000000004,0.04,0.68
env_cascade,PPO:seed7,PPO,1075,143.7896,0.08,0.68
env_cascade,PPO:seed7,PPO,1076,124.84560000000005,0.19,0.59
env_cascade,PPO:seed7,PPO,1077,153.86119999999997,0.08,0.67
env_cascade,PPO:seed7,PPO,1078,131.4146,0.08,0.66
env_cascade,PPO:seed7,PPO,1079,132.9054,0.07,0.66
env_cascade,PPO:seed7,PPO,1080,174.4442,0.09,0.65
env_cascade,PPO:seed7,PPO,1081,135.10139999999998,0.11,0.65
env_cascade,PPO:seed7,PPO,1082,80.41820000000001,0.12,0.64
env_cascade,PPO:seed7,PPO,1083,113.18680000000006,0.12,0.64
env_cascade,PPO:seed7,PPO,1084,148.88239999999996,0.08,0.7
env_cascade,PPO:seed7,PPO,1085,117.44660000000007,0.12,0.57
env_cascade,PPO:seed7,PPO,1086,138.4578,0.14,0.6
env_cascade,PPO:seed7,PPO,1087,162.32000000000002,0.09,0.68
env_cascade,PPO:seed7,PPO,1088,131.0582,0.16,0.59
env_cascade,PPO:seed7,PPO,1089,155.64620000000002,0.12,0.66
env_cascade,PPO:seed7,PPO,1090,106.06100000000002,0.13,0.58
env_cascade,PPO:seed7,PPO,1091,129.4588,0.11,0.63
env_cascade,PPO:seed7,PPO,1092,187.96060000000003,0.09,0.67
env_cascade,PPO:seed7,PPO,1093,149.951,0.18,0.59
env_cascade,PPO:seed7,PPO,1094,101.20539999999995,0.13,0.59
env_cascade,PPO:seed7,PPO,1095,119.33920000000005,0.08,0.65
env_cascade,PPO:seed7,PPO,1096,128.257,0.17,0.59
env_cascade,PPO:seed7,PPO,1097,147.5942,0.17,0.61
env_cascade,PPO:seed7,PPO,1098,98.96099999999996,0.15,0.59
env_cascade,PPO:seed7,PPO,1099,136.73519999999996,0.09,0.64
env_cascade,PPO:seed7,PPO,1100,132.812,0.11,0.68
env_cascade,PPO:seed7,PPO,1101,130.45440000000002,0.12,0.62
env_cascade,PPO:seed7,PPO,1102,148.9096,0.08,0.63
env_cascade,PPO:seed7,PPO,1103,137.29519999999997,0.12,0.67
env_cascade,PPO:seed7,PPO,1104,137.96559999999994,0.06,0.7
env_cascade,PPO:seed7,PPO,1105,102.62280000000007,0.07,0.7
env_cascade,PPO:seed7,PPO,1106,107.44500000000002,0.14,0.64
env_cascade,PPO:seed7,PPO,1107,195.2286,0.07,0.7
env_cascade,PPO:seed7,PPO,1108,147.61979999999994,0.12,0.64
env_cascade,PPO:seed7,PPO,1109,109.66400000000002,0.14,0.6
env_cascade,PPO:seed7,PPO,1110,136.27039999999994,0.09,0.66
env_cascade,PPO:seed7,PPO,1111,149.4252,0.16,0.61
env_cascade,PPO:seed7,PPO,1112,130.50080000000003,0.09,0.65
env_cascade,PPO:seed7,PPO,1113,99.31079999999999,0.13,0.59
env_cascade,PPO:seed7,PPO,1114,141.069,0.15,0.59
env_cascade,PPO:seed7,PPO,1115,155.13600000000002,0.08,0.67
env_cascade,PPO:seed7,PPO,1116,158.3138,0.11,0.63
env_cascade,PPO:seed7,PPO,1117,126.09780000000003,0.03,0.71
env_cascade,PPO:seed7,PPO,1118,158.9348,0.12,0.64
env_cascade,PPO:seed7,PPO,1119,139.91639999999998,0.15,0.62
env_cascade,PPO:seed7,PPO,1120,117.94000000000003,0.09,0.66
env_cascade,PPO:seed7,PPO,1121,173.4098,0.09,0.71
env_cascade,PPO:seed7,PPO,1122,125.10920000000004,0.08,0.62
env_cascade,PPO:seed7,PPO,1123,123.39439999999996,0.12,0.63
env_cascade,PPO:seed7,PPO,1124,134.99179999999996,0.1,0.65
env_cascade,PPO:seed7,PPO,1125,132.8654,0.15,0.57
env_cascade,PPO:seed7,PPO,1126,135.72560000000001,0.12,0.6
env_cascade,PPO:seed7,PPO,1127,121.31639999999996,0.14,0.61
env_cascade,PPO:seed7,PPO,1128,145.942,0.09,0.66
env_cascade,PPO:seed7,PPO,1129,133.9844,0.15,0.58
env_cascade,PPO:seed7,PPO,1130,133.2548,0.13,0.63
env_cascade,PPO:seed7,PPO,1131,162.94160000000002,0.18,0.62
env_cascade,PPO:seed7,PPO,1132,146.88260000000005,0.06,0.67
env_cascade,PPO:seed7,PPO,1133,113.72760000000001,0.1,0.62
env_cascade,PPO:seed7,PPO,1134,182.35539999999997,0.13,0.65
env_cascade,PPO:seed7,PPO,1135,122.70960000000002,0.2,0.57
env_cascade,PPO:seed7,PPO,1136,80.75480000000005,0.16,0.61
env_cascade,PPO:seed7,PPO,1137,178.1952,0.14,0.63
env_cascade,PPO:seed7,PPO,1138,92.63619999999997,0.13,0.6
env_cascade,PPO:seed7,PPO,1139,145.00779999999997,0.02,0.71
env_cascade,PPO:seed7,PPO,1140,115.06660000000007,0.08,0.68
env_cascade,PPO:seed7,PPO,1141,127.03920000000002,0.21,0.53
env_cascade,PPO:seed7,PPO,1142,138.63400000000001,0.12,0.63
env_cascade,PPO:seed7,PPO,1143,99.965,0.07,0.67
env_cascade,PPO:seed7,PPO,1144,103.39400000000003,0.25,0.53
env_cascade,PPO:seed7,PPO,1145,150.84,0.15,0.61
env_cascade,PPO:seed7,PPO,1146,123.91779999999994,0.07,0.68
env_cascade,PPO:seed7,PPO,1147,137.603,0.09,0.63
env_cascade,PPO:seed7,PPO,1148,111.54079999999998,0.09,0.62
env_cascade,PPO:seed7,PPO,1149,115.37000000000002,0.11,0.67
env_cascade,PPO:seed7,PPO,1150,146.56800000000004,0.07,0.7
env_cascade,PPO:seed7,PPO,1151,149.4142,0.09,0.68
env_cascade,PPO:seed7,PPO,1152,121.43939999999995,0.21,0.56
env_cascade,PPO:seed7,PPO,1153,177.7738,0.07,0.69
env_cascade,PPO:seed7,PPO,1154,136.99779999999993,0.08,0.66
env_cascade,PPO:seed7,PPO,1155,137.5058,0.15,0.62
env_cascade,PPO:seed7,PPO,1156,164.6644,0.04,0.72
env_cascade,PPO:seed7,PPO,1157,135.442,0.07,0.69
env_cascade,PPO:seed7,PPO,1158,152.04560000000004,0.08,0.66
env_cascade,PPO:seed7,PPO,1159,143.38080000000002,0.07,0.65
env_cascade,PPO:seed7,PPO,1160,149.13479999999998,0.1,0.67
env_cascade,PPO:seed7,PPO,1161,107.27060000000006,0.15,0.61
env_cascade,PPO:seed7,PPO,1162,109.59119999999993,0.07,0.68
env_cascade,PPO:seed7,PPO,1163,165.15460000000002,0.07,0.67
env_cascade,PPO:seed7,PPO,1164,52.23119999999999,0.19,0.54
env_cascade,PPO:seed7,PPO,1165,126.60640000000006,0.08,0.66
env_cascade,PPO:seed7,PPO,1166,145.09559999999993,0.07,0.64
env_cascade,PPO:seed7,PPO,1167,132.6226,0.14,0.56
env_cascade,PPO:seed7,PPO,1168,144.98559999999998,0.11,0.66
env_cascade,PPO:seed7,PPO,1169,138.49919999999997,0.07,0.66
env_cascade,PPO:seed7,PPO,1170,127.85999999999999,0.18,0.59
env_cascade,PPO:seed7,PPO,1171,174.95059999999995,0.08,0.7
env_cascade,PPO:seed7,PPO,1172,119.31500000000003,0.16,0.61
env_cascade,PPO:seed7,PPO,1173,129.15840000000003,0.14,0.6
env_cascade,PPO:seed7,PPO,1174,131.44679999999997,0.15,0.64
env_cascade,PPO:seed7,PPO,1175,121.8596,0.12,0.63
env_cascade,PPO:seed7,PPO,1176,98.12059999999995,0.16,0.61
env_cascade,PPO:seed7,PPO,1177,147.1984,0.09,0.66
env_cascade,PPO:seed7,PPO,1178,123.38579999999996,0.2,0.57
env_cascade,PPO:seed7,PPO,1179,139.36719999999997,0.09,0.64
env_cascade,PPO:seed7,PPO,1180,135.4502,0.08,0.66
env_cascade,PPO:seed7,PPO,1181,147.6466,0.05,0.67
env_cascade,PPO:seed7,PPO,1182,147.0124,0.09,0.63
env_cascade,PPO:seed7,PPO,1183,142.923,0.13,0.66
env_cascade,PPO:seed7,PPO,1184,109.87900000000008,0.14,0.61
env_cascade,PPO:seed7,PPO,1185,129.10840000000002,0.12,0.64
env_cascade,PPO:seed7,PPO,1186,141.0772,0.13,0.6
env_cascade,PPO:seed7,PPO,1187,129.055,0.17,0.57
env_cascade,PPO:seed7,PPO,1188,104.15040000000005,0.16,0.6
env_cascade,PPO:seed7,PPO,1189,100.11860000000001,0.12,0.63
env_cascade,PPO:seed7,PPO,1190,139.84159999999991,0.02,0.71
env_cascade,PPO:seed7,PPO,1191,124.89659999999998,0.1,0.63
env_cascade,PPO:seed7,PPO,1192,79.84119999999994,0.13,0.63
env_cascade,PPO:seed7,PPO,1193,116.93700000000001,0.16,0.58
env_cascade,PPO:seed7,PPO,1194,103.26759999999997,0.15,0.59
env_cascade,PPO:seed7,PPO,1195,131.72979999999998,0.03,0.7
env_cascade,PPO:seed7,PPO,1196,167.1438,0.09,0.67
env_cascade,PPO:seed7,PPO,1197,142.06179999999995,0.07,0.69
env_cascade,PPO:seed7,PPO,1198,106.27279999999999,0.17,0.57
env_cascade,PPO:seed7,PPO,1199,139.65800000000002,0.12,0.63
env_cascade,PPO:seed7,PPO,1200,125.42599999999999,0.16,0.6
env_cascade,PPO:seed7,PPO,1201,102.04419999999995,0.07,0.66
env_cascade,PPO:seed7,PPO,1202,165.4648,0.09,0.64
env_cascade,PPO:seed7,PPO,1203,124.20560000000006,0.15,0.65
env_cascade,PPO:seed7,PPO,1204,107.8362,0.11,0.64
env_cascade,PPO:seed7,PPO,1205,167.7002,0.08,0.68
env_cascade,PPO:seed7,PPO,1206,101.48680000000003,0.19,0.56
env_cascade,PPO:seed7,PPO,1207,136.36079999999998,0.09,0.64
env_cascade,PPO:seed7,PPO,1208,117.20340000000002,0.07,0.66
env_cascade,PPO:seed7,PPO,1209,76.67060000000004,0.11,0.64
env_cascade,PPO:seed7,PPO,1210,109.32059999999997,0.15,0.61
env_cascade,PPO:seed7,PPO,1211,113.57259999999998,0.09,0.65
env_cascade,PPO:seed7,PPO,1212,176.3654,0.03,0.68
env_cascade,PPO:seed7,PPO,1213,146.077,0.15,0.61
env_cascade,PPO:seed7,PPO,1214,86.62459999999999,0.08,0.64
env_cascade,PPO:seed7,PPO,1215,129.038,0.18,0.59
env_cascade,PPO:seed7,PPO,1216,107.11679999999998,0.11,0.66
env_cascade,PPO:seed7,PPO,1217,118.31960000000004,0.18,0.59
env_cascade,PPO:seed7,PPO,1218,106.43619999999999,0.18,0.56
env_cascade,PPO:seed7,PPO,1219,156.1846,0.09,0.67
env_cascade,PPO:seed7,PPO,1220,129.58900000000003,0.09,0.65
env_cascade,PPO:seed7,PPO,1221,74.76460000000006,0.09,0.65
env_cascade,PPO:seed7,PPO,1222,130.27540000000005,0.05,0.69
env_cascade,PPO:seed7,PPO,1223,105.63859999999995,0.18,0.56
env_cascade,PPO:seed7,PPO,1224,140.93480000000005,0.06,0.69
env_cascade,PPO:seed7,PPO,1225,120.91320000000002,0.11,0.63
env_cascade,PPO:seed7,PPO,1226,120.26139999999992,0.11,0.6
env_cascade,PPO:seed7,PPO,1227,177.51440000000002,0.06,0.68
env_cascade,PPO:seed7,PPO,1228,130.4814,0.11,0.6
env_cascade,PPO:seed7,PPO,1229,103.87119999999996,0.13,0.62
env_cascade,PPO:seed7,PPO,1230,99.19100000000006,0.13,0.59
env_cascade,PPO:seed7,PPO,1231,125.49600000000004,0.11,0.66
env_cascade,PPO:seed7,PPO,1232,198.4272,0.1,0.68
env_cascade,PPO:seed7,PPO,1233,149.77839999999998,0.05,0.71
env_cascade,PPO:seed7,PPO,1234,70.35100000000003,0.14,0.6
env_cascade,PPO:seed7,PPO,1235,167.91060000000004,0.08,0.67
env_cascade,PPO:seed7,PPO,1236,138.04739999999998,0.04,0.67
env_cascade,PPO:seed7,PPO,1237,78.79519999999998,0.15,0.58
env_cascade,PPO:seed7,PPO,1238,155.94899999999996,0.03,0.71
env_cascade,PPO:seed7,PPO,1239,136.08399999999997,0.14,0.63
env_cascade,PPO:seed7,PPO,1240,119.21100000000007,0.12,0.6
env_cascade,PPO:seed7,PPO,1241,108.1622,0.1,0.63
env_cascade,PPO:seed7,PPO,1242,130.48660000000007,0.11,0.67
env_cascade,PPO:seed7,PPO,1243,79.02760000000002,0.15,0.61
env_cascade,PPO:seed7,PPO,1244,141.49539999999996,0.11,0.66
env_cascade,PPO:seed7,PPO,1245,151.78079999999994,0.09,0.64
env_cascade,PPO:seed7,PPO,1246,174.70620000000005,0.08,0.7
env_cascade,PPO:seed7,PPO,1247,130.4074,0.07,0.68
env_cascade,PPO:seed7,PPO,1248,160.23019999999997,0.06,0.73
env_cascade,PPO:seed7,PPO,1249,172.52419999999998,0.1,0.62
env_cascade_broken,always_execute,baseline,1000,28.676199999999938,0.47,0.43
env_cascade_broken,always_execute,baseline,1001,27.653199999999984,0.4,0.43
env_cascade_broken,always_execute,baseline,1002,53.82379999999998,0.43,0.49
env_cascade_broken,always_execute,baseline,1003,-26.94700000000003,0.52,0.39
env_cascade_broken,always_execute,baseline,1004,26.95300000000003,0.52,0.39
env_cascade_broken,always_execute,baseline,1005,-9.465199999999996,0.62,0.37
env_cascade_broken,always_execute,baseline,1006,-5.519800000000004,0.53,0.4
env_cascade_broken,always_execute,baseline,1007,27.464400000000012,0.5,0.46
env_cascade_broken,always_execute,baseline,1008,18.75439999999996,0.55,0.38
env_cascade_broken,always_execute,baseline,1009,4.617400000000025,0.55,0.36
env_cascade_broken,always_execute,baseline,1010,6.3745999999999015,0.53,0.47
env_cascade_broken,always_execute,baseline,1011,2.57680000000002,0.61,0.33
env_cascade_broken,always_execute,baseline,1012,18.600199999999973,0.48,0.41
env_cascade_broken,always_execute,baseline,1013,48.914800000000014,0.46,0.45
env_cascade_broken,always_execute,baseline,1014,17.345799999999954,0.52,0.44
env_cascade_broken,always_execute,baseline,1015,-3.178200000000004,0.56,0.41
env_cascade_broken,always_execute,baseline,1016,-10.57080000000002,0.53,0.44
env_cascade_broken,always_execute,baseline,1017,74.93440000000001,0.48,0.49
env_cascade_broken,always_execute,baseline,1018,38.90360000000007,0.47,0.47
env_cascade_broken,always_execute,baseline,1019,-27.33240000000002,0.61,0.36
env_cascade_broken,always_execute,baseline,1020,-3.990399999999994,0.57,0.37
env_cascade_broken,always_execute,baseline,1021,-17.975000000000023,0.61,0.37
env_cascade_broken,always_execute,baseline,1022,80.61359999999996,0.39,0.5
env_cascade_broken,always_execute,baseline,1023,49.83359999999999,0.55,0.42
env_cascade_broken,always_execute,baseline,1024,-11.156199999999984,0.54,0.43
env_cascade_broken,always_execute,baseline,1025,6.312799999999996,0.54,0.38
env_cascade_broken,always_execute,baseline,1026,3.512999999999977,0.58,0.39
env_cascade_broken,always_execute,baseline,1027,27.06999999999998,0.48,0.44
env_cascade_broken,always_execute,baseline,1028,63.08240000000001,0.48,0.46
env_cascade_broken,always_execute,baseline,1029,22.36340000000004,0.43,0.47
env_cascade_broken,always_execute,baseline,1030,4.720000000000013,0.43,0.48
env_cascade_broken,always_execute,baseline,1031,12.365200000000002,0.56,0.38
env_cascade_broken,always_execute,baseline,1032,23.76459999999996,0.51,0.43
env_cascade_broken,always_execute,baseline,1033,4.034399999999991,0.48,0.43
env_cascade_broken,always_execute,baseline,1034,22.90639999999999,0.49,0.45
env_cascade_broken,always_execute,baseline,1035,20.255600000000015,0.51,0.42
env_cascade_broken,always_execute,baseline,1036,56.07279999999997,0.46,0.46
env_cascade_broken,always_execute,baseline,1037,-16.709999999999994,0.62,0.33
env_cascade_broken,always_execute,baseline,1038,-44.69639999999998,0.62,0.36
env_cascade_broken,always_execute,baseline,1039,52.22139999999999,0.49,0.43
env_cascade_broken,always_execute,baseline,1040,13.041999999999959,0.57,0.33
env_cascade_broken,always_execute,baseline,1041,1.4425999999999561,0.53,0.44
env_cascade_broken,always_execute,baseline,1042,45.58939999999997,0.48,0.43
env_cascade_broken,always_execute,baseline,1043,29.9298,0.49,0.45
env_cascade_broken,always_execute,baseline,1044,10.263399999999905,0.54,0.4
env_cascade_broken,always_execute,baseline,1045,34.22359999999995,0.46,0.47
env_cascade_broken,always_execute,baseline,1046,43.40880000000004,0.53,0.45
env_cascade_broken,always_execute,baseline,1047,43.41420000000001,0.53,0.41
env_cascade_broken,always_execute,baseline,1048,17.170799999999986,0.51,0.41
env_cascade_broken,always_execute,baseline,1049,44.98060000000004,0.52,0.45
env_cascade_broken,always_execute,baseline,1050,79.906,0.46,0.48
env_cascade_broken,always_execute,baseline,1051,61.14240000000002,0.44,0.47
env_cascade_broken,always_execute,baseline,1052,-45.04499999999996,0.6,0.34
env_cascade_broken,always_execute,baseline,1053,-27.032600000000045,0.56,0.42
env_cascade_broken,always_execute,baseline,1054,54.08080000000001,0.49,0.45
env_cascade_broken,always_execute,baseline,1055,29.531200000000013,0.46,0.43
env_cascade_broken,always_execute,baseline,1056,31.05400000000003,0.55,0.42
env_cascade_broken,always_execute,baseline,1057,36.397399999999976,0.53,0.43
env_cascade_broken,always_execute,baseline,1058,32.80200000000001,0.47,0.47
env_cascade_broken,always_execute,baseline,1059,9.315399999999968,0.48,0.45
env_cascade_broken,always_execute,baseline,1060,77.4946,0.44,0.48
env_cascade_broken,always_execute,baseline,1061,37.459599999999995,0.45,0.47
env_cascade_broken,always_execute,baseline,1062,53.41660000000002,0.52,0.45
env_cascade_broken,always_execute,baseline,1063,30.289000000000016,0.56,0.37
env_cascade_broken,always_execute,baseline,1064,32.65780000000001,0.49,0.45
env_cascade_broken,always_execute,baseline,1065,58.2568,0.45,0.49
env_cascade_broken,always_execute,baseline,1066,36.39319999999995,0.52,0.4
env_cascade_broken,always_execute,baseline,1067,-10.489799999999946,0.55,0.39
env_cascade_broken,always_execute,baseline,1068,12.145199999999988,0.53,0.38
env_cascade_broken,always_execute,baseline,1069,41.04299999999998,0.52,0.43
env_cascade_broken,always_execute,baseline,1070,19.361599999999996,0.56,0.44
env_cascade_broken,always_execute,baseline,1071,59.8322,0.48,0.45
env_cascade_broken,always_execute,baseline,1072,-22.763199999999898,0.44,0.43
env_cascade_broken,always_execute,baseline,1073,42.08840000000001,0.48,0.44
env_cascade_broken,always_execute,baseline,1074,29.831200000000024,0.36,0.49
env_cascade_broken,always_execute,baseline,1075,14.410999999999945,0.58,0.41
env_cascade_broken,always_execute,baseline,1076,25.603400000000022,0.55,0.38
env_cascade_broken,always_execute,baseline,1077,-0.22119999999996054,0.6,0.37
env_cascade_broken,always_execute,baseline,1078,52.7474,0.47,0.42
env_cascade_broken,always_execute,baseline,1079,10.925600000000017,0.52,0.38
env_cascade_broken,always_execute,baseline,1080,54.8982,0.43,0.47
env_cascade_broken,always_execute,baseline,1081,25.201399999999992,0.52,0.46
env_cascade_broken,always_execute,baseline,1082,17.658999999999992,0.53,0.41
env_cascade_broken,always_execute,baseline,1083,-2.025800000000004,0.49,0.45
env_cascade_broken,always_execute,baseline,1084,26.92619999999998,0.47,0.46
env_cascade_broken,always_execute,baseline,1085,7.601200000000034,0.56,0.37
env_cascade_broken,always_execute,baseline,1086,24.58,0.53,0.41
env_cascade_broken,always_execute,baseline,1087,5.762199999999993,0.52,0.39
env_cascade_broken,always_execute,baseline,1088,16.345200000000006,0.53,0.39
env_cascade_broken,always_execute,baseline,1089,-1.1351999999999833,0.56,0.39
env_cascade_broken,always_execute,baseline,1090,-12.352200000000053,0.55,0.4
env_cascade_broken,always_execute,baseline,1091,15.585200000000015,0.55,0.39
env_cascade_broken,always_execute,baseline,1092,69.82840000000002,0.5,0.44
env_cascade_broken,always_execute,baseline,1093,24.846400000000003,0.55,0.39
env_cascade_broken,always_execute,baseline,1094,-13.728799999999922,0.58,0.42
env_cascade_broken,always_execute,baseline,1095,8.17919999999998,0.46,0.41
env_cascade_broken,always_execute,baseline,1096,85.34960000000001,0.43,0.51
env_cascade_broken,always_execute,baseline,1097,34.7714,0.51,0.42
env_cascade_broken,always_execute,baseline,1098,37.1326,0.47,0.42
env_cascade_broken,always_execute,baseline,1099,66.76640000000002,0.39,0.48
env_cascade_broken,always_execute,baseline,1100,16.638799999999975,0.51,0.43
env_cascade_broken,always_execute,baseline,1101,49.84540000000001,0.47,0.46
env_cascade_broken,always_execute,baseline,1102,19.496399999999994,0.53,0.37
env_cascade_broken,always_execute,baseline,1103,40.65899999999996,0.53,0.43
env_cascade_broken,always_execute,baseline,1104,62.809400000000025,0.47,0.48
env_cascade_broken,always_execute,baseline,1105,1.1176000000000528,0.5,0.47
env_cascade_broken,always_execute,baseline,1106,14.88679999999998,0.55,0.45
env_cascade_broken,always_execute,baseline,1107,49.01279999999997,0.52,0.44
env_cascade_broken,always_execute,baseline,1108,-8.789999999999992,0.58,0.33
env_cascade_broken,always_execute,baseline,1109,26.88000000000001,0.51,0.4
env_cascade_broken,always_execute,baseline,1110,20.25320000000002,0.47,0.45
env_cascade_broken,always_execute,baseline,1111,31.853399999999965,0.5,0.39
env_cascade_broken,always_execute,baseline,1112,21.079800000000034,0.55,0.38
env_cascade_broken,always_execute,baseline,1113,-1.4738000000000113,0.53,0.42
env_cascade_broken,always_execute,baseline,1114,56.87399999999997,0.45,0.46
env_cascade_broken,always_execute,baseline,1115,68.97280000000005,0.46,0.45
env_cascade_broken,always_execute,baseline,1116,67.02779999999998,0.45,0.46
env_cascade_broken,always_execute,baseline,1117,2.6394000000000233,0.45,0.46
env_cascade_broken,always_execute,baseline,1118,32.68080000000006,0.51,0.44
env_cascade_broken,always_execute,baseline,1119,28.817199999999985,0.58,0.4
env_cascade_broken,always_execute,baseline,1120,0.664999999999992,0.58,0.37
env_cascade_broken,always_execute,baseline,1121,48.188800000000015,0.55,0.45
env_cascade_broken,always_execute,baseline,1122,15.579799999999977,0.47,0.42
env_cascade_broken,always_execute,baseline,1123,36.141200000000026,0.5,0.42
env_cascade_broken,always_execute,baseline,1124,65.72659999999999,0.43,0.47
env_cascade_broken,always_execute,baseline,1125,36.27540000000002,0.48,0.47
env_cascade_broken,always_execute,baseline,1126,4.74560000000001,0.54,0.38
env_cascade_broken,always_execute,baseline,1127,-16.519400000000005,0.54,0.39
env_cascade_broken,always_execute,baseline,1128,22.673799999999986,0.5,0.44
env_cascade_broken,always_execute,baseline,1129,12.995200000000011,0.58,0.42
env_cascade_broken,always_execute,baseline,1130,-14.294800000000038,0.6,0.36
env_cascade_broken,always_execute,baseline,1131,58.4632,0.5,0.46
env_cascade_broken,always_execute,baseline,1132,25.90059999999997,0.48,0.42
env_cascade_broken,always_execute,baseline,1133,3.022999999999975,0.6,0.37
env_cascade_broken,always_execute,baseline,1134,42.96000000000001,0.58,0.4
env_cascade_broken,always_execute,baseline,1135,8.37120000000003,0.59,0.36
env_cascade_broken,always_execute,baseline,1136,41.89999999999998,0.51,0.46
env_cascade_broken,always_execute,baseline,1137,56.41239999999999,0.54,0.44
env_cascade_broken,always_execute,baseline,1138,20.856799999999936,0.48,0.41
env_cascade_broken,always_execute,baseline,1139,-8.778000000000006,0.54,0.4
env_cascade_broken,always_execute,baseline,1140,21.74540000000006,0.42,0.5
env_cascade_broken,always_execute,baseline,1141,30.640799999999984,0.54,0.38
env_cascade_broken,always_execute,baseline,1142,63.28319999999995,0.4,0.5
env_cascade_broken,always_execute,baseline,1143,-16.497600000000006,0.58,0.37
env_cascade_broken,always_execute,baseline,1144,6.113800000000012,0.48,0.43
env_cascade_broken,always_execute,baseline,1145,33.18700000000001,0.5,0.45
env_cascade_broken,always_execute,baseline,1146,5.065999999999953,0.54,0.4
env_cascade_broken,always_execute,baseline,1147,38.572800000000015,0.59,0.41
env_cascade_broken,always_execute,baseline,1148,55.20020000000004,0.5,0.43
env_cascade_broken,always_execute,baseline,1149,16.358600000000038,0.49,0.46
env_cascade_broken,always_execute,baseline,1150,0.567799999999977,0.49,0.45
env_cascade_broken,always_execute,baseline,1151,3.5001999999999214,0.55,0.43
env_cascade_broken,always_execute,baseline,1152,55.673400000000015,0.44,0.47
env_cascade_broken,always_execute,baseline,1153,74.2028,0.51,0.46
env_cascade_broken,always_execute,baseline,1154,29.988000000000056,0.43,0.5
env_cascade_broken,always_execute,baseline,1155,63.09199999999997,0.54,0.42
env_cascade_broken,always_execute,baseline,1156,23.49380000000002,0.47,0.43
env_cascade_broken,always_execute,baseline,1157,30.03959999999995,0.46,0.45
env_cascade_broken,always_execute,baseline,1158,20.325000000000003,0.46,0.44
env_cascade_broken,always_execute,baseline,1159,29.70000000000003,0.56,0.38
env_cascade_broken,always_execute,baseline,1160,16.826999999999984,0.54,0.39
env_cascade_broken,always_execute,baseline,1161,0.11400000000000432,0.54,0.45
env_cascade_broken,always_execute,baseline,1162,-4.990800000000007,0.45,0.47
env_cascade_broken,always_execute,baseline,1163,51.70960000000001,0.46,0.47
env_cascade_broken,always_execute,baseline,1164,39.970600000000005,0.47,0.48
env_cascade_broken,always_execute,baseline,1165,22.006799999999984,0.54,0.41
env_cascade_broken,always_execute,baseline,1166,63.8828,0.49,0.43
env_cascade_broken,always_execute,baseline,1167,54.06079999999997,0.53,0.42
env_cascade_broken,always_execute,baseline,1168,45.080399999999955,0.37,0.47
env_cascade_broken,always_execute,baseline,1169,60.8912,0.48,0.52
env_cascade_broken,always_execute,baseline,1170,26.796799999999948,0.51,0.46
env_cascade_broken,always_execute,baseline,1171,56.286199999999994,0.54,0.42
env_cascade_broken,always_execute,baseline,1172,51.68319999999997,0.46,0.51
env_cascade_broken,always_execute,baseline,1173,29.906000000000006,0.54,0.4
env_cascade_broken,always_execute,baseline,1174,51.579800000000006,0.5,0.43
env_cascade_broken,always_execute,baseline,1175,11.84220000000002,0.44,0.47
env_cascade_broken,always_execute,baseline,1176,29.998999999999953,0.6,0.38
env_cascade_broken,always_execute,baseline,1177,20.174200000000027,0.57,0.37
env_cascade_broken,always_execute,baseline,1178,15.617400000000004,0.56,0.38
env_cascade_broken,always_execute,baseline,1179,-0.9938000000000073,0.59,0.41
env_cascade_broken,always_execute,baseline,1180,72.30179999999999,0.39,0.5
env_cascade_broken,always_execute,baseline,1181,35.61519999999999,0.51,0.44
env_cascade_broken,always_execute,baseline,1182,20.961799999999997,0.54,0.42
env_cascade_broken,always_execute,baseline,1183,29.497799999999955,0.52,0.42
env_cascade_broken,always_execute,baseline,1184,-32.49659999999996,0.58,0.33
env_cascade_broken,always_execute,baseline,1185,29.825800000000015,0.53,0.42
env_cascade_broken,always_execute,baseline,1186,16.571400000000082,0.52,0.44
env_cascade_broken,always_execute,baseline,1187,31.377399999999994,0.54,0.4
env_cascade_broken,always_execute,baseline,1188,48.081199999999995,0.42,0.48
env_cascade_broken,always_execute,baseline,1189,-0.14419999999999789,0.6,0.34
env_cascade_broken,always_execute,baseline,1190,-4.813400000000009,0.62,0.37
env_cascade_broken,always_execute,baseline,1191,3.5091999999999217,0.5,0.42
env_cascade_broken,always_execute,baseline,1192,9.573200000000014,0.5,0.41
env_cascade_broken,always_execute,baseline,1193,2.716799999999992,0.47,0.49
env_cascade_broken,always_execute,baseline,1194,9.342800000000011,0.55,0.39
env_cascade_broken,always_execute,baseline,1195,50.78840000000004,0.42,0.47
env_cascade_broken,always_execute,baseline,1196,53.07520000000001,0.53,0.44
env_cascade_broken,always_execute,baseline,1197,26.2324,0.5,0.46
env_cascade_broken,always_execute,baseline,1198,3.785599999999988,0.5,0.45
env_cascade_broken,always_execute,baseline,1199,38.44279999999996,0.47,0.46
env_cascade_broken,always_execute,baseline,1200,17.31880000000004,0.54,0.38
env_cascade_broken,always_execute,baseline,1201,58.806599999999975,0.38,0.53
env_cascade_broken,always_execute,baseline,1202,36.967999999999975,0.55,0.39
env_cascade_broken,always_execute,baseline,1203,33.525000000000006,0.5,0.43
env_cascade_broken,always_execute,baseline,1204,-15.180199999999957,0.55,0.41
env_cascade_broken,always_execute,baseline,1205,17.16119999999998,0.51,0.44
env_cascade_broken,always_execute,baseline,1206,-10.260400000000004,0.57,0.41
env_cascade_broken,always_execute,baseline,1207,63.44179999999996,0.38,0.51
env_cascade_broken,always_execute,baseline,1208,19.056600000000017,0.55,0.41
env_cascade_broken,always_execute,baseline,1209,-3.2077999999999918,0.55,0.41
env_cascade_broken,always_execute,baseline,1210,30.533200000000022,0.57,0.43
env_cascade_broken,always_execute,baseline,1211,34.980999999999966,0.46,0.44
env_cascade_broken,always_execute,baseline,1212,47.9992,0.48,0.45
env_cascade_broken,always_execute,baseline,1213,13.645800000000023,0.59,0.4
env_cascade_broken,always_execute,baseline,1214,1.853800000000021,0.4,0.46
env_cascade_broken,always_execute,baseline,1215,21.213599999999985,0.53,0.41
env_cascade_broken,always_execute,baseline,1216,27.499399999999994,0.48,0.5
env_cascade_broken,always_execute,baseline,1217,40.148400000000024,0.51,0.44
env_cascade_broken,always_execute,baseline,1218,70.69519999999996,0.43,0.47
env_cascade_broken,always_execute,baseline,1219,15.121799999999979,0.54,0.41
env_cascade_broken,always_execute,baseline,1220,56.34620000000001,0.52,0.42
env_cascade_broken,always_execute,baseline,1221,-3.976799999999983,0.46,0.43
env_cascade_broken,always_execute,baseline,1222,12.382200000000026,0.49,0.39
env_cascade_broken,always_execute,baseline,1223,-4.385000000000048,0.55,0.39
env_cascade_broken,always_execute,baseline,1224,32.39920000000002,0.5,0.46
env_cascade_broken,always_execute,baseline,1225,-18.013200000000026,0.58,0.38
env_cascade_broken,always_execute,baseline,1226,-2.677599999999991,0.61,0.29
env_cascade_broken,always_execute,baseline,1227,51.17060000000001,0.48,0.44
env_cascade_broken,always_execute,baseline,1228,40.05739999999999,0.52,0.4
env_cascade_broken,always_execute,baseline,1229,66.62300000000003,0.38,0.55
env_cascade_broken,always_execute,baseline,1230,10.91379999999998,0.48,0.43
env_cascade_broken,always_execute,baseline,1231,37.18759999999999,0.46,0.5
env_cascade_broken,always_execute,baseline,1232,11.568600000000004,0.57,0.39
env_cascade_broken,always_execute,baseline,1233,20.62540000000007,0.5,0.45
env_cascade_broken,always_execute,baseline,1234,4.120599999999939,0.59,0.37
env_cascade_broken,always_execute,baseline,1235,46.90519999999998,0.51,0.4
env_cascade_broken,always_execute,baseline,1236,14.176199999999966,0.46,0.45
env_cascade_broken,always_execute,baseline,1237,42.39519999999999,0.53,0.45
env_cascade_broken,always_execute,baseline,1238,5.92880000000001,0.5,0.38
env_cascade_broken,always_execute,baseline,1239,11.919600000000031,0.55,0.44
env_cascade_broken,always_execute,baseline,1240,63.43960000000001,0.5,0.49
env_cascade_broken,always_execute,baseline,1241,11.266399999999976,0.5,0.45
env_cascade_broken,always_execute,baseline,1242,54.74200000000005,0.39,0.52
env_cascade_broken,always_execute,baseline,1243,-5.15059999999994,0.5,0.46
env_cascade_broken,always_execute,baseline,1244,-1.389999999999958,0.5,0.44
env_cascade_broken,always_execute,baseline,1245,-9.31800000000004,0.66,0.34
env_cascade_broken,always_execute,baseline,1246,25.597199999999987,0.56,0.41
env_cascade_broken,always_execute,baseline,1247,34.046600000000026,0.47,0.47
env_cascade_broken,always_execute,baseline,1248,32.2576,0.54,0.42
env_cascade_broken,always_execute,baseline,1249,61.6858,0.48,0.43
env_cascade_broken,throttle (hand),hand,1000,51.10520000000001,0.38,0.36
env_cascade_broken,throttle (hand),hand,1001,36.13439999999997,0.38,0.36
env_cascade_broken,throttle (hand),hand,1002,31.655200000000008,0.42,0.38
env_cascade_broken,throttle (hand),hand,1003,6.093599999999981,0.39,0.36
env_cascade_broken,throttle (hand),hand,1004,25.761800000000008,0.43,0.32
env_cascade_broken,throttle (hand),hand,1005,95.50300000000001,0.3,0.44
env_cascade_broken,throttle (hand),hand,1006,48.082599999999985,0.37,0.42
env_cascade_broken,throttle (hand),hand,1007,18.978800000000007,0.43,0.37
env_cascade_broken,throttle (hand),hand,1008,-4.871400000000008,0.4,0.35
env_cascade_broken,throttle (hand),hand,1009,36.30500000000002,0.42,0.34
env_cascade_broken,throttle (hand),hand,1010,72.735,0.37,0.4
env_cascade_broken,throttle (hand),hand,1011,50.93079999999998,0.4,0.36
env_cascade_broken,throttle (hand),hand,1012,44.814400000000035,0.36,0.4
env_cascade_broken,throttle (hand),hand,1013,93.69039999999998,0.29,0.42
env_cascade_broken,throttle (hand),hand,1014,29.871399999999895,0.38,0.37
env_cascade_broken,throttle (hand),hand,1015,9.791799999999938,0.42,0.37
env_cascade_broken,throttle (hand),hand,1016,16.09879999999996,0.45,0.39
env_cascade_broken,throttle (hand),hand,1017,47.233999999999995,0.33,0.47
env_cascade_broken,throttle (hand),hand,1018,42.4618,0.31,0.42
env_cascade_broken,throttle (hand),hand,1019,36.93340000000002,0.42,0.34
env_cascade_broken,throttle (hand),hand,1020,41.50239999999998,0.39,0.37
env_cascade_broken,throttle (hand),hand,1021,34.789800000000014,0.38,0.39
env_cascade_broken,throttle (hand),hand,1022,72.08080000000001,0.38,0.43
env_cascade_broken,throttle (hand),hand,1023,44.73580000000001,0.37,0.4
env_cascade_broken,throttle (hand),hand,1024,17.970000000000013,0.36,0.39
env_cascade_broken,throttle (hand),hand,1025,59.12939999999996,0.41,0.36
env_cascade_broken,throttle (hand),hand,1026,64.9212,0.3,0.42
env_cascade_broken,throttle (hand),hand,1027,21.322599999999994,0.49,0.37
env_cascade_broken,throttle (hand),hand,1028,34.25320000000001,0.44,0.35
env_cascade_broken,throttle (hand),hand,1029,20.253199999999993,0.42,0.32
env_cascade_broken,throttle (hand),hand,1030,1.6912000000000376,0.36,0.37
env_cascade_broken,throttle (hand),hand,1031,30.379199999999997,0.47,0.36
env_cascade_broken,throttle (hand),hand,1032,54.6318,0.33,0.37
env_cascade_broken,throttle (hand),hand,1033,36.58680000000005,0.31,0.39
env_cascade_broken,throttle (hand),hand,1034,76.56819999999996,0.34,0.43
env_cascade_broken,throttle (hand),hand,1035,50.41199999999998,0.38,0.37
env_cascade_broken,throttle (hand),hand,1036,-2.5870000000000175,0.43,0.31
env_cascade_broken,throttle (hand),hand,1037,58.293799999999976,0.38,0.37
env_cascade_broken,throttle (hand),hand,1038,19.409799999999983,0.38,0.35
env_cascade_broken,throttle (hand),hand,1039,57.45280000000001,0.35,0.41
env_cascade_broken,throttle (hand),hand,1040,14.71439999999997,0.4,0.33
env_cascade_broken,throttle (hand),hand,1041,40.55619999999999,0.39,0.39
env_cascade_broken,throttle (hand),hand,1042,38.37440000000001,0.4,0.34
env_cascade_broken,throttle (hand),hand,1043,67.1888,0.38,0.4
env_cascade_broken,throttle (hand),hand,1044,32.813,0.39,0.39
env_cascade_broken,throttle (hand),hand,1045,72.2492,0.3,0.45
env_cascade_broken,throttle (hand),hand,1046,104.3118,0.26,0.54
env_cascade_broken,throttle (hand),hand,1047,22.3048,0.36,0.38
env_cascade_broken,throttle (hand),hand,1048,2.7299999999999898,0.36,0.34
env_cascade_broken,throttle (hand),hand,1049,52.397600000000025,0.39,0.43
env_cascade_broken,throttle (hand),hand,1050,19.690400000000054,0.41,0.39
env_cascade_broken,throttle (hand),hand,1051,33.90799999999999,0.44,0.36
env_cascade_broken,throttle (hand),hand,1052,22.25100000000002,0.42,0.34
env_cascade_broken,throttle (hand),hand,1053,26.0488,0.42,0.37
env_cascade_broken,throttle (hand),hand,1054,34.72019999999996,0.34,0.4
env_cascade_broken,throttle (hand),hand,1055,28.37639999999999,0.34,0.4
env_cascade_broken,throttle (hand),hand,1056,59.54499999999999,0.34,0.43
env_cascade_broken,throttle (hand),hand,1057,52.085000000000036,0.44,0.4
env_cascade_broken,throttle (hand),hand,1058,47.253600000000006,0.38,0.37
env_cascade_broken,throttle (hand),hand,1059,10.932199999999987,0.47,0.32
env_cascade_broken,throttle (hand),hand,1060,73.86840000000004,0.31,0.41
env_cascade_broken,throttle (hand),hand,1061,40.039800000000014,0.35,0.41
env_cascade_broken,throttle (hand),hand,1062,28.69320000000002,0.45,0.41
env_cascade_broken,throttle (hand),hand,1063,50.23919999999998,0.4,0.38
env_cascade_broken,throttle (hand),hand,1064,78.01999999999998,0.32,0.44
env_cascade_broken,throttle (hand),hand,1065,54.4952,0.33,0.38
env_cascade_broken,throttle (hand),hand,1066,27.477999999999994,0.42,0.36
env_cascade_broken,throttle (hand),hand,1067,47.17959999999999,0.33,0.41
env_cascade_broken,throttle (hand),hand,1068,47.73859999999999,0.36,0.39
env_cascade_broken,throttle (hand),hand,1069,17.135800000000003,0.42,0.38
env_cascade_broken,throttle (hand),hand,1070,51.809800000000024,0.37,0.38
env_cascade_broken,throttle (hand),hand,1071,76.07300000000001,0.34,0.4
env_cascade_broken,throttle (hand),hand,1072,11.373599999999996,0.37,0.39
env_cascade_broken,throttle (hand),hand,1073,20.033600000000014,0.38,0.34
env_cascade_broken,throttle (hand),hand,1074,30.33039999999997,0.31,0.42
env_cascade_broken,throttle (hand),hand,1075,42.03100000000002,0.35,0.38
env_cascade_broken,throttle (hand),hand,1076,54.37779999999998,0.37,0.42
env_cascade_broken,throttle (hand),hand,1077,-0.8392000000000053,0.45,0.32
env_cascade_broken,throttle (hand),hand,1078,76.9202,0.33,0.42
env_cascade_broken,throttle (hand),hand,1079,72.4196,0.36,0.36
env_cascade_broken,throttle (hand),hand,1080,17.833800000000032,0.44,0.35
env_cascade_broken,throttle (hand),hand,1081,37.29559999999999,0.33,0.44
env_cascade_broken,throttle (hand),hand,1082,39.533399999999986,0.42,0.37
env_cascade_broken,throttle (hand),hand,1083,48.41399999999999,0.36,0.38
env_cascade_broken,throttle (hand),hand,1084,15.748200000000054,0.43,0.36
env_cascade_broken,throttle (hand),hand,1085,56.09479999999998,0.45,0.37
env_cascade_broken,throttle (hand),hand,1086,47.3112,0.39,0.32
env_cascade_broken,throttle (hand),hand,1087,1.6869999999999834,0.44,0.33
env_cascade_broken,throttle (hand),hand,1088,28.650799999999975,0.4,0.36
env_cascade_broken,throttle (hand),hand,1089,54.765600000000035,0.4,0.35
env_cascade_broken,throttle (hand),hand,1090,34.21819999999998,0.48,0.37
env_cascade_broken,throttle (hand),hand,1091,61.32340000000002,0.33,0.39
env_cascade_broken,throttle (hand),hand,1092,31.131999999999977,0.47,0.34
env_cascade_broken,throttle (hand),hand,1093,1.0557999999999907,0.44,0.36
env_cascade_broken,throttle (hand),hand,1094,25.584599999999966,0.41,0.35
env_cascade_broken,throttle (hand),hand,1095,4.5,0.42,0.37
env_cascade_broken,throttle (hand),hand,1096,44.623399999999975,0.37,0.4
env_cascade_broken,throttle (hand),hand,1097,94.815,0.31,0.43
env_cascade_broken,throttle (hand),hand,1098,48.29020000000003,0.42,0.34
env_cascade_broken,throttle (hand),hand,1099,26.027600000000007,0.39,0.36
env_cascade_broken,throttle (hand),hand,1100,109.77100000000002,0.33,0.48
env_cascade_broken,throttle (hand),hand,1101,33.34200000000004,0.42,0.41
env_cascade_broken,throttle (hand),hand,1102,21.725399999999993,0.42,0.32
env_cascade_broken,throttle (hand),hand,1103,46.4366,0.41,0.39
env_cascade_broken,throttle (hand),hand,1104,53.70719999999997,0.39,0.42
env_cascade_broken,throttle (hand),hand,1105,1.4598000000000297,0.42,0.36
env_cascade_broken,throttle (hand),hand,1106,62.66560000000001,0.34,0.44
env_cascade_broken,throttle (hand),hand,1107,58.050399999999996,0.36,0.38
env_cascade_broken,throttle (hand),hand,1108,26.230399999999975,0.39,0.34
env_cascade_broken,throttle (hand),hand,1109,27.91680000000001,0.41,0.41
env_cascade_broken,throttle (hand),hand,1110,10.458599999999947,0.43,0.35
env_cascade_broken,throttle (hand),hand,1111,71.2148,0.42,0.37
env_cascade_broken,throttle (hand),hand,1112,32.3382,0.42,0.33
env_cascade_broken,throttle (hand),hand,1113,20.68700000000004,0.43,0.36
env_cascade_broken,throttle (hand),hand,1114,68.5346,0.34,0.39
env_cascade_broken,throttle (hand),hand,1115,56.23159999999996,0.28,0.4
env_cascade_broken,throttle (hand),hand,1116,59.950000000000045,0.34,0.38
env_cascade_broken,throttle (hand),hand,1117,23.984799999999936,0.37,0.4
env_cascade_broken,throttle (hand),hand,1118,32.21240000000006,0.39,0.39
env_cascade_broken,throttle (hand),hand,1119,11.26860000000002,0.5,0.31
env_cascade_broken,throttle (hand),hand,1120,52.5642,0.42,0.36
env_cascade_broken,throttle (hand),hand,1121,25.316000000000003,0.47,0.35
env_cascade_broken,throttle (hand),hand,1122,20.628400000000013,0.38,0.39
env_cascade_broken,throttle (hand),hand,1123,34.71640000000001,0.35,0.4
env_cascade_broken,throttle (hand),hand,1124,14.094999999999942,0.39,0.37
env_cascade_broken,throttle (hand),hand,1125,59.297399999999996,0.38,0.39
env_cascade_broken,throttle (hand),hand,1126,27.973,0.47,0.3
env_cascade_broken,throttle (hand),hand,1127,67.7844,0.35,0.41
env_cascade_broken,throttle (hand),hand,1128,58.841800000000006,0.35,0.41
env_cascade_broken,throttle (hand),hand,1129,54.10940000000002,0.4,0.38
env_cascade_broken,throttle (hand),hand,1130,46.07700000000003,0.4,0.35
env_cascade_broken,throttle (hand),hand,1131,23.653800000000018,0.46,0.3
env_cascade_broken,throttle (hand),hand,1132,18.608400000000003,0.38,0.35
env_cascade_broken,throttle (hand),hand,1133,-3.9590000000000174,0.47,0.3
env_cascade_broken,throttle (hand),hand,1134,68.02840000000003,0.41,0.36
env_cascade_broken,throttle (hand),hand,1135,22.535999999999973,0.43,0.35
env_cascade_broken,throttle (hand),hand,1136,41.976,0.34,0.46
env_cascade_broken,throttle (hand),hand,1137,43.71919999999997,0.45,0.36
env_cascade_broken,throttle (hand),hand,1138,-5.538399999999939,0.4,0.33
env_cascade_broken,throttle (hand),hand,1139,-1.284200000000041,0.4,0.33
env_cascade_broken,throttle (hand),hand,1140,28.41139999999993,0.36,0.39
env_cascade_broken,throttle (hand),hand,1141,68.6444,0.37,0.36
env_cascade_broken,throttle (hand),hand,1142,30.20920000000004,0.36,0.39
env_cascade_broken,throttle (hand),hand,1143,-3.962799999999959,0.4,0.34
env_cascade_broken,throttle (hand),hand,1144,9.558199999999978,0.42,0.33
env_cascade_broken,throttle (hand),hand,1145,14.656199999999984,0.37,0.4
env_cascade_broken,throttle (hand),hand,1146,18.435000000000016,0.37,0.35
env_cascade_broken,throttle (hand),hand,1147,45.063799999999986,0.38,0.4
env_cascade_broken,throttle (hand),hand,1148,73.7496,0.3,0.44
env_cascade_broken,throttle (hand),hand,1149,5.522800000000046,0.43,0.36
env_cascade_broken,throttle (hand),hand,1150,71.12380000000002,0.36,0.46
env_cascade_broken,throttle (hand),hand,1151,48.09979999999999,0.4,0.37
env_cascade_broken,throttle (hand),hand,1152,102.918,0.32,0.44
env_cascade_broken,throttle (hand),hand,1153,13.58639999999997,0.4,0.36
env_cascade_broken,throttle (hand),hand,1154,37.77119999999999,0.33,0.45
env_cascade_broken,throttle (hand),hand,1155,63.62940000000002,0.37,0.39
env_cascade_broken,throttle (hand),hand,1156,17.93459999999999,0.49,0.37
env_cascade_broken,throttle (hand),hand,1157,18.57799999999994,0.42,0.35
env_cascade_broken,throttle (hand),hand,1158,47.39960000000002,0.37,0.38
env_cascade_broken,throttle (hand),hand,1159,54.18960000000001,0.31,0.38
env_cascade_broken,throttle (hand),hand,1160,25.64440000000002,0.45,0.36
env_cascade_broken,throttle (hand),hand,1161,63.79719999999996,0.32,0.46
env_cascade_broken,throttle (hand),hand,1162,15.56240000000004,0.33,0.37
env_cascade_broken,throttle (hand),hand,1163,47.22619999999999,0.37,0.38
env_cascade_broken,throttle (hand),hand,1164,53.140000000000015,0.34,0.42
env_cascade_broken,throttle (hand),hand,1165,70.96000000000001,0.37,0.39
env_cascade_broken,throttle (hand),hand,1166,33.1018,0.42,0.35
env_cascade_broken,throttle (hand),hand,1167,66.57660000000001,0.45,0.4
env_cascade_broken,throttle (hand),hand,1168,8.480000000000018,0.41,0.35
env_cascade_broken,throttle (hand),hand,1169,45.67439999999996,0.35,0.39
env_cascade_broken,throttle (hand),hand,1170,6.899599999999936,0.47,0.38
env_cascade_broken,throttle (hand),hand,1171,97.04759999999999,0.39,0.46
env_cascade_broken,throttle (hand),hand,1172,15.573800000000006,0.5,0.33
env_cascade_broken,throttle (hand),hand,1173,36.16839999999999,0.4,0.36
env_cascade_broken,throttle (hand),hand,1174,31.67319999999998,0.4,0.38
env_cascade_broken,throttle (hand),hand,1175,20.272399999999962,0.35,0.37
env_cascade_broken,throttle (hand),hand,1176,14.431999999999995,0.43,0.34
env_cascade_broken,throttle (hand),hand,1177,32.5098,0.49,0.35
env_cascade_broken,throttle (hand),hand,1178,26.587599999999952,0.39,0.37
env_cascade_broken,throttle (hand),hand,1179,34.62099999999998,0.38,0.37
env_cascade_broken,throttle (hand),hand,1180,102.63819999999998,0.28,0.45
env_cascade_broken,throttle (hand),hand,1181,42.03179999999999,0.34,0.4
env_cascade_broken,throttle (hand),hand,1182,-6.571200000000019,0.41,0.34
env_cascade_broken,throttle (hand),hand,1183,48.693599999999975,0.36,0.44
env_cascade_broken,throttle (hand),hand,1184,19.444000000000003,0.37,0.39
env_cascade_broken,throttle (hand),hand,1185,43.3488,0.35,0.38
env_cascade_broken,throttle (hand),hand,1186,57.89700000000002,0.37,0.39
env_cascade_broken,throttle (hand),hand,1187,5.466799999999978,0.46,0.35
env_cascade_broken,throttle (hand),hand,1188,43.136600000000016,0.5,0.36
env_cascade_broken,throttle (hand),hand,1189,37.07000000000001,0.39,0.38
env_cascade_broken,throttle (hand),hand,1190,24.42440000000002,0.35,0.37
env_cascade_broken,throttle (hand),hand,1191,12.109999999999957,0.4,0.38
env_cascade_broken,throttle (hand),hand,1192,11.644799999999961,0.38,0.37
env_cascade_broken,throttle (hand),hand,1193,21.002999999999986,0.34,0.43
env_cascade_broken,throttle (hand),hand,1194,40.47239999999999,0.41,0.38
env_cascade_broken,throttle (hand),hand,1195,54.75059999999996,0.31,0.42
env_cascade_broken,throttle (hand),hand,1196,37.025000000000006,0.36,0.43
env_cascade_broken,throttle (hand),hand,1197,67.0938,0.38,0.4
env_cascade_broken,throttle (hand),hand,1198,45.303200000000004,0.39,0.37
env_cascade_broken,throttle (hand),hand,1199,26.138199999999955,0.44,0.35
env_cascade_broken,throttle (hand),hand,1200,28.999000000000052,0.5,0.35
env_cascade_broken,throttle (hand),hand,1201,18.142400000000023,0.34,0.42
env_cascade_broken,throttle (hand),hand,1202,70.9598,0.35,0.39
env_cascade_broken,throttle (hand),hand,1203,35.73800000000003,0.48,0.37
env_cascade_broken,throttle (hand),hand,1204,2.1534000000000333,0.42,0.39
env_cascade_broken,throttle (hand),hand,1205,42.02279999999999,0.38,0.39
env_cascade_broken,throttle (hand),hand,1206,33.623399999999975,0.41,0.39
env_cascade_broken,throttle (hand),hand,1207,51.36440000000002,0.36,0.36
env_cascade_broken,throttle (hand),hand,1208,14.971200000000024,0.47,0.32
env_cascade_broken,throttle (hand),hand,1209,41.41339999999997,0.38,0.44
env_cascade_broken,throttle (hand),hand,1210,42.09600000000002,0.4,0.35
env_cascade_broken,throttle (hand),hand,1211,45.966999999999985,0.36,0.38
env_cascade_broken,throttle (hand),hand,1212,44.329999999999984,0.32,0.36
env_cascade_broken,throttle (hand),hand,1213,61.30940000000001,0.4,0.38
env_cascade_broken,throttle (hand),hand,1214,20.90519999999995,0.32,0.4
env_cascade_broken,throttle (hand),hand,1215,77.28939999999997,0.37,0.4
env_cascade_broken,throttle (hand),hand,1216,23.879599999999968,0.39,0.43
env_cascade_broken,throttle (hand),hand,1217,58.43600000000001,0.42,0.37
env_cascade_broken,throttle (hand),hand,1218,71.03739999999998,0.44,0.39
env_cascade_broken,throttle (hand),hand,1219,64.19219999999996,0.35,0.41
env_cascade_broken,throttle (hand),hand,1220,39.76380000000002,0.46,0.35
env_cascade_broken,throttle (hand),hand,1221,-0.592399999999941,0.38,0.38
env_cascade_broken,throttle (hand),hand,1222,20.924000000000007,0.42,0.33
env_cascade_broken,throttle (hand),hand,1223,9.233000000000018,0.39,0.38
env_cascade_broken,throttle (hand),hand,1224,53.07999999999997,0.42,0.39
env_cascade_broken,throttle (hand),hand,1225,6.771599999999964,0.42,0.36
env_cascade_broken,throttle (hand),hand,1226,42.54259999999999,0.4,0.3
env_cascade_broken,throttle (hand),hand,1227,55.86559999999997,0.4,0.41
env_cascade_broken,throttle (hand),hand,1228,60.29860000000002,0.34,0.38
env_cascade_broken,throttle (hand),hand,1229,20.282200000000003,0.37,0.4
env_cascade_broken,throttle (hand),hand,1230,28.70300000000006,0.38,0.36
env_cascade_broken,throttle (hand),hand,1231,9.278200000000012,0.45,0.34
env_cascade_broken,throttle (hand),hand,1232,56.44040000000001,0.42,0.37
env_cascade_broken,throttle (hand),hand,1233,3.017399999999995,0.44,0.35
env_cascade_broken,throttle (hand),hand,1234,69.27860000000001,0.36,0.39
env_cascade_broken,throttle (hand),hand,1235,49.018,0.42,0.38
env_cascade_broken,throttle (hand),hand,1236,48.10179999999998,0.33,0.41
env_cascade_broken,throttle (hand),hand,1237,41.335400000000035,0.35,0.37
env_cascade_broken,throttle (hand),hand,1238,55.276799999999966,0.21,0.46
env_cascade_broken,throttle (hand),hand,1239,20.042800000000042,0.45,0.33
env_cascade_broken,throttle (hand),hand,1240,81.49340000000001,0.28,0.46
env_cascade_broken,throttle (hand),hand,1241,40.69580000000002,0.37,0.41
env_cascade_broken,throttle (hand),hand,1242,32.60119999999996,0.35,0.41
env_cascade_broken,throttle (hand),hand,1243,36.3318,0.34,0.43
env_cascade_broken,throttle (hand),hand,1244,32.65640000000003,0.36,0.42
env_cascade_broken,throttle (hand),hand,1245,15.3078,0.47,0.3
env_cascade_broken,throttle (hand),hand,1246,55.29620000000001,0.46,0.37
env_cascade_broken,throttle (hand),hand,1247,16.387400000000014,0.41,0.37
env_cascade_broken,throttle (hand),hand,1248,12.956799999999973,0.46,0.35
env_cascade_broken,throttle (hand),hand,1249,39.31700000000001,0.45,0.32
env_cascade_broken,REINFORCE:seed11,REINFORCE,1000,42.764399999999995,0.43,0.44
env_cascade_broken,REINFORCE:seed11,REINFORCE,1001,4.681400000000025,0.42,0.45
env_cascade_broken,REINFORCE:seed11,REINFORCE,1002,1.9617999999999682,0.49,0.44
env_cascade_broken,REINFORCE:seed11,REINFORCE,1003,13.702800000000025,0.47,0.45
env_cascade_broken,REINFORCE:seed11,REINFORCE,1004,65.1584,0.37,0.47
env_cascade_broken,REINFORCE:seed11,REINFORCE,1005,-6.974399999999989,0.45,0.4
env_cascade_broken,REINFORCE:seed11,REINFORCE,1006,48.11760000000001,0.47,0.45
env_cascade_broken,REINFORCE:seed11,REINFORCE,1007,20.820600000000056,0.44,0.45
env_cascade_broken,REINFORCE:seed11,REINFORCE,1008,12.69559999999997,0.48,0.41
env_cascade_broken,REINFORCE:seed11,REINFORCE,1009,55.197800000000015,0.46,0.42
env_cascade_broken,REINFORCE:seed11,REINFORCE,1010,69.68460000000005,0.36,0.54
env_cascade_broken,REINFORCE:seed11,REINFORCE,1011,42.1208,0.41,0.45
env_cascade_broken,REINFORCE:seed11,REINFORCE,1012,57.54339999999996,0.42,0.47
env_cascade_broken,REINFORCE:seed11,REINFORCE,1013,74.608,0.36,0.51
env_cascade_broken,REINFORCE:seed11,REINFORCE,1014,102.13719999999995,0.31,0.54
env_cascade_broken,REINFORCE:seed11,REINFORCE,1015,49.997199999999935,0.42,0.46
env_cascade_broken,REINFORCE:seed11,REINFORCE,1016,6.745600000000039,0.46,0.46
env_cascade_broken,REINFORCE:seed11,REINFORCE,1017,95.09460000000004,0.34,0.58
env_cascade_broken,REINFORCE:seed11,REINFORCE,1018,51.44219999999994,0.4,0.5
env_cascade_broken,REINFORCE:seed11,REINFORCE,1019,7.016000000000005,0.41,0.43
env_cascade_broken,REINFORCE:seed11,REINFORCE,1020,9.319999999999979,0.53,0.42
env_cascade_broken,REINFORCE:seed11,REINFORCE,1021,24.987600000000015,0.43,0.47
env_cascade_broken,REINFORCE:seed11,REINFORCE,1022,70.82280000000002,0.42,0.46
env_cascade_broken,REINFORCE:seed11,REINFORCE,1023,49.82779999999998,0.41,0.46
env_cascade_broken,REINFORCE:seed11,REINFORCE,1024,60.8904,0.42,0.5
env_cascade_broken,REINFORCE:seed11,REINFORCE,1025,52.88099999999997,0.42,0.48
env_cascade_broken,REINFORCE:seed11,REINFORCE,1026,36.08819999999996,0.44,0.45
env_cascade_broken,REINFORCE:seed11,REINFORCE,1027,83.11499999999995,0.34,0.51
env_cascade_broken,REINFORCE:seed11,REINFORCE,1028,32.44880000000002,0.45,0.45
env_cascade_broken,REINFORCE:seed11,REINFORCE,1029,24.255599999999987,0.36,0.45
env_cascade_broken,REINFORCE:seed11,REINFORCE,1030,2.7504000000000133,0.39,0.48
env_cascade_broken,REINFORCE:seed11,REINFORCE,1031,57.52760000000001,0.41,0.46
env_cascade_broken,REINFORCE:seed11,REINFORCE,1032,8.259799999999956,0.47,0.44
env_cascade_broken,REINFORCE:seed11,REINFORCE,1033,66.05059999999996,0.29,0.52
env_cascade_broken,REINFORCE:seed11,REINFORCE,1034,-10.636599999999959,0.5,0.37
env_cascade_broken,REINFORCE:seed11,REINFORCE,1035,19.56219999999999,0.45,0.41
env_cascade_broken,REINFORCE:seed11,REINFORCE,1036,61.579200000000014,0.37,0.48
env_cascade_broken,REINFORCE:seed11,REINFORCE,1037,11.837800000000016,0.54,0.36
env_cascade_broken,REINFORCE:seed11,REINFORCE,1038,35.13120000000001,0.37,0.47
env_cascade_broken,REINFORCE:seed11,REINFORCE,1039,81.67839999999993,0.34,0.52
env_cascade_broken,REINFORCE:seed11,REINFORCE,1040,1.4485999999999848,0.51,0.36
env_cascade_broken,REINFORCE:seed11,REINFORCE,1041,11.635400000000018,0.46,0.43
env_cascade_broken,REINFORCE:seed11,REINFORCE,1042,72.59440000000001,0.44,0.47
env_cascade_broken,REINFORCE:seed11,REINFORCE,1043,57.66180000000003,0.37,0.47
env_cascade_broken,REINFORCE:seed11,REINFORCE,1044,78.32659999999998,0.39,0.48
env_cascade_broken,REINFORCE:seed11,REINFORCE,1045,26.37999999999994,0.37,0.49
env_cascade_broken,REINFORCE:seed11,REINFORCE,1046,129.22859999999997,0.28,0.6
env_cascade_broken,REINFORCE:seed11,REINFORCE,1047,37.08699999999999,0.44,0.39
env_cascade_broken,REINFORCE:seed11,REINFORCE,1048,-13.251199999999926,0.43,0.41
env_cascade_broken,REINFORCE:seed11,REINFORCE,1049,77.08720000000001,0.34,0.52
env_cascade_broken,REINFORCE:seed11,REINFORCE,1050,70.4616,0.39,0.47
env_cascade_broken,REINFORCE:seed11,REINFORCE,1051,66.56220000000003,0.4,0.47
env_cascade_broken,REINFORCE:seed11,REINFORCE,1052,5.839599999999919,0.43,0.47
env_cascade_broken,REINFORCE:seed11,REINFORCE,1053,21.941799999999986,0.46,0.44
env_cascade_broken,REINFORCE:seed11,REINFORCE,1054,95.16139999999999,0.36,0.5
env_cascade_broken,REINFORCE:seed11,REINFORCE,1055,60.54999999999997,0.36,0.5
env_cascade_broken,REINFORCE:seed11,REINFORCE,1056,40.54200000000003,0.42,0.46
env_cascade_broken,REINFORCE:seed11,REINFORCE,1057,-1.745400000000025,0.57,0.37
env_cascade_broken,REINFORCE:seed11,REINFORCE,1058,28.04419999999999,0.46,0.43
env_cascade_broken,REINFORCE:seed11,REINFORCE,1059,52.63540000000002,0.37,0.53
env_cascade_broken,REINFORCE:seed11,REINFORCE,1060,51.20800000000001,0.46,0.38
env_cascade_broken,REINFORCE:seed11,REINFORCE,1061,10.683399999999892,0.44,0.46
env_cascade_broken,REINFORCE:seed11,REINFORCE,1062,68.38079999999998,0.38,0.51
env_cascade_broken,REINFORCE:seed11,REINFORCE,1063,41.649600000000035,0.44,0.41
env_cascade_broken,REINFORCE:seed11,REINFORCE,1064,3.0395999999999788,0.45,0.47
env_cascade_broken,REINFORCE:seed11,REINFORCE,1065,72.13280000000003,0.34,0.53
env_cascade_broken,REINFORCE:seed11,REINFORCE,1066,29.199399999999926,0.44,0.4
env_cascade_broken,REINFORCE:seed11,REINFORCE,1067,-0.8395999999999475,0.42,0.47
env_cascade_broken,REINFORCE:seed11,REINFORCE,1068,18.392400000000023,0.46,0.41
env_cascade_broken,REINFORCE:seed11,REINFORCE,1069,54.536399999999986,0.41,0.48
env_cascade_broken,REINFORCE:seed11,REINFORCE,1070,11.283799999999985,0.44,0.45
env_cascade_broken,REINFORCE:seed11,REINFORCE,1071,68.9872,0.45,0.44
env_cascade_broken,REINFORCE:seed11,REINFORCE,1072,-20.146800000000056,0.45,0.43
env_cascade_broken,REINFORCE:seed11,REINFORCE,1073,11.717199999999949,0.48,0.4
env_cascade_broken,REINFORCE:seed11,REINFORCE,1074,71.56199999999995,0.33,0.51
env_cascade_broken,REINFORCE:seed11,REINFORCE,1075,99.21800000000002,0.35,0.57
env_cascade_broken,REINFORCE:seed11,REINFORCE,1076,15.881799999999998,0.58,0.37
env_cascade_broken,REINFORCE:seed11,REINFORCE,1077,2.420199999999994,0.42,0.42
env_cascade_broken,REINFORCE:seed11,REINFORCE,1078,80.0926,0.4,0.49
env_cascade_broken,REINFORCE:seed11,REINFORCE,1079,68.15059999999994,0.4,0.53
env_cascade_broken,REINFORCE:seed11,REINFORCE,1080,114.564,0.33,0.55
env_cascade_broken,REINFORCE:seed11,REINFORCE,1081,8.04519999999998,0.49,0.39
env_cascade_broken,REINFORCE:seed11,REINFORCE,1082,25.351000000000056,0.41,0.52
env_cascade_broken,REINFORCE:seed11,REINFORCE,1083,120.67920000000001,0.23,0.6
env_cascade_broken,REINFORCE:seed11,REINFORCE,1084,106.54059999999998,0.31,0.58
env_cascade_broken,REINFORCE:seed11,REINFORCE,1085,44.21840000000003,0.47,0.43
env_cascade_broken,REINFORCE:seed11,REINFORCE,1086,58.96180000000001,0.43,0.42
env_cascade_broken,REINFORCE:seed11,REINFORCE,1087,42.767199999999974,0.42,0.43
env_cascade_broken,REINFORCE:seed11,REINFORCE,1088,61.57420000000005,0.43,0.42
env_cascade_broken,REINFORCE:seed11,REINFORCE,1089,120.25739999999999,0.32,0.57
env_cascade_broken,REINFORCE:seed11,REINFORCE,1090,-1.8043999999999158,0.44,0.44
env_cascade_broken,REINFORCE:seed11,REINFORCE,1091,3.293800000000047,0.46,0.4
env_cascade_broken,REINFORCE:seed11,REINFORCE,1092,79.1814,0.42,0.44
env_cascade_broken,REINFORCE:seed11,REINFORCE,1093,57.77499999999998,0.49,0.44
env_cascade_broken,REINFORCE:seed11,REINFORCE,1094,32.38600000000001,0.42,0.48
env_cascade_broken,REINFORCE:seed11,REINFORCE,1095,26.03200000000001,0.35,0.48
env_cascade_broken,REINFORCE:seed11,REINFORCE,1096,75.97,0.43,0.45
env_cascade_broken,REINFORCE:seed11,REINFORCE,1097,12.048599999999936,0.47,0.44
env_cascade_broken,REINFORCE:seed11,REINFORCE,1098,26.325199999999995,0.51,0.41
env_cascade_broken,REINFORCE:seed11,REINFORCE,1099,44.21860000000001,0.38,0.45
env_cascade_broken,REINFORCE:seed11,REINFORCE,1100,57.534600000000026,0.43,0.5
env_cascade_broken,REINFORCE:seed11,REINFORCE,1101,28.52680000000001,0.52,0.43
env_cascade_broken,REINFORCE:seed11,REINFORCE,1102,13.031199999999984,0.44,0.41
env_cascade_broken,REINFORCE:seed11,REINFORCE,1103,70.97800000000001,0.36,0.51
env_cascade_broken,REINFORCE:seed11,REINFORCE,1104,33.01480000000001,0.44,0.45
env_cascade_broken,REINFORCE:seed11,REINFORCE,1105,4.829800000000034,0.44,0.49
env_cascade_broken,REINFORCE:seed11,REINFORCE,1106,78.2928,0.37,0.5
env_cascade_broken,REINFORCE:seed11,REINFORCE,1107,34.24359999999999,0.44,0.47
env_cascade_broken,REINFORCE:seed11,REINFORCE,1108,37.625999999999976,0.44,0.39
env_cascade_broken,REINFORCE:seed11,REINFORCE,1109,57.765600000000006,0.42,0.47
env_cascade_broken,REINFORCE:seed11,REINFORCE,1110,6.210599999999928,0.51,0.37
env_cascade_broken,REINFORCE:seed11,REINFORCE,1111,62.47879999999998,0.46,0.43
env_cascade_broken,REINFORCE:seed11,REINFORCE,1112,52.56839999999997,0.4,0.46
env_cascade_broken,REINFORCE:seed11,REINFORCE,1113,25.63379999999998,0.42,0.41
env_cascade_broken,REINFORCE:seed11,REINFORCE,1114,23.493799999999993,0.49,0.39
env_cascade_broken,REINFORCE:seed11,REINFORCE,1115,104.107,0.35,0.51
env_cascade_broken,REINFORCE:seed11,REINFORCE,1116,78.84299999999999,0.31,0.53
env_cascade_broken,REINFORCE:seed11,REINFORCE,1117,21.827399999999983,0.41,0.48
env_cascade_broken,REINFORCE:seed11,REINFORCE,1118,67.86159999999998,0.34,0.5
env_cascade_broken,REINFORCE:seed11,REINFORCE,1119,46.779600000000016,0.53,0.43
env_cascade_broken,REINFORCE:seed11,REINFORCE,1120,16.148200000000003,0.47,0.42
env_cascade_broken,REINFORCE:seed11,REINFORCE,1121,51.64959999999995,0.41,0.51
env_cascade_broken,REINFORCE:seed11,REINFORCE,1122,17.514200000000002,0.47,0.39
env_cascade_broken,REINFORCE:seed11,REINFORCE,1123,82.0992,0.31,0.51
env_cascade_broken,REINFORCE:seed11,REINFORCE,1124,80.21419999999998,0.38,0.5
env_cascade_broken,REINFORCE:seed11,REINFORCE,1125,52.500600000000006,0.43,0.45
env_cascade_broken,REINFORCE:seed11,REINFORCE,1126,86.0558,0.31,0.5
env_cascade_broken,REINFORCE:seed11,REINFORCE,1127,37.65780000000004,0.44,0.43
env_cascade_broken,REINFORCE:seed11,REINFORCE,1128,31.879800000000046,0.47,0.43
env_cascade_broken,REINFORCE:seed11,REINFORCE,1129,118.23920000000004,0.31,0.56
env_cascade_broken,REINFORCE:seed11,REINFORCE,1130,7.225999999999985,0.53,0.43
env_cascade_broken,REINFORCE:seed11,REINFORCE,1131,59.56099999999998,0.42,0.43
env_cascade_broken,REINFORCE:seed11,REINFORCE,1132,35.126199999999926,0.43,0.42
env_cascade_broken,REINFORCE:seed11,REINFORCE,1133,2.1221999999999355,0.47,0.45
env_cascade_broken,REINFORCE:seed11,REINFORCE,1134,90.74600000000001,0.42,0.48
env_cascade_broken,REINFORCE:seed11,REINFORCE,1135,95.50059999999996,0.34,0.56
env_cascade_broken,REINFORCE:seed11,REINFORCE,1136,54.84819999999996,0.46,0.48
env_cascade_broken,REINFORCE:seed11,REINFORCE,1137,44.84860000000006,0.42,0.43
env_cascade_broken,REINFORCE:seed11,REINFORCE,1138,28.5556,0.4,0.42
env_cascade_broken,REINFORCE:seed11,REINFORCE,1139,34.2726,0.36,0.51
env_cascade_broken,REINFORCE:seed11,REINFORCE,1140,16.225999999999942,0.38,0.48
env_cascade_broken,REINFORCE:seed11,REINFORCE,1141,52.2552,0.43,0.43
env_cascade_broken,REINFORCE:seed11,REINFORCE,1142,95.96620000000001,0.35,0.52
env_cascade_broken,REINFORCE:seed11,REINFORCE,1143,-12.229200000000048,0.48,0.39
env_cascade_broken,REINFORCE:seed11,REINFORCE,1144,26.519599999999954,0.44,0.51
env_cascade_broken,REINFORCE:seed11,REINFORCE,1145,6.324399999999997,0.53,0.43
env_cascade_broken,REINFORCE:seed11,REINFORCE,1146,4.591800000000049,0.45,0.43
env_cascade_broken,REINFORCE:seed11,REINFORCE,1147,78.60759999999999,0.37,0.53
env_cascade_broken,REINFORCE:seed11,REINFORCE,1148,81.4394,0.42,0.44
env_cascade_broken,REINFORCE:seed11,REINFORCE,1149,41.03239999999997,0.4,0.47
env_cascade_broken,REINFORCE:seed11,REINFORCE,1150,61.10720000000005,0.33,0.58
env_cascade_broken,REINFORCE:seed11,REINFORCE,1151,30.701999999999927,0.36,0.51
env_cascade_broken,REINFORCE:seed11,REINFORCE,1152,47.06999999999998,0.44,0.5
env_cascade_broken,REINFORCE:seed11,REINFORCE,1153,80.88580000000005,0.41,0.47
env_cascade_broken,REINFORCE:seed11,REINFORCE,1154,38.44760000000004,0.41,0.43
env_cascade_broken,REINFORCE:seed11,REINFORCE,1155,75.99,0.42,0.47
env_cascade_broken,REINFORCE:seed11,REINFORCE,1156,54.928999999999974,0.38,0.46
env_cascade_broken,REINFORCE:seed11,REINFORCE,1157,62.33960000000002,0.36,0.52
env_cascade_broken,REINFORCE:seed11,REINFORCE,1158,80.53559999999999,0.32,0.51
env_cascade_broken,REINFORCE:seed11,REINFORCE,1159,39.49939999999998,0.45,0.43
env_cascade_broken,REINFORCE:seed11,REINFORCE,1160,51.70579999999997,0.43,0.46
env_cascade_broken,REINFORCE:seed11,REINFORCE,1161,21.594799999999964,0.47,0.46
env_cascade_broken,REINFORCE:seed11,REINFORCE,1162,28.727199999999954,0.37,0.51
env_cascade_broken,REINFORCE:seed11,REINFORCE,1163,94.60159999999999,0.31,0.54
env_cascade_broken,REINFORCE:seed11,REINFORCE,1164,33.08060000000002,0.43,0.44
env_cascade_broken,REINFORCE:seed11,REINFORCE,1165,74.4296,0.36,0.51
env_cascade_broken,REINFORCE:seed11,REINFORCE,1166,60.68219999999998,0.43,0.45
env_cascade_broken,REINFORCE:seed11,REINFORCE,1167,22.674799999999962,0.52,0.38
env_cascade_broken,REINFORCE:seed11,REINFORCE,1168,51.08000000000001,0.38,0.43
env_cascade_broken,REINFORCE:seed11,REINFORCE,1169,52.18700000000004,0.45,0.43
env_cascade_broken,REINFORCE:seed11,REINFORCE,1170,67.07399999999993,0.36,0.55
env_cascade_broken,REINFORCE:seed11,REINFORCE,1171,58.23279999999997,0.42,0.46
env_cascade_broken,REINFORCE:seed11,REINFORCE,1172,63.091999999999985,0.39,0.5
env_cascade_broken,REINFORCE:seed11,REINFORCE,1173,50.90379999999999,0.46,0.42
env_cascade_broken,REINFORCE:seed11,REINFORCE,1174,52.16160000000001,0.45,0.47
env_cascade_broken,REINFORCE:seed11,REINFORCE,1175,17.3938,0.39,0.47
env_cascade_broken,REINFORCE:seed11,REINFORCE,1176,19.84299999999999,0.44,0.41
env_cascade_broken,REINFORCE:seed11,REINFORCE,1177,68.21480000000001,0.37,0.49
env_cascade_broken,REINFORCE:seed11,REINFORCE,1178,28.13659999999993,0.45,0.47
env_cascade_broken,REINFORCE:seed11,REINFORCE,1179,35.30919999999999,0.46,0.41
env_cascade_broken,REINFORCE:seed11,REINFORCE,1180,43.034800000000004,0.4,0.48
env_cascade_broken,REINFORCE:seed11,REINFORCE,1181,91.10600000000002,0.38,0.46
env_cascade_broken,REINFORCE:seed11,REINFORCE,1182,22.39819999999996,0.44,0.44
env_cascade_broken,REINFORCE:seed11,REINFORCE,1183,59.2312,0.42,0.47
env_cascade_broken,REINFORCE:seed11,REINFORCE,1184,23.289799999999985,0.43,0.48
env_cascade_broken,REINFORCE:seed11,REINFORCE,1185,64.75639999999994,0.4,0.45
env_cascade_broken,REINFORCE:seed11,REINFORCE,1186,44.10499999999996,0.41,0.48
env_cascade_broken,REINFORCE:seed11,REINFORCE,1187,83.38379999999998,0.33,0.51
env_cascade_broken,REINFORCE:seed11,REINFORCE,1188,63.480399999999975,0.43,0.5
env_cascade_broken,REINFORCE:seed11,REINFORCE,1189,-6.682800000000029,0.53,0.36
env_cascade_broken,REINFORCE:seed11,REINFORCE,1190,28.61959999999999,0.5,0.38
env_cascade_broken,REINFORCE:seed11,REINFORCE,1191,67.168,0.4,0.48
env_cascade_broken,REINFORCE:seed11,REINFORCE,1192,7.591799999999978,0.5,0.41
env_cascade_broken,REINFORCE:seed11,REINFORCE,1193,24.961799999999982,0.39,0.53
env_cascade_broken,REINFORCE:seed11,REINFORCE,1194,59.29039999999998,0.42,0.48
env_cascade_broken,REINFORCE:seed11,REINFORCE,1195,54.6362,0.38,0.48
env_cascade_broken,REINFORCE:seed11,REINFORCE,1196,30.455799999999954,0.47,0.42
env_cascade_broken,REINFORCE:seed11,REINFORCE,1197,29.6836,0.41,0.48
env_cascade_broken,REINFORCE:seed11,REINFORCE,1198,56.373399999999975,0.48,0.43
env_cascade_broken,REINFORCE:seed11,REINFORCE,1199,62.044,0.37,0.5
env_cascade_broken,REINFORCE:seed11,REINFORCE,1200,51.35639999999998,0.42,0.46
env_cascade_broken,REINFORCE:seed11,REINFORCE,1201,21.686799999999977,0.44,0.49
env_cascade_broken,REINFORCE:seed11,REINFORCE,1202,62.581599999999966,0.46,0.43
env_cascade_broken,REINFORCE:seed11,REINFORCE,1203,81.87199999999999,0.34,0.51
env_cascade_broken,REINFORCE:seed11,REINFORCE,1204,29.53599999999996,0.45,0.49
env_cascade_broken,REINFORCE:seed11,REINFORCE,1205,24.00760000000001,0.46,0.43
env_cascade_broken,REINFORCE:seed11,REINFORCE,1206,30.234399999999937,0.46,0.44
env_cascade_broken,REINFORCE:seed11,REINFORCE,1207,54.008999999999915,0.36,0.5
env_cascade_broken,REINFORCE:seed11,REINFORCE,1208,47.3626,0.43,0.44
env_cascade_broken,REINFORCE:seed11,REINFORCE,1209,53.58960000000002,0.39,0.49
env_cascade_broken,REINFORCE:seed11,REINFORCE,1210,58.009000000000015,0.38,0.52
env_cascade_broken,REINFORCE:seed11,REINFORCE,1211,92.1704,0.32,0.53
env_cascade_broken,REINFORCE:seed11,REINFORCE,1212,66.88419999999998,0.35,0.53
env_cascade_broken,REINFORCE:seed11,REINFORCE,1213,24.208,0.56,0.36
env_cascade_broken,REINFORCE:seed11,REINFORCE,1214,-9.674200000000027,0.45,0.42
env_cascade_broken,REINFORCE:seed11,REINFORCE,1215,85.69800000000001,0.4,0.49
env_cascade_broken,REINFORCE:seed11,REINFORCE,1216,38.1298000000001,0.41,0.51
env_cascade_broken,REINFORCE:seed11,REINFORCE,1217,48.7088,0.47,0.42
env_cascade_broken,REINFORCE:seed11,REINFORCE,1218,89.07320000000001,0.39,0.46
env_cascade_broken,REINFORCE:seed11,REINFORCE,1219,72.27580000000003,0.38,0.44
env_cascade_broken,REINFORCE:seed11,REINFORCE,1220,52.263600000000054,0.43,0.46
env_cascade_broken,REINFORCE:seed11,REINFORCE,1221,16.38799999999995,0.39,0.51
env_cascade_broken,REINFORCE:seed11,REINFORCE,1222,80.3758,0.35,0.44
env_cascade_broken,REINFORCE:seed11,REINFORCE,1223,59.401400000000024,0.44,0.47
env_cascade_broken,REINFORCE:seed11,REINFORCE,1224,65.59400000000001,0.33,0.54
env_cascade_broken,REINFORCE:seed11,REINFORCE,1225,42.652000000000015,0.46,0.47
env_cascade_broken,REINFORCE:seed11,REINFORCE,1226,31.07060000000004,0.45,0.39
env_cascade_broken,REINFORCE:seed11,REINFORCE,1227,33.899200000000036,0.48,0.42
env_cascade_broken,REINFORCE:seed11,REINFORCE,1228,0.19319999999999027,0.51,0.4
env_cascade_broken,REINFORCE:seed11,REINFORCE,1229,42.0416,0.42,0.49
env_cascade_broken,REINFORCE:seed11,REINFORCE,1230,43.622600000000034,0.4,0.51
env_cascade_broken,REINFORCE:seed11,REINFORCE,1231,-1.7112000000000336,0.49,0.44
env_cascade_broken,REINFORCE:seed11,REINFORCE,1232,93.8178,0.42,0.48
env_cascade_broken,REINFORCE:seed11,REINFORCE,1233,41.831999999999965,0.42,0.48
env_cascade_broken,REINFORCE:seed11,REINFORCE,1234,51.12180000000001,0.42,0.42
env_cascade_broken,REINFORCE:seed11,REINFORCE,1235,53.60479999999998,0.47,0.4
env_cascade_broken,REINFORCE:seed11,REINFORCE,1236,36.424000000000035,0.36,0.5
env_cascade_broken,REINFORCE:seed11,REINFORCE,1237,48.376599999999996,0.4,0.46
env_cascade_broken,REINFORCE:seed11,REINFORCE,1238,14.362599999999986,0.41,0.43
env_cascade_broken,REINFORCE:seed11,REINFORCE,1239,3.9159999999999826,0.48,0.41
env_cascade_broken,REINFORCE:seed11,REINFORCE,1240,52.617599999999996,0.47,0.45
env_cascade_broken,REINFORCE:seed11,REINFORCE,1241,16.06820000000002,0.44,0.43
env_cascade_broken,REINFORCE:seed11,REINFORCE,1242,22.141199999999998,0.5,0.45
env_cascade_broken,REINFORCE:seed11,REINFORCE,1243,12.758999999999958,0.45,0.5
env_cascade_broken,REINFORCE:seed11,REINFORCE,1244,21.45619999999998,0.43,0.47
env_cascade_broken,REINFORCE:seed11,REINFORCE,1245,15.305000000000035,0.5,0.39
env_cascade_broken,REINFORCE:seed11,REINFORCE,1246,62.730399999999975,0.45,0.46
env_cascade_broken,REINFORCE:seed11,REINFORCE,1247,34.43740000000001,0.4,0.49
env_cascade_broken,REINFORCE:seed11,REINFORCE,1248,121.96220000000002,0.29,0.59
env_cascade_broken,REINFORCE:seed11,REINFORCE,1249,30.802199999999985,0.49,0.38
env_cascade_broken,REINFORCE:seed13,REINFORCE,1000,28.676199999999938,0.47,0.43
env_cascade_broken,REINFORCE:seed13,REINFORCE,1001,27.653199999999984,0.4,0.43
env_cascade_broken,REINFORCE:seed13,REINFORCE,1002,53.82379999999998,0.43,0.49
env_cascade_broken,REINFORCE:seed13,REINFORCE,1003,-26.94700000000003,0.52,0.39
env_cascade_broken,REINFORCE:seed13,REINFORCE,1004,26.95300000000003,0.52,0.39
env_cascade_broken,REINFORCE:seed13,REINFORCE,1005,-9.465199999999996,0.62,0.37
env_cascade_broken,REINFORCE:seed13,REINFORCE,1006,-5.519800000000004,0.53,0.4
env_cascade_broken,REINFORCE:seed13,REINFORCE,1007,27.464400000000012,0.5,0.46
env_cascade_broken,REINFORCE:seed13,REINFORCE,1008,18.75439999999996,0.55,0.38
env_cascade_broken,REINFORCE:seed13,REINFORCE,1009,4.617400000000025,0.55,0.36
env_cascade_broken,REINFORCE:seed13,REINFORCE,1010,6.3745999999999015,0.53,0.47
env_cascade_broken,REINFORCE:seed13,REINFORCE,1011,2.57680000000002,0.61,0.33
env_cascade_broken,REINFORCE:seed13,REINFORCE,1012,18.600199999999973,0.48,0.41
env_cascade_broken,REINFORCE:seed13,REINFORCE,1013,48.914800000000014,0.46,0.45
env_cascade_broken,REINFORCE:seed13,REINFORCE,1014,17.345799999999954,0.52,0.44
env_cascade_broken,REINFORCE:seed13,REINFORCE,1015,-3.178200000000004,0.56,0.41
env_cascade_broken,REINFORCE:seed13,REINFORCE,1016,-10.57080000000002,0.53,0.44
env_cascade_broken,REINFORCE:seed13,REINFORCE,1017,74.93440000000001,0.48,0.49
env_cascade_broken,REINFORCE:seed13,REINFORCE,1018,38.90360000000007,0.47,0.47
env_cascade_broken,REINFORCE:seed13,REINFORCE,1019,-27.33240000000002,0.61,0.36
env_cascade_broken,REINFORCE:seed13,REINFORCE,1020,-3.990399999999994,0.57,0.37
env_cascade_broken,REINFORCE:seed13,REINFORCE,1021,-17.975000000000023,0.61,0.37
env_cascade_broken,REINFORCE:seed13,REINFORCE,1022,80.61359999999996,0.39,0.5
env_cascade_broken,REINFORCE:seed13,REINFORCE,1023,49.83359999999999,0.55,0.42
env_cascade_broken,REINFORCE:seed13,REINFORCE,1024,-11.156199999999984,0.54,0.43
env_cascade_broken,REINFORCE:seed13,REINFORCE,1025,6.312799999999996,0.54,0.38
env_cascade_broken,REINFORCE:seed13,REINFORCE,1026,3.512999999999977,0.58,0.39
env_cascade_broken,REINFORCE:seed13,REINFORCE,1027,27.06999999999998,0.48,0.44
env_cascade_broken,REINFORCE:seed13,REINFORCE,1028,63.08240000000001,0.48,0.46
env_cascade_broken,REINFORCE:seed13,REINFORCE,1029,22.36340000000004,0.43,0.47
env_cascade_broken,REINFORCE:seed13,REINFORCE,1030,4.720000000000013,0.43,0.48
env_cascade_broken,REINFORCE:seed13,REINFORCE,1031,12.365200000000002,0.56,0.38
env_cascade_broken,REINFORCE:seed13,REINFORCE,1032,23.76459999999996,0.51,0.43
env_cascade_broken,REINFORCE:seed13,REINFORCE,1033,4.034399999999991,0.48,0.43
env_cascade_broken,REINFORCE:seed13,REINFORCE,1034,22.90639999999999,0.49,0.45
env_cascade_broken,REINFORCE:seed13,REINFORCE,1035,20.255600000000015,0.51,0.42
env_cascade_broken,REINFORCE:seed13,REINFORCE,1036,56.07279999999997,0.46,0.46
env_cascade_broken,REINFORCE:seed13,REINFORCE,1037,-16.709999999999994,0.62,0.33
env_cascade_broken,REINFORCE:seed13,REINFORCE,1038,-44.69639999999998,0.62,0.36
env_cascade_broken,REINFORCE:seed13,REINFORCE,1039,52.22139999999999,0.49,0.43
env_cascade_broken,REINFORCE:seed13,REINFORCE,1040,13.041999999999959,0.57,0.33
env_cascade_broken,REINFORCE:seed13,REINFORCE,1041,1.4425999999999561,0.53,0.44
env_cascade_broken,REINFORCE:seed13,REINFORCE,1042,45.58939999999997,0.48,0.43
env_cascade_broken,REINFORCE:seed13,REINFORCE,1043,29.9298,0.49,0.45
env_cascade_broken,REINFORCE:seed13,REINFORCE,1044,10.263399999999905,0.54,0.4
env_cascade_broken,REINFORCE:seed13,REINFORCE,1045,34.22359999999995,0.46,0.47
env_cascade_broken,REINFORCE:seed13,REINFORCE,1046,43.40880000000004,0.53,0.45
env_cascade_broken,REINFORCE:seed13,REINFORCE,1047,43.41420000000001,0.53,0.41
env_cascade_broken,REINFORCE:seed13,REINFORCE,1048,17.170799999999986,0.51,0.41
env_cascade_broken,REINFORCE:seed13,REINFORCE,1049,44.98060000000004,0.52,0.45
env_cascade_broken,REINFORCE:seed13,REINFORCE,1050,79.906,0.46,0.48
env_cascade_broken,REINFORCE:seed13,REINFORCE,1051,61.14240000000002,0.44,0.47
env_cascade_broken,REINFORCE:seed13,REINFORCE,1052,-45.04499999999996,0.6,0.34
env_cascade_broken,REINFORCE:seed13,REINFORCE,1053,-27.032600000000045,0.56,0.42
env_cascade_broken,REINFORCE:seed13,REINFORCE,1054,54.08080000000001,0.49,0.45
env_cascade_broken,REINFORCE:seed13,REINFORCE,1055,29.531200000000013,0.46,0.43
env_cascade_broken,REINFORCE:seed13,REINFORCE,1056,31.05400000000003,0.55,0.42
env_cascade_broken,REINFORCE:seed13,REINFORCE,1057,36.397399999999976,0.53,0.43
env_cascade_broken,REINFORCE:seed13,REINFORCE,1058,32.80200000000001,0.47,0.47
env_cascade_broken,REINFORCE:seed13,REINFORCE,1059,9.315399999999968,0.48,0.45
env_cascade_broken,REINFORCE:seed13,REINFORCE,1060,77.4946,0.44,0.48
env_cascade_broken,REINFORCE:seed13,REINFORCE,1061,37.459599999999995,0.45,0.47
env_cascade_broken,REINFORCE:seed13,REINFORCE,1062,53.41660000000002,0.52,0.45
env_cascade_broken,REINFORCE:seed13,REINFORCE,1063,30.289000000000016,0.56,0.37
env_cascade_broken,REINFORCE:seed13,REINFORCE,1064,32.65780000000001,0.49,0.45
env_cascade_broken,REINFORCE:seed13,REINFORCE,1065,58.2568,0.45,0.49
env_cascade_broken,REINFORCE:seed13,REINFORCE,1066,36.39319999999995,0.52,0.4
env_cascade_broken,REINFORCE:seed13,REINFORCE,1067,-10.489799999999946,0.55,0.39
env_cascade_broken,REINFORCE:seed13,REINFORCE,1068,12.145199999999988,0.53,0.38
env_cascade_broken,REINFORCE:seed13,REINFORCE,1069,41.04299999999998,0.52,0.43
env_cascade_broken,REINFORCE:seed13,REINFORCE,1070,19.361599999999996,0.56,0.44
env_cascade_broken,REINFORCE:seed13,REINFORCE,1071,59.8322,0.48,0.45
env_cascade_broken,REINFORCE:seed13,REINFORCE,1072,-22.763199999999898,0.44,0.43
env_cascade_broken,REINFORCE:seed13,REINFORCE,1073,42.08840000000001,0.48,0.44
env_cascade_broken,REINFORCE:seed13,REINFORCE,1074,29.831200000000024,0.36,0.49
env_cascade_broken,REINFORCE:seed13,REINFORCE,1075,14.410999999999945,0.58,0.41
env_cascade_broken,REINFORCE:seed13,REINFORCE,1076,25.603400000000022,0.55,0.38
env_cascade_broken,REINFORCE:seed13,REINFORCE,1077,-0.22119999999996054,0.6,0.37
env_cascade_broken,REINFORCE:seed13,REINFORCE,1078,52.7474,0.47,0.42
env_cascade_broken,REINFORCE:seed13,REINFORCE,1079,10.925600000000017,0.52,0.38
env_cascade_broken,REINFORCE:seed13,REINFORCE,1080,54.8982,0.43,0.47
env_cascade_broken,REINFORCE:seed13,REINFORCE,1081,25.201399999999992,0.52,0.46
env_cascade_broken,REINFORCE:seed13,REINFORCE,1082,17.658999999999992,0.53,0.41
env_cascade_broken,REINFORCE:seed13,REINFORCE,1083,-2.025800000000004,0.49,0.45
env_cascade_broken,REINFORCE:seed13,REINFORCE,1084,26.92619999999998,0.47,0.46
env_cascade_broken,REINFORCE:seed13,REINFORCE,1085,7.601200000000034,0.56,0.37
env_cascade_broken,REINFORCE:seed13,REINFORCE,1086,24.58,0.53,0.41
env_cascade_broken,REINFORCE:seed13,REINFORCE,1087,5.762199999999993,0.52,0.39
env_cascade_broken,REINFORCE:seed13,REINFORCE,1088,16.345200000000006,0.53,0.39
env_cascade_broken,REINFORCE:seed13,REINFORCE,1089,-1.1351999999999833,0.56,0.39
env_cascade_broken,REINFORCE:seed13,REINFORCE,1090,-12.352200000000053,0.55,0.4
env_cascade_broken,REINFORCE:seed13,REINFORCE,1091,15.585200000000015,0.55,0.39
env_cascade_broken,REINFORCE:seed13,REINFORCE,1092,69.82840000000002,0.5,0.44
env_cascade_broken,REINFORCE:seed13,REINFORCE,1093,24.846400000000003,0.55,0.39
env_cascade_broken,REINFORCE:seed13,REINFORCE,1094,-13.728799999999922,0.58,0.42
env_cascade_broken,REINFORCE:seed13,REINFORCE,1095,8.17919999999998,0.46,0.41
env_cascade_broken,REINFORCE:seed13,REINFORCE,1096,85.34960000000001,0.43,0.51
env_cascade_broken,REINFORCE:seed13,REINFORCE,1097,34.7714,0.51,0.42
env_cascade_broken,REINFORCE:seed13,REINFORCE,1098,37.1326,0.47,0.42
env_cascade_broken,REINFORCE:seed13,REINFORCE,1099,66.76640000000002,0.39,0.48
env_cascade_broken,REINFORCE:seed13,REINFORCE,1100,16.638799999999975,0.51,0.43
env_cascade_broken,REINFORCE:seed13,REINFORCE,1101,49.84540000000001,0.47,0.46
env_cascade_broken,REINFORCE:seed13,REINFORCE,1102,19.496399999999994,0.53,0.37
env_cascade_broken,REINFORCE:seed13,REINFORCE,1103,40.65899999999996,0.53,0.43
env_cascade_broken,REINFORCE:seed13,REINFORCE,1104,62.809400000000025,0.47,0.48
env_cascade_broken,REINFORCE:seed13,REINFORCE,1105,1.1176000000000528,0.5,0.47
env_cascade_broken,REINFORCE:seed13,REINFORCE,1106,14.88679999999998,0.55,0.45
env_cascade_broken,REINFORCE:seed13,REINFORCE,1107,49.01279999999997,0.52,0.44
env_cascade_broken,REINFORCE:seed13,REINFORCE,1108,-8.789999999999992,0.58,0.33
env_cascade_broken,REINFORCE:seed13,REINFORCE,1109,26.88000000000001,0.51,0.4
env_cascade_broken,REINFORCE:seed13,REINFORCE,1110,20.25320000000002,0.47,0.45
env_cascade_broken,REINFORCE:seed13,REINFORCE,1111,31.853399999999965,0.5,0.39
env_cascade_broken,REINFORCE:seed13,REINFORCE,1112,21.079800000000034,0.55,0.38
env_cascade_broken,REINFORCE:seed13,REINFORCE,1113,-1.4738000000000113,0.53,0.42
env_cascade_broken,REINFORCE:seed13,REINFORCE,1114,56.87399999999997,0.45,0.46
env_cascade_broken,REINFORCE:seed13,REINFORCE,1115,68.97280000000005,0.46,0.45
env_cascade_broken,REINFORCE:seed13,REINFORCE,1116,67.02779999999998,0.45,0.46
env_cascade_broken,REINFORCE:seed13,REINFORCE,1117,2.6394000000000233,0.45,0.46
env_cascade_broken,REINFORCE:seed13,REINFORCE,1118,32.68080000000006,0.51,0.44
env_cascade_broken,REINFORCE:seed13,REINFORCE,1119,28.817199999999985,0.58,0.4
env_cascade_broken,REINFORCE:seed13,REINFORCE,1120,0.664999999999992,0.58,0.37
env_cascade_broken,REINFORCE:seed13,REINFORCE,1121,48.188800000000015,0.55,0.45
env_cascade_broken,REINFORCE:seed13,REINFORCE,1122,15.579799999999977,0.47,0.42
env_cascade_broken,REINFORCE:seed13,REINFORCE,1123,36.141200000000026,0.5,0.42
env_cascade_broken,REINFORCE:seed13,REINFORCE,1124,65.72659999999999,0.43,0.47
env_cascade_broken,REINFORCE:seed13,REINFORCE,1125,36.27540000000002,0.48,0.47
env_cascade_broken,REINFORCE:seed13,REINFORCE,1126,4.74560000000001,0.54,0.38
env_cascade_broken,REINFORCE:seed13,REINFORCE,1127,-16.519400000000005,0.54,0.39
env_cascade_broken,REINFORCE:seed13,REINFORCE,1128,22.673799999999986,0.5,0.44
env_cascade_broken,REINFORCE:seed13,REINFORCE,1129,12.995200000000011,0.58,0.42
env_cascade_broken,REINFORCE:seed13,REINFORCE,1130,-14.294800000000038,0.6,0.36
env_cascade_broken,REINFORCE:seed13,REINFORCE,1131,58.4632,0.5,0.46
env_cascade_broken,REINFORCE:seed13,REINFORCE,1132,25.90059999999997,0.48,0.42
env_cascade_broken,REINFORCE:seed13,REINFORCE,1133,3.022999999999975,0.6,0.37
env_cascade_broken,REINFORCE:seed13,REINFORCE,1134,42.96000000000001,0.58,0.4
env_cascade_broken,REINFORCE:seed13,REINFORCE,1135,8.37120000000003,0.59,0.36
env_cascade_broken,REINFORCE:seed13,REINFORCE,1136,41.89999999999998,0.51,0.46
env_cascade_broken,REINFORCE:seed13,REINFORCE,1137,56.41239999999999,0.54,0.44
env_cascade_broken,REINFORCE:seed13,REINFORCE,1138,20.856799999999936,0.48,0.41
env_cascade_broken,REINFORCE:seed13,REINFORCE,1139,-8.778000000000006,0.54,0.4
env_cascade_broken,REINFORCE:seed13,REINFORCE,1140,21.74540000000006,0.42,0.5
env_cascade_broken,REINFORCE:seed13,REINFORCE,1141,30.640799999999984,0.54,0.38
env_cascade_broken,REINFORCE:seed13,REINFORCE,1142,63.28319999999995,0.4,0.5
env_cascade_broken,REINFORCE:seed13,REINFORCE,1143,-16.497600000000006,0.58,0.37
env_cascade_broken,REINFORCE:seed13,REINFORCE,1144,6.113800000000012,0.48,0.43
env_cascade_broken,REINFORCE:seed13,REINFORCE,1145,33.18700000000001,0.5,0.45
env_cascade_broken,REINFORCE:seed13,REINFORCE,1146,5.065999999999953,0.54,0.4
env_cascade_broken,REINFORCE:seed13,REINFORCE,1147,38.572800000000015,0.59,0.41
env_cascade_broken,REINFORCE:seed13,REINFORCE,1148,55.20020000000004,0.5,0.43
env_cascade_broken,REINFORCE:seed13,REINFORCE,1149,16.358600000000038,0.49,0.46
env_cascade_broken,REINFORCE:seed13,REINFORCE,1150,0.567799999999977,0.49,0.45
env_cascade_broken,REINFORCE:seed13,REINFORCE,1151,3.5001999999999214,0.55,0.43
env_cascade_broken,REINFORCE:seed13,REINFORCE,1152,55.673400000000015,0.44,0.47
env_cascade_broken,REINFORCE:seed13,REINFORCE,1153,74.2028,0.51,0.46
env_cascade_broken,REINFORCE:seed13,REINFORCE,1154,29.988000000000056,0.43,0.5
env_cascade_broken,REINFORCE:seed13,REINFORCE,1155,63.09199999999997,0.54,0.42
env_cascade_broken,REINFORCE:seed13,REINFORCE,1156,23.49380000000002,0.47,0.43
env_cascade_broken,REINFORCE:seed13,REINFORCE,1157,30.03959999999995,0.46,0.45
env_cascade_broken,REINFORCE:seed13,REINFORCE,1158,20.325000000000003,0.46,0.44
env_cascade_broken,REINFORCE:seed13,REINFORCE,1159,29.70000000000003,0.56,0.38
env_cascade_broken,REINFORCE:seed13,REINFORCE,1160,16.826999999999984,0.54,0.39
env_cascade_broken,REINFORCE:seed13,REINFORCE,1161,0.11400000000000432,0.54,0.45
env_cascade_broken,REINFORCE:seed13,REINFORCE,1162,-4.990800000000007,0.45,0.47
env_cascade_broken,REINFORCE:seed13,REINFORCE,1163,51.70960000000001,0.46,0.47
env_cascade_broken,REINFORCE:seed13,REINFORCE,1164,39.970600000000005,0.47,0.48
env_cascade_broken,REINFORCE:seed13,REINFORCE,1165,22.006799999999984,0.54,0.41
env_cascade_broken,REINFORCE:seed13,REINFORCE,1166,63.8828,0.49,0.43
env_cascade_broken,REINFORCE:seed13,REINFORCE,1167,54.06079999999997,0.53,0.42
env_cascade_broken,REINFORCE:seed13,REINFORCE,1168,45.080399999999955,0.37,0.47
env_cascade_broken,REINFORCE:seed13,REINFORCE,1169,60.8912,0.48,0.52
env_cascade_broken,REINFORCE:seed13,REINFORCE,1170,26.796799999999948,0.51,0.46
env_cascade_broken,REINFORCE:seed13,REINFORCE,1171,56.286199999999994,0.54,0.42
env_cascade_broken,REINFORCE:seed13,REINFORCE,1172,51.68319999999997,0.46,0.51
env_cascade_broken,REINFORCE:seed13,REINFORCE,1173,29.906000000000006,0.54,0.4
env_cascade_broken,REINFORCE:seed13,REINFORCE,1174,51.579800000000006,0.5,0.43
env_cascade_broken,REINFORCE:seed13,REINFORCE,1175,11.84220000000002,0.44,0.47
env_cascade_broken,REINFORCE:seed13,REINFORCE,1176,29.998999999999953,0.6,0.38
env_cascade_broken,REINFORCE:seed13,REINFORCE,1177,20.174200000000027,0.57,0.37
env_cascade_broken,REINFORCE:seed13,REINFORCE,1178,15.617400000000004,0.56,0.38
env_cascade_broken,REINFORCE:seed13,REINFORCE,1179,-0.9938000000000073,0.59,0.41
env_cascade_broken,REINFORCE:seed13,REINFORCE,1180,72.30179999999999,0.39,0.5
env_cascade_broken,REINFORCE:seed13,REINFORCE,1181,35.61519999999999,0.51,0.44
env_cascade_broken,REINFORCE:seed13,REINFORCE,1182,20.961799999999997,0.54,0.42
env_cascade_broken,REINFORCE:seed13,REINFORCE,1183,29.497799999999955,0.52,0.42
env_cascade_broken,REINFORCE:seed13,REINFORCE,1184,-32.49659999999996,0.58,0.33
env_cascade_broken,REINFORCE:seed13,REINFORCE,1185,29.825800000000015,0.53,0.42
env_cascade_broken,REINFORCE:seed13,REINFORCE,1186,16.571400000000082,0.52,0.44
env_cascade_broken,REINFORCE:seed13,REINFORCE,1187,31.377399999999994,0.54,0.4
env_cascade_broken,REINFORCE:seed13,REINFORCE,1188,48.081199999999995,0.42,0.48
env_cascade_broken,REINFORCE:seed13,REINFORCE,1189,-0.14419999999999789,0.6,0.34
env_cascade_broken,REINFORCE:seed13,REINFORCE,1190,-4.813400000000009,0.62,0.37
env_cascade_broken,REINFORCE:seed13,REINFORCE,1191,3.5091999999999217,0.5,0.42
env_cascade_broken,REINFORCE:seed13,REINFORCE,1192,9.573200000000014,0.5,0.41
env_cascade_broken,REINFORCE:seed13,REINFORCE,1193,2.716799999999992,0.47,0.49
env_cascade_broken,REINFORCE:seed13,REINFORCE,1194,9.342800000000011,0.55,0.39
env_cascade_broken,REINFORCE:seed13,REINFORCE,1195,50.78840000000004,0.42,0.47
env_cascade_broken,REINFORCE:seed13,REINFORCE,1196,53.07520000000001,0.53,0.44
env_cascade_broken,REINFORCE:seed13,REINFORCE,1197,26.2324,0.5,0.46
env_cascade_broken,REINFORCE:seed13,REINFORCE,1198,3.785599999999988,0.5,0.45
env_cascade_broken,REINFORCE:seed13,REINFORCE,1199,38.44279999999996,0.47,0.46
env_cascade_broken,REINFORCE:seed13,REINFORCE,1200,17.31880000000004,0.54,0.38
env_cascade_broken,REINFORCE:seed13,REINFORCE,1201,58.806599999999975,0.38,0.53
env_cascade_broken,REINFORCE:seed13,REINFORCE,1202,36.967999999999975,0.55,0.39
env_cascade_broken,REINFORCE:seed13,REINFORCE,1203,33.525000000000006,0.5,0.43
env_cascade_broken,REINFORCE:seed13,REINFORCE,1204,-15.180199999999957,0.55,0.41
env_cascade_broken,REINFORCE:seed13,REINFORCE,1205,17.16119999999998,0.51,0.44
env_cascade_broken,REINFORCE:seed13,REINFORCE,1206,-10.260400000000004,0.57,0.41
env_cascade_broken,REINFORCE:seed13,REINFORCE,1207,63.44179999999996,0.38,0.51
env_cascade_broken,REINFORCE:seed13,REINFORCE,1208,19.056600000000017,0.55,0.41
env_cascade_broken,REINFORCE:seed13,REINFORCE,1209,-3.2077999999999918,0.55,0.41
env_cascade_broken,REINFORCE:seed13,REINFORCE,1210,30.533200000000022,0.57,0.43
env_cascade_broken,REINFORCE:seed13,REINFORCE,1211,34.980999999999966,0.46,0.44
env_cascade_broken,REINFORCE:seed13,REINFORCE,1212,47.9992,0.48,0.45
env_cascade_broken,REINFORCE:seed13,REINFORCE,1213,13.645800000000023,0.59,0.4
env_cascade_broken,REINFORCE:seed13,REINFORCE,1214,1.853800000000021,0.4,0.46
env_cascade_broken,REINFORCE:seed13,REINFORCE,1215,21.213599999999985,0.53,0.41
env_cascade_broken,REINFORCE:seed13,REINFORCE,1216,27.499399999999994,0.48,0.5
env_cascade_broken,REINFORCE:seed13,REINFORCE,1217,40.148400000000024,0.51,0.44
env_cascade_broken,REINFORCE:seed13,REINFORCE,1218,70.69519999999996,0.43,0.47
env_cascade_broken,REINFORCE:seed13,REINFORCE,1219,15.121799999999979,0.54,0.41
env_cascade_broken,REINFORCE:seed13,REINFORCE,1220,56.34620000000001,0.52,0.42
env_cascade_broken,REINFORCE:seed13,REINFORCE,1221,-3.976799999999983,0.46,0.43
env_cascade_broken,REINFORCE:seed13,REINFORCE,1222,12.382200000000026,0.49,0.39
env_cascade_broken,REINFORCE:seed13,REINFORCE,1223,-4.385000000000048,0.55,0.39
env_cascade_broken,REINFORCE:seed13,REINFORCE,1224,32.39920000000002,0.5,0.46
env_cascade_broken,REINFORCE:seed13,REINFORCE,1225,-18.013200000000026,0.58,0.38
env_cascade_broken,REINFORCE:seed13,REINFORCE,1226,-2.677599999999991,0.61,0.29
env_cascade_broken,REINFORCE:seed13,REINFORCE,1227,51.17060000000001,0.48,0.44
env_cascade_broken,REINFORCE:seed13,REINFORCE,1228,40.05739999999999,0.52,0.4
env_cascade_broken,REINFORCE:seed13,REINFORCE,1229,66.62300000000003,0.38,0.55
env_cascade_broken,REINFORCE:seed13,REINFORCE,1230,10.91379999999998,0.48,0.43
env_cascade_broken,REINFORCE:seed13,REINFORCE,1231,37.18759999999999,0.46,0.5
env_cascade_broken,REINFORCE:seed13,REINFORCE,1232,11.568600000000004,0.57,0.39
env_cascade_broken,REINFORCE:seed13,REINFORCE,1233,20.62540000000007,0.5,0.45
env_cascade_broken,REINFORCE:seed13,REINFORCE,1234,4.120599999999939,0.59,0.37
env_cascade_broken,REINFORCE:seed13,REINFORCE,1235,46.90519999999998,0.51,0.4
env_cascade_broken,REINFORCE:seed13,REINFORCE,1236,14.176199999999966,0.46,0.45
env_cascade_broken,REINFORCE:seed13,REINFORCE,1237,42.39519999999999,0.53,0.45
env_cascade_broken,REINFORCE:seed13,REINFORCE,1238,5.92880000000001,0.5,0.38
env_cascade_broken,REINFORCE:seed13,REINFORCE,1239,11.919600000000031,0.55,0.44
env_cascade_broken,REINFORCE:seed13,REINFORCE,1240,63.43960000000001,0.5,0.49
env_cascade_broken,REINFORCE:seed13,REINFORCE,1241,11.266399999999976,0.5,0.45
env_cascade_broken,REINFORCE:seed13,REINFORCE,1242,54.74200000000005,0.39,0.52
env_cascade_broken,REINFORCE:seed13,REINFORCE,1243,-5.15059999999994,0.5,0.46
env_cascade_broken,REINFORCE:seed13,REINFORCE,1244,-1.389999999999958,0.5,0.44
env_cascade_broken,REINFORCE:seed13,REINFORCE,1245,-9.31800000000004,0.66,0.34
env_cascade_broken,REINFORCE:seed13,REINFORCE,1246,25.597199999999987,0.56,0.41
env_cascade_broken,REINFORCE:seed13,REINFORCE,1247,34.046600000000026,0.47,0.47
env_cascade_broken,REINFORCE:seed13,REINFORCE,1248,32.2576,0.54,0.42
env_cascade_broken,REINFORCE:seed13,REINFORCE,1249,61.6858,0.48,0.43
env_cascade_broken,REINFORCE:seed7,REINFORCE,1000,28.676199999999938,0.47,0.43
env_cascade_broken,REINFORCE:seed7,REINFORCE,1001,27.653199999999984,0.4,0.43
env_cascade_broken,REINFORCE:seed7,REINFORCE,1002,53.82379999999998,0.43,0.49
env_cascade_broken,REINFORCE:seed7,REINFORCE,1003,-26.94700000000003,0.52,0.39
env_cascade_broken,REINFORCE:seed7,REINFORCE,1004,26.95300000000003,0.52,0.39
env_cascade_broken,REINFORCE:seed7,REINFORCE,1005,-9.465199999999996,0.62,0.37
env_cascade_broken,REINFORCE:seed7,REINFORCE,1006,-5.519800000000004,0.53,0.4
env_cascade_broken,REINFORCE:seed7,REINFORCE,1007,27.464400000000012,0.5,0.46
env_cascade_broken,REINFORCE:seed7,REINFORCE,1008,18.75439999999996,0.55,0.38
env_cascade_broken,REINFORCE:seed7,REINFORCE,1009,4.617400000000025,0.55,0.36
env_cascade_broken,REINFORCE:seed7,REINFORCE,1010,6.3745999999999015,0.53,0.47
env_cascade_broken,REINFORCE:seed7,REINFORCE,1011,2.57680000000002,0.61,0.33
env_cascade_broken,REINFORCE:seed7,REINFORCE,1012,18.600199999999973,0.48,0.41
env_cascade_broken,REINFORCE:seed7,REINFORCE,1013,48.914800000000014,0.46,0.45
env_cascade_broken,REINFORCE:seed7,REINFORCE,1014,17.345799999999954,0.52,0.44
env_cascade_broken,REINFORCE:seed7,REINFORCE,1015,-3.178200000000004,0.56,0.41
env_cascade_broken,REINFORCE:seed7,REINFORCE,1016,-10.57080000000002,0.53,0.44
env_cascade_broken,REINFORCE:seed7,REINFORCE,1017,74.93440000000001,0.48,0.49
env_cascade_broken,REINFORCE:seed7,REINFORCE,1018,38.90360000000007,0.47,0.47
env_cascade_broken,REINFORCE:seed7,REINFORCE,1019,-27.33240000000002,0.61,0.36
env_cascade_broken,REINFORCE:seed7,REINFORCE,1020,-3.990399999999994,0.57,0.37
env_cascade_broken,REINFORCE:seed7,REINFORCE,1021,-17.975000000000023,0.61,0.37
env_cascade_broken,REINFORCE:seed7,REINFORCE,1022,80.61359999999996,0.39,0.5
env_cascade_broken,REINFORCE:seed7,REINFORCE,1023,49.83359999999999,0.55,0.42
env_cascade_broken,REINFORCE:seed7,REINFORCE,1024,-11.156199999999984,0.54,0.43
env_cascade_broken,REINFORCE:seed7,REINFORCE,1025,6.312799999999996,0.54,0.38
env_cascade_broken,REINFORCE:seed7,REINFORCE,1026,3.512999999999977,0.58,0.39
env_cascade_broken,REINFORCE:seed7,REINFORCE,1027,27.06999999999998,0.48,0.44
env_cascade_broken,REINFORCE:seed7,REINFORCE,1028,63.08240000000001,0.48,0.46
env_cascade_broken,REINFORCE:seed7,REINFORCE,1029,22.36340000000004,0.43,0.47
env_cascade_broken,REINFORCE:seed7,REINFORCE,1030,4.720000000000013,0.43,0.48
env_cascade_broken,REINFORCE:seed7,REINFORCE,1031,12.365200000000002,0.56,0.38
env_cascade_broken,REINFORCE:seed7,REINFORCE,1032,23.76459999999996,0.51,0.43
env_cascade_broken,REINFORCE:seed7,REINFORCE,1033,4.034399999999991,0.48,0.43
env_cascade_broken,REINFORCE:seed7,REINFORCE,1034,22.90639999999999,0.49,0.45
env_cascade_broken,REINFORCE:seed7,REINFORCE,1035,20.255600000000015,0.51,0.42
env_cascade_broken,REINFORCE:seed7,REINFORCE,1036,56.07279999999997,0.46,0.46
env_cascade_broken,REINFORCE:seed7,REINFORCE,1037,-16.709999999999994,0.62,0.33
env_cascade_broken,REINFORCE:seed7,REINFORCE,1038,-44.69639999999998,0.62,0.36
env_cascade_broken,REINFORCE:seed7,REINFORCE,1039,52.22139999999999,0.49,0.43
env_cascade_broken,REINFORCE:seed7,REINFORCE,1040,13.041999999999959,0.57,0.33
env_cascade_broken,REINFORCE:seed7,REINFORCE,1041,1.4425999999999561,0.53,0.44
env_cascade_broken,REINFORCE:seed7,REINFORCE,1042,45.58939999999997,0.48,0.43
env_cascade_broken,REINFORCE:seed7,REINFORCE,1043,29.9298,0.49,0.45
env_cascade_broken,REINFORCE:seed7,REINFORCE,1044,10.263399999999905,0.54,0.4
env_cascade_broken,REINFORCE:seed7,REINFORCE,1045,34.22359999999995,0.46,0.47
env_cascade_broken,REINFORCE:seed7,REINFORCE,1046,43.40880000000004,0.53,0.45
env_cascade_broken,REINFORCE:seed7,REINFORCE,1047,43.41420000000001,0.53,0.41
env_cascade_broken,REINFORCE:seed7,REINFORCE,1048,17.170799999999986,0.51,0.41
env_cascade_broken,REINFORCE:seed7,REINFORCE,1049,44.98060000000004,0.52,0.45
env_cascade_broken,REINFORCE:seed7,REINFORCE,1050,79.906,0.46,0.48
env_cascade_broken,REINFORCE:seed7,REINFORCE,1051,61.14240000000002,0.44,0.47
env_cascade_broken,REINFORCE:seed7,REINFORCE,1052,-45.04499999999996,0.6,0.34
env_cascade_broken,REINFORCE:seed7,REINFORCE,1053,-27.032600000000045,0.56,0.42
env_cascade_broken,REINFORCE:seed7,REINFORCE,1054,54.08080000000001,0.49,0.45
env_cascade_broken,REINFORCE:seed7,REINFORCE,1055,29.531200000000013,0.46,0.43
env_cascade_broken,REINFORCE:seed7,REINFORCE,1056,31.05400000000003,0.55,0.42
env_cascade_broken,REINFORCE:seed7,REINFORCE,1057,36.397399999999976,0.53,0.43
env_cascade_broken,REINFORCE:seed7,REINFORCE,1058,32.80200000000001,0.47,0.47
env_cascade_broken,REINFORCE:seed7,REINFORCE,1059,9.315399999999968,0.48,0.45
env_cascade_broken,REINFORCE:seed7,REINFORCE,1060,77.4946,0.44,0.48
env_cascade_broken,REINFORCE:seed7,REINFORCE,1061,37.459599999999995,0.45,0.47
env_cascade_broken,REINFORCE:seed7,REINFORCE,1062,53.41660000000002,0.52,0.45
env_cascade_broken,REINFORCE:seed7,REINFORCE,1063,30.289000000000016,0.56,0.37
env_cascade_broken,REINFORCE:seed7,REINFORCE,1064,32.65780000000001,0.49,0.45
env_cascade_broken,REINFORCE:seed7,REINFORCE,1065,58.2568,0.45,0.49
env_cascade_broken,REINFORCE:seed7,REINFORCE,1066,36.39319999999995,0.52,0.4
env_cascade_broken,REINFORCE:seed7,REINFORCE,1067,-10.489799999999946,0.55,0.39
env_cascade_broken,REINFORCE:seed7,REINFORCE,1068,12.145199999999988,0.53,0.38
env_cascade_broken,REINFORCE:seed7,REINFORCE,1069,41.04299999999998,0.52,0.43
env_cascade_broken,REINFORCE:seed7,REINFORCE,1070,19.361599999999996,0.56,0.44
env_cascade_broken,REINFORCE:seed7,REINFORCE,1071,59.8322,0.48,0.45
env_cascade_broken,REINFORCE:seed7,REINFORCE,1072,-22.763199999999898,0.44,0.43
env_cascade_broken,REINFORCE:seed7,REINFORCE,1073,42.08840000000001,0.48,0.44
env_cascade_broken,REINFORCE:seed7,REINFORCE,1074,29.831200000000024,0.36,0.49
env_cascade_broken,REINFORCE:seed7,REINFORCE,1075,14.410999999999945,0.58,0.41
env_cascade_broken,REINFORCE:seed7,REINFORCE,1076,25.603400000000022,0.55,0.38
env_cascade_broken,REINFORCE:seed7,REINFORCE,1077,-0.22119999999996054,0.6,0.37
env_cascade_broken,REINFORCE:seed7,REINFORCE,1078,52.7474,0.47,0.42
env_cascade_broken,REINFORCE:seed7,REINFORCE,1079,10.925600000000017,0.52,0.38
env_cascade_broken,REINFORCE:seed7,REINFORCE,1080,54.8982,0.43,0.47
env_cascade_broken,REINFORCE:seed7,REINFORCE,1081,25.201399999999992,0.52,0.46
env_cascade_broken,REINFORCE:seed7,REINFORCE,1082,17.658999999999992,0.53,0.41
env_cascade_broken,REINFORCE:seed7,REINFORCE,1083,-2.025800000000004,0.49,0.45
env_cascade_broken,REINFORCE:seed7,REINFORCE,1084,26.92619999999998,0.47,0.46
env_cascade_broken,REINFORCE:seed7,REINFORCE,1085,7.601200000000034,0.56,0.37
env_cascade_broken,REINFORCE:seed7,REINFORCE,1086,24.58,0.53,0.41
env_cascade_broken,REINFORCE:seed7,REINFORCE,1087,5.762199999999993,0.52,0.39
env_cascade_broken,REINFORCE:seed7,REINFORCE,1088,16.345200000000006,0.53,0.39
env_cascade_broken,REINFORCE:seed7,REINFORCE,1089,-1.1351999999999833,0.56,0.39
env_cascade_broken,REINFORCE:seed7,REINFORCE,1090,-12.352200000000053,0.55,0.4
env_cascade_broken,REINFORCE:seed7,REINFORCE,1091,15.585200000000015,0.55,0.39
env_cascade_broken,REINFORCE:seed7,REINFORCE,1092,69.82840000000002,0.5,0.44
env_cascade_broken,REINFORCE:seed7,REINFORCE,1093,24.846400000000003,0.55,0.39
env_cascade_broken,REINFORCE:seed7,REINFORCE,1094,-13.728799999999922,0.58,0.42
env_cascade_broken,REINFORCE:seed7,REINFORCE,1095,8.17919999999998,0.46,0.41
env_cascade_broken,REINFORCE:seed7,REINFORCE,1096,85.34960000000001,0.43,0.51
env_cascade_broken,REINFORCE:seed7,REINFORCE,1097,34.7714,0.51,0.42
env_cascade_broken,REINFORCE:seed7,REINFORCE,1098,37.1326,0.47,0.42
env_cascade_broken,REINFORCE:seed7,REINFORCE,1099,66.76640000000002,0.39,0.48
env_cascade_broken,REINFORCE:seed7,REINFORCE,1100,16.638799999999975,0.51,0.43
env_cascade_broken,REINFORCE:seed7,REINFORCE,1101,49.84540000000001,0.47,0.46
env_cascade_broken,REINFORCE:seed7,REINFORCE,1102,19.496399999999994,0.53,0.37
env_cascade_broken,REINFORCE:seed7,REINFORCE,1103,40.65899999999996,0.53,0.43
env_cascade_broken,REINFORCE:seed7,REINFORCE,1104,62.809400000000025,0.47,0.48
env_cascade_broken,REINFORCE:seed7,REINFORCE,1105,1.1176000000000528,0.5,0.47
env_cascade_broken,REINFORCE:seed7,REINFORCE,1106,14.88679999999998,0.55,0.45
env_cascade_broken,REINFORCE:seed7,REINFORCE,1107,49.01279999999997,0.52,0.44
env_cascade_broken,REINFORCE:seed7,REINFORCE,1108,-8.789999999999992,0.58,0.33
env_cascade_broken,REINFORCE:seed7,REINFORCE,1109,26.88000000000001,0.51,0.4
env_cascade_broken,REINFORCE:seed7,REINFORCE,1110,20.25320000000002,0.47,0.45
env_cascade_broken,REINFORCE:seed7,REINFORCE,1111,31.853399999999965,0.5,0.39
env_cascade_broken,REINFORCE:seed7,REINFORCE,1112,21.079800000000034,0.55,0.38
env_cascade_broken,REINFORCE:seed7,REINFORCE,1113,-1.4738000000000113,0.53,0.42
env_cascade_broken,REINFORCE:seed7,REINFORCE,1114,56.87399999999997,0.45,0.46
env_cascade_broken,REINFORCE:seed7,REINFORCE,1115,68.97280000000005,0.46,0.45
env_cascade_broken,REINFORCE:seed7,REINFORCE,1116,67.02779999999998,0.45,0.46
env_cascade_broken,REINFORCE:seed7,REINFORCE,1117,2.6394000000000233,0.45,0.46
env_cascade_broken,REINFORCE:seed7,REINFORCE,1118,32.68080000000006,0.51,0.44
env_cascade_broken,REINFORCE:seed7,REINFORCE,1119,28.817199999999985,0.58,0.4
env_cascade_broken,REINFORCE:seed7,REINFORCE,1120,0.664999999999992,0.58,0.37
env_cascade_broken,REINFORCE:seed7,REINFORCE,1121,48.188800000000015,0.55,0.45
env_cascade_broken,REINFORCE:seed7,REINFORCE,1122,15.579799999999977,0.47,0.42
env_cascade_broken,REINFORCE:seed7,REINFORCE,1123,36.141200000000026,0.5,0.42
env_cascade_broken,REINFORCE:seed7,REINFORCE,1124,65.72659999999999,0.43,0.47
env_cascade_broken,REINFORCE:seed7,REINFORCE,1125,36.27540000000002,0.48,0.47
env_cascade_broken,REINFORCE:seed7,REINFORCE,1126,4.74560000000001,0.54,0.38
env_cascade_broken,REINFORCE:seed7,REINFORCE,1127,-16.519400000000005,0.54,0.39
env_cascade_broken,REINFORCE:seed7,REINFORCE,1128,22.673799999999986,0.5,0.44
env_cascade_broken,REINFORCE:seed7,REINFORCE,1129,12.995200000000011,0.58,0.42
env_cascade_broken,REINFORCE:seed7,REINFORCE,1130,-14.294800000000038,0.6,0.36
env_cascade_broken,REINFORCE:seed7,REINFORCE,1131,58.4632,0.5,0.46
env_cascade_broken,REINFORCE:seed7,REINFORCE,1132,25.90059999999997,0.48,0.42
env_cascade_broken,REINFORCE:seed7,REINFORCE,1133,3.022999999999975,0.6,0.37
env_cascade_broken,REINFORCE:seed7,REINFORCE,1134,42.96000000000001,0.58,0.4
env_cascade_broken,REINFORCE:seed7,REINFORCE,1135,8.37120000000003,0.59,0.36
env_cascade_broken,REINFORCE:seed7,REINFORCE,1136,41.89999999999998,0.51,0.46
env_cascade_broken,REINFORCE:seed7,REINFORCE,1137,56.41239999999999,0.54,0.44
env_cascade_broken,REINFORCE:seed7,REINFORCE,1138,20.856799999999936,0.48,0.41
env_cascade_broken,REINFORCE:seed7,REINFORCE,1139,-8.778000000000006,0.54,0.4
env_cascade_broken,REINFORCE:seed7,REINFORCE,1140,21.74540000000006,0.42,0.5
env_cascade_broken,REINFORCE:seed7,REINFORCE,1141,30.640799999999984,0.54,0.38
env_cascade_broken,REINFORCE:seed7,REINFORCE,1142,63.28319999999995,0.4,0.5
env_cascade_broken,REINFORCE:seed7,REINFORCE,1143,-16.497600000000006,0.58,0.37
env_cascade_broken,REINFORCE:seed7,REINFORCE,1144,6.113800000000012,0.48,0.43
env_cascade_broken,REINFORCE:seed7,REINFORCE,1145,33.18700000000001,0.5,0.45
env_cascade_broken,REINFORCE:seed7,REINFORCE,1146,5.065999999999953,0.54,0.4
env_cascade_broken,REINFORCE:seed7,REINFORCE,1147,38.572800000000015,0.59,0.41
env_cascade_broken,REINFORCE:seed7,REINFORCE,1148,55.20020000000004,0.5,0.43
env_cascade_broken,REINFORCE:seed7,REINFORCE,1149,16.358600000000038,0.49,0.46
env_cascade_broken,REINFORCE:seed7,REINFORCE,1150,0.567799999999977,0.49,0.45
env_cascade_broken,REINFORCE:seed7,REINFORCE,1151,3.5001999999999214,0.55,0.43
env_cascade_broken,REINFORCE:seed7,REINFORCE,1152,55.673400000000015,0.44,0.47
env_cascade_broken,REINFORCE:seed7,REINFORCE,1153,74.2028,0.51,0.46
env_cascade_broken,REINFORCE:seed7,REINFORCE,1154,29.988000000000056,0.43,0.5
env_cascade_broken,REINFORCE:seed7,REINFORCE,1155,63.09199999999997,0.54,0.42
env_cascade_broken,REINFORCE:seed7,REINFORCE,1156,23.49380000000002,0.47,0.43
env_cascade_broken,REINFORCE:seed7,REINFORCE,1157,30.03959999999995,0.46,0.45
env_cascade_broken,REINFORCE:seed7,REINFORCE,1158,20.325000000000003,0.46,0.44
env_cascade_broken,REINFORCE:seed7,REINFORCE,1159,29.70000000000003,0.56,0.38
env_cascade_broken,REINFORCE:seed7,REINFORCE,1160,16.826999999999984,0.54,0.39
env_cascade_broken,REINFORCE:seed7,REINFORCE,1161,0.11400000000000432,0.54,0.45
env_cascade_broken,REINFORCE:seed7,REINFORCE,1162,-4.990800000000007,0.45,0.47
env_cascade_broken,REINFORCE:seed7,REINFORCE,1163,51.70960000000001,0.46,0.47
env_cascade_broken,REINFORCE:seed7,REINFORCE,1164,39.970600000000005,0.47,0.48
env_cascade_broken,REINFORCE:seed7,REINFORCE,1165,22.006799999999984,0.54,0.41
env_cascade_broken,REINFORCE:seed7,REINFORCE,1166,63.8828,0.49,0.43
env_cascade_broken,REINFORCE:seed7,REINFORCE,1167,54.06079999999997,0.53,0.42
env_cascade_broken,REINFORCE:seed7,REINFORCE,1168,45.080399999999955,0.37,0.47
env_cascade_broken,REINFORCE:seed7,REINFORCE,1169,60.8912,0.48,0.52
env_cascade_broken,REINFORCE:seed7,REINFORCE,1170,26.796799999999948,0.51,0.46
env_cascade_broken,REINFORCE:seed7,REINFORCE,1171,56.286199999999994,0.54,0.42
env_cascade_broken,REINFORCE:seed7,REINFORCE,1172,51.68319999999997,0.46,0.51
env_cascade_broken,REINFORCE:seed7,REINFORCE,1173,29.906000000000006,0.54,0.4
env_cascade_broken,REINFORCE:seed7,REINFORCE,1174,51.579800000000006,0.5,0.43
env_cascade_broken,REINFORCE:seed7,REINFORCE,1175,11.84220000000002,0.44,0.47
env_cascade_broken,REINFORCE:seed7,REINFORCE,1176,29.998999999999953,0.6,0.38
env_cascade_broken,REINFORCE:seed7,REINFORCE,1177,20.174200000000027,0.57,0.37
env_cascade_broken,REINFORCE:seed7,REINFORCE,1178,15.617400000000004,0.56,0.38
env_cascade_broken,REINFORCE:seed7,REINFORCE,1179,-0.9938000000000073,0.59,0.41
env_cascade_broken,REINFORCE:seed7,REINFORCE,1180,72.30179999999999,0.39,0.5
env_cascade_broken,REINFORCE:seed7,REINFORCE,1181,35.61519999999999,0.51,0.44
env_cascade_broken,REINFORCE:seed7,REINFORCE,1182,20.961799999999997,0.54,0.42
env_cascade_broken,REINFORCE:seed7,REINFORCE,1183,29.497799999999955,0.52,0.42
env_cascade_broken,REINFORCE:seed7,REINFORCE,1184,-32.49659999999996,0.58,0.33
env_cascade_broken,REINFORCE:seed7,REINFORCE,1185,29.825800000000015,0.53,0.42
env_cascade_broken,REINFORCE:seed7,REINFORCE,1186,16.571400000000082,0.52,0.44
env_cascade_broken,REINFORCE:seed7,REINFORCE,1187,31.377399999999994,0.54,0.4
env_cascade_broken,REINFORCE:seed7,REINFORCE,1188,48.081199999999995,0.42,0.48
env_cascade_broken,REINFORCE:seed7,REINFORCE,1189,-0.14419999999999789,0.6,0.34
env_cascade_broken,REINFORCE:seed7,REINFORCE,1190,-4.813400000000009,0.62,0.37
env_cascade_broken,REINFORCE:seed7,REINFORCE,1191,3.5091999999999217,0.5,0.42
env_cascade_broken,REINFORCE:seed7,REINFORCE,1192,9.573200000000014,0.5,0.41
env_cascade_broken,REINFORCE:seed7,REINFORCE,1193,2.716799999999992,0.47,0.49
env_cascade_broken,REINFORCE:seed7,REINFORCE,1194,9.342800000000011,0.55,0.39
env_cascade_broken,REINFORCE:seed7,REINFORCE,1195,50.78840000000004,0.42,0.47
env_cascade_broken,REINFORCE:seed7,REINFORCE,1196,53.07520000000001,0.53,0.44
env_cascade_broken,REINFORCE:seed7,REINFORCE,1197,26.2324,0.5,0.46
env_cascade_broken,REINFORCE:seed7,REINFORCE,1198,3.785599999999988,0.5,0.45
env_cascade_broken,REINFORCE:seed7,REINFORCE,1199,38.44279999999996,0.47,0.46
env_cascade_broken,REINFORCE:seed7,REINFORCE,1200,17.31880000000004,0.54,0.38
env_cascade_broken,REINFORCE:seed7,REINFORCE,1201,58.806599999999975,0.38,0.53
env_cascade_broken,REINFORCE:seed7,REINFORCE,1202,36.967999999999975,0.55,0.39
env_cascade_broken,REINFORCE:seed7,REINFORCE,1203,33.525000000000006,0.5,0.43
env_cascade_broken,REINFORCE:seed7,REINFORCE,1204,-15.180199999999957,0.55,0.41
env_cascade_broken,REINFORCE:seed7,REINFORCE,1205,17.16119999999998,0.51,0.44
env_cascade_broken,REINFORCE:seed7,REINFORCE,1206,-10.260400000000004,0.57,0.41
env_cascade_broken,REINFORCE:seed7,REINFORCE,1207,63.44179999999996,0.38,0.51
env_cascade_broken,REINFORCE:seed7,REINFORCE,1208,19.056600000000017,0.55,0.41
env_cascade_broken,REINFORCE:seed7,REINFORCE,1209,-3.2077999999999918,0.55,0.41
env_cascade_broken,REINFORCE:seed7,REINFORCE,1210,30.533200000000022,0.57,0.43
env_cascade_broken,REINFORCE:seed7,REINFORCE,1211,34.980999999999966,0.46,0.44
env_cascade_broken,REINFORCE:seed7,REINFORCE,1212,47.9992,0.48,0.45
env_cascade_broken,REINFORCE:seed7,REINFORCE,1213,13.645800000000023,0.59,0.4
env_cascade_broken,REINFORCE:seed7,REINFORCE,1214,1.853800000000021,0.4,0.46
env_cascade_broken,REINFORCE:seed7,REINFORCE,1215,21.213599999999985,0.53,0.41
env_cascade_broken,REINFORCE:seed7,REINFORCE,1216,27.499399999999994,0.48,0.5
env_cascade_broken,REINFORCE:seed7,REINFORCE,1217,40.148400000000024,0.51,0.44
env_cascade_broken,REINFORCE:seed7,REINFORCE,1218,70.69519999999996,0.43,0.47
env_cascade_broken,REINFORCE:seed7,REINFORCE,1219,15.121799999999979,0.54,0.41
env_cascade_broken,REINFORCE:seed7,REINFORCE,1220,56.34620000000001,0.52,0.42
env_cascade_broken,REINFORCE:seed7,REINFORCE,1221,-3.976799999999983,0.46,0.43
env_cascade_broken,REINFORCE:seed7,REINFORCE,1222,12.382200000000026,0.49,0.39
env_cascade_broken,REINFORCE:seed7,REINFORCE,1223,-4.385000000000048,0.55,0.39
env_cascade_broken,REINFORCE:seed7,REINFORCE,1224,32.39920000000002,0.5,0.46
env_cascade_broken,REINFORCE:seed7,REINFORCE,1225,-18.013200000000026,0.58,0.38
env_cascade_broken,REINFORCE:seed7,REINFORCE,1226,-2.677599999999991,0.61,0.29
env_cascade_broken,REINFORCE:seed7,REINFORCE,1227,51.17060000000001,0.48,0.44
env_cascade_broken,REINFORCE:seed7,REINFORCE,1228,40.05739999999999,0.52,0.4
env_cascade_broken,REINFORCE:seed7,REINFORCE,1229,66.62300000000003,0.38,0.55
env_cascade_broken,REINFORCE:seed7,REINFORCE,1230,10.91379999999998,0.48,0.43
env_cascade_broken,REINFORCE:seed7,REINFORCE,1231,37.18759999999999,0.46,0.5
env_cascade_broken,REINFORCE:seed7,REINFORCE,1232,11.568600000000004,0.57,0.39
env_cascade_broken,REINFORCE:seed7,REINFORCE,1233,20.62540000000007,0.5,0.45
env_cascade_broken,REINFORCE:seed7,REINFORCE,1234,4.120599999999939,0.59,0.37
env_cascade_broken,REINFORCE:seed7,REINFORCE,1235,46.90519999999998,0.51,0.4
env_cascade_broken,REINFORCE:seed7,REINFORCE,1236,14.176199999999966,0.46,0.45
env_cascade_broken,REINFORCE:seed7,REINFORCE,1237,42.39519999999999,0.53,0.45
env_cascade_broken,REINFORCE:seed7,REINFORCE,1238,5.92880000000001,0.5,0.38
env_cascade_broken,REINFORCE:seed7,REINFORCE,1239,11.919600000000031,0.55,0.44
env_cascade_broken,REINFORCE:seed7,REINFORCE,1240,63.43960000000001,0.5,0.49
env_cascade_broken,REINFORCE:seed7,REINFORCE,1241,11.266399999999976,0.5,0.45
env_cascade_broken,REINFORCE:seed7,REINFORCE,1242,54.74200000000005,0.39,0.52
env_cascade_broken,REINFORCE:seed7,REINFORCE,1243,-5.15059999999994,0.5,0.46
env_cascade_broken,REINFORCE:seed7,REINFORCE,1244,-1.389999999999958,0.5,0.44
env_cascade_broken,REINFORCE:seed7,REINFORCE,1245,-9.31800000000004,0.66,0.34
env_cascade_broken,REINFORCE:seed7,REINFORCE,1246,25.597199999999987,0.56,0.41
env_cascade_broken,REINFORCE:seed7,REINFORCE,1247,34.046600000000026,0.47,0.47
env_cascade_broken,REINFORCE:seed7,REINFORCE,1248,32.2576,0.54,0.42
env_cascade_broken,REINFORCE:seed7,REINFORCE,1249,61.6858,0.48,0.43
env_cascade_broken,PPO:seed11,PPO,1000,116.06019999999998,0.23,0.53
env_cascade_broken,PPO:seed11,PPO,1001,93.60740000000004,0.12,0.59
env_cascade_broken,PPO:seed11,PPO,1002,76.6728,0.18,0.54
env_cascade_broken,PPO:seed11,PPO,1003,93.22820000000004,0.09,0.6
env_cascade_broken,PPO:seed11,PPO,1004,80.08179999999994,0.15,0.62
env_cascade_broken,PPO:seed11,PPO,1005,124.96440000000001,0.18,0.55
env_cascade_broken,PPO:seed11,PPO,1006,112.49479999999997,0.09,0.64
env_cascade_broken,PPO:seed11,PPO,1007,130.52680000000007,0.09,0.7
env_cascade_broken,PPO:seed11,PPO,1008,90.37140000000001,0.11,0.64
env_cascade_broken,PPO:seed11,PPO,1009,107.44880000000002,0.15,0.59
env_cascade_broken,PPO:seed11,PPO,1010,111.82480000000001,0.22,0.53
env_cascade_broken,PPO:seed11,PPO,1011,124.86479999999997,0.19,0.62
env_cascade_broken,PPO:seed11,PPO,1012,136.3506,0.17,0.59
env_cascade_broken,PPO:seed11,PPO,1013,141.50639999999999,0.22,0.58
env_cascade_broken,PPO:seed11,PPO,1014,119.04279999999997,0.15,0.63
env_cascade_broken,PPO:seed11,PPO,1015,106.44080000000001,0.17,0.56
env_cascade_broken,PPO:seed11,PPO,1016,72.77199999999999,0.11,0.61
env_cascade_broken,PPO:seed11,PPO,1017,117.49519999999993,0.16,0.61
env_cascade_broken,PPO:seed11,PPO,1018,112.47279999999996,0.03,0.7
env_cascade_broken,PPO:seed11,PPO,1019,118.346,0.18,0.57
env_cascade_broken,PPO:seed11,PPO,1020,135.56439999999998,0.11,0.64
env_cascade_broken,PPO:seed11,PPO,1021,116.44040000000001,0.14,0.63
env_cascade_broken,PPO:seed11,PPO,1022,93.85760000000002,0.36,0.51
env_cascade_broken,PPO:seed11,PPO,1023,148.56860000000003,0.13,0.66
env_cascade_broken,PPO:seed11,PPO,1024,102.86559999999999,0.07,0.64
env_cascade_broken,PPO:seed11,PPO,1025,127.49680000000001,0.24,0.56
env_cascade_broken,PPO:seed11,PPO,1026,115.86600000000001,0.2,0.58
env_cascade_broken,PPO:seed11,PPO,1027,111.67000000000002,0.3,0.49
env_cascade_broken,PPO:seed11,PPO,1028,123.5668,0.13,0.64
env_cascade_broken,PPO:seed11,PPO,1029,106.48159999999993,0.07,0.65
env_cascade_broken,PPO:seed11,PPO,1030,92.98020000000005,0.02,0.7
env_cascade_broken,PPO:seed11,PPO,1031,135.18559999999997,0.12,0.62
env_cascade_broken,PPO:seed11,PPO,1032,127.83260000000001,0.15,0.61
env_cascade_broken,PPO:seed11,PPO,1033,113.29159999999999,0.06,0.67
env_cascade_broken,PPO:seed11,PPO,1034,120.76859999999999,0.17,0.57
env_cascade_broken,PPO:seed11,PPO,1035,121.96599999999998,0.13,0.61
env_cascade_broken,PPO:seed11,PPO,1036,146.00060000000002,0.06,0.7
env_cascade_broken,PPO:seed11,PPO,1037,128.94439999999997,0.1,0.66
env_cascade_broken,PPO:seed11,PPO,1038,135.40660000000003,0.17,0.63
env_cascade_broken,PPO:seed11,PPO,1039,97.73419999999999,0.28,0.52
env_cascade_broken,PPO:seed11,PPO,1040,99.6128,0.09,0.63
env_cascade_broken,PPO:seed11,PPO,1041,113.62720000000002,0.17,0.61
env_cascade_broken,PPO:seed11,PPO,1042,109.99479999999994,0.05,0.66
env_cascade_broken,PPO:seed11,PPO,1043,104.73559999999998,0.08,0.67
env_cascade_broken,PPO:seed11,PPO,1044,108.48900000000006,0.16,0.6
env_cascade_broken,PPO:seed11,PPO,1045,144.80120000000002,0.06,0.68
env_cascade_broken,PPO:seed11,PPO,1046,145.498,0.21,0.62
env_cascade_broken,PPO:seed11,PPO,1047,57.932599999999994,0.38,0.4
env_cascade_broken,PPO:seed11,PPO,1048,110.5224,0.05,0.65
env_cascade_broken,PPO:seed11,PPO,1049,111.81419999999996,0.15,0.64
env_cascade_broken,PPO:seed11,PPO,1050,163.3872,0.12,0.65
env_cascade_broken,PPO:seed11,PPO,1051,71.15839999999997,0.22,0.48
env_cascade_broken,PPO:seed11,PPO,1052,129.65619999999987,0.06,0.69
env_cascade_broken,PPO:seed11,PPO,1053,104.87619999999998,0.07,0.62
env_cascade_broken,PPO:seed11,PPO,1054,107.31460000000003,0.12,0.62
env_cascade_broken,PPO:seed11,PPO,1055,109.09779999999998,0.11,0.63
env_cascade_broken,PPO:seed11,PPO,1056,133.51999999999998,0.22,0.62
env_cascade_broken,PPO:seed11,PPO,1057,116.58280000000002,0.2,0.6
env_cascade_broken,PPO:seed11,PPO,1058,122.22920000000005,0.09,0.65
env_cascade_broken,PPO:seed11,PPO,1059,106.35799999999989,0.05,0.66
env_cascade_broken,PPO:seed11,PPO,1060,121.43399999999997,0.21,0.55
env_cascade_broken,PPO:seed11,PPO,1061,132.03500000000003,0.19,0.59
env_cascade_broken,PPO:seed11,PPO,1062,99.2528,0.12,0.66
env_cascade_broken,PPO:seed11,PPO,1063,98.93600000000004,0.21,0.55
env_cascade_broken,PPO:seed11,PPO,1064,117.2072,0.15,0.62
env_cascade_broken,PPO:seed11,PPO,1065,140.4342,0.21,0.6
env_cascade_broken,PPO:seed11,PPO,1066,135.70459999999994,0.05,0.65
env_cascade_broken,PPO:seed11,PPO,1067,110.4958,0.08,0.66
env_cascade_broken,PPO:seed11,PPO,1068,141.3202,0.13,0.66
env_cascade_broken,PPO:seed11,PPO,1069,143.62059999999997,0.1,0.67
env_cascade_broken,PPO:seed11,PPO,1070,123.23559999999992,0.09,0.65
env_cascade_broken,PPO:seed11,PPO,1071,123.52620000000002,0.2,0.55
env_cascade_broken,PPO:seed11,PPO,1072,84.38379999999988,0.05,0.65
env_cascade_broken,PPO:seed11,PPO,1073,118.30860000000001,0.02,0.7
env_cascade_broken,PPO:seed11,PPO,1074,134.7328,0.13,0.61
env_cascade_broken,PPO:seed11,PPO,1075,124.13580000000002,0.18,0.63
env_cascade_broken,PPO:seed11,PPO,1076,149.89680000000004,0.07,0.67
env_cascade_broken,PPO:seed11,PPO,1077,115.00700000000002,0.07,0.66
env_cascade_broken,PPO:seed11,PPO,1078,137.5122,0.21,0.59
env_cascade_broken,PPO:seed11,PPO,1079,88.70620000000001,0.26,0.51
env_cascade_broken,PPO:seed11,PPO,1080,145.1604,0.12,0.62
env_cascade_broken,PPO:seed11,PPO,1081,103.34179999999995,0.1,0.64
env_cascade_broken,PPO:seed11,PPO,1082,108.03619999999998,0.19,0.57
env_cascade_broken,PPO:seed11,PPO,1083,125.10640000000001,0.05,0.69
env_cascade_broken,PPO:seed11,PPO,1084,101.82920000000001,0.19,0.54
env_cascade_broken,PPO:seed11,PPO,1085,110.0864,0.26,0.51
env_cascade_broken,PPO:seed11,PPO,1086,86.54819999999998,0.31,0.46
env_cascade_broken,PPO:seed11,PPO,1087,131.6756,0.21,0.61
env_cascade_broken,PPO:seed11,PPO,1088,55.22239999999999,0.27,0.49
env_cascade_broken,PPO:seed11,PPO,1089,134.3184,0.27,0.57
env_cascade_broken,PPO:seed11,PPO,1090,127.51780000000002,0.09,0.64
env_cascade_broken,PPO:seed11,PPO,1091,95.88540000000002,0.25,0.51
env_cascade_broken,PPO:seed11,PPO,1092,148.90480000000002,0.22,0.56
env_cascade_broken,PPO:seed11,PPO,1093,123.37559999999996,0.08,0.66
env_cascade_broken,PPO:seed11,PPO,1094,126.58359999999999,0.15,0.6
env_cascade_broken,PPO:seed11,PPO,1095,98.08160000000005,0.11,0.62
env_cascade_broken,PPO:seed11,PPO,1096,119.1182,0.28,0.53
env_cascade_broken,PPO:seed11,PPO,1097,158.847,0.13,0.6
env_cascade_broken,PPO:seed11,PPO,1098,116.8998,0.3,0.51
env_cascade_broken,PPO:seed11,PPO,1099,119.55619999999999,0.14,0.59
env_cascade_broken,PPO:seed11,PPO,1100,137.4894,0.16,0.64
env_cascade_broken,PPO:seed11,PPO,1101,126.19220000000004,0.16,0.63
env_cascade_broken,PPO:seed11,PPO,1102,146.22860000000003,0.16,0.62
env_cascade_broken,PPO:seed11,PPO,1103,104.69000000000005,0.07,0.67
env_cascade_broken,PPO:seed11,PPO,1104,133.05699999999996,0.09,0.66
env_cascade_broken,PPO:seed11,PPO,1105,101.20639999999999,0.05,0.66
env_cascade_broken,PPO:seed11,PPO,1106,142.92279999999997,0.14,0.63
env_cascade_broken,PPO:seed11,PPO,1107,148.68540000000002,0.21,0.61
env_cascade_broken,PPO:seed11,PPO,1108,102.49380000000001,0.11,0.63
env_cascade_broken,PPO:seed11,PPO,1109,85.31619999999998,0.14,0.59
env_cascade_broken,PPO:seed11,PPO,1110,112.61519999999999,0.07,0.64
env_cascade_broken,PPO:seed11,PPO,1111,135.14800000000002,0.19,0.57
env_cascade_broken,PPO:seed11,PPO,1112,100.83119999999998,0.12,0.64
env_cascade_broken,PPO:seed11,PPO,1113,117.26639999999998,0.08,0.69
env_cascade_broken,PPO:seed11,PPO,1114,98.09879999999998,0.25,0.5
env_cascade_broken,PPO:seed11,PPO,1115,125.14320000000001,0.15,0.63
env_cascade_broken,PPO:seed11,PPO,1116,107.52059999999997,0.25,0.54
env_cascade_broken,PPO:seed11,PPO,1117,133.15060000000003,0.03,0.72
env_cascade_broken,PPO:seed11,PPO,1118,140.9174,0.2,0.58
env_cascade_broken,PPO:seed11,PPO,1119,47.599999999999994,0.42,0.39
env_cascade_broken,PPO:seed11,PPO,1120,100.4306,0.24,0.5
env_cascade_broken,PPO:seed11,PPO,1121,136.05,0.06,0.7
env_cascade_broken,PPO:seed11,PPO,1122,112.66900000000003,0.1,0.62
env_cascade_broken,PPO:seed11,PPO,1123,71.47219999999999,0.22,0.51
env_cascade_broken,PPO:seed11,PPO,1124,110.92999999999996,0.06,0.68
env_cascade_broken,PPO:seed11,PPO,1125,110.51500000000004,0.16,0.6
env_cascade_broken,PPO:seed11,PPO,1126,111.27340000000001,0.14,0.6
env_cascade_broken,PPO:seed11,PPO,1127,122.1576,0.25,0.56
env_cascade_broken,PPO:seed11,PPO,1128,127.0822,0.14,0.61
env_cascade_broken,PPO:seed11,PPO,1129,101.45180000000002,0.29,0.5
env_cascade_broken,PPO:seed11,PPO,1130,156.84239999999994,0.07,0.68
env_cascade_broken,PPO:seed11,PPO,1131,147.53300000000002,0.27,0.57
env_cascade_broken,PPO:seed11,PPO,1132,126.28259999999995,0.03,0.69
env_cascade_broken,PPO:seed11,PPO,1133,124.66660000000002,0.15,0.62
env_cascade_broken,PPO:seed11,PPO,1134,151.8564,0.2,0.6
env_cascade_broken,PPO:seed11,PPO,1135,71.88320000000004,0.3,0.52
env_cascade_broken,PPO:seed11,PPO,1136,128.34319999999997,0.07,0.71
env_cascade_broken,PPO:seed11,PPO,1137,137.29940000000005,0.1,0.61
env_cascade_broken,PPO:seed11,PPO,1138,100.66399999999987,0.02,0.7
env_cascade_broken,PPO:seed11,PPO,1139,120.91980000000004,0.03,0.7
env_cascade_broken,PPO:seed11,PPO,1140,117.18040000000003,0.03,0.7
env_cascade_broken,PPO:seed11,PPO,1141,140.6312,0.23,0.56
env_cascade_broken,PPO:seed11,PPO,1142,114.30679999999998,0.17,0.59
env_cascade_broken,PPO:seed11,PPO,1143,103.0988,0.05,0.67
env_cascade_broken,PPO:seed11,PPO,1144,140.16420000000002,0.03,0.71
env_cascade_broken,PPO:seed11,PPO,1145,115.07140000000001,0.29,0.55
env_cascade_broken,PPO:seed11,PPO,1146,60.79620000000004,0.2,0.53
env_cascade_broken,PPO:seed11,PPO,1147,102.76839999999996,0.17,0.58
env_cascade_broken,PPO:seed11,PPO,1148,160.0562,0.14,0.64
env_cascade_broken,PPO:seed11,PPO,1149,118.29000000000003,0.07,0.7
env_cascade_broken,PPO:seed11,PPO,1150,124.99059999999997,0.11,0.65
env_cascade_broken,PPO:seed11,PPO,1151,130.62639999999996,0.05,0.71
env_cascade_broken,PPO:seed11,PPO,1152,108.03039999999999,0.18,0.56
env_cascade_broken,PPO:seed11,PPO,1153,138.75019999999995,0.17,0.63
env_cascade_broken,PPO:seed11,PPO,1154,141.79240000000001,0.07,0.67
env_cascade_broken,PPO:seed11,PPO,1155,114.2014,0.11,0.66
env_cascade_broken,PPO:seed11,PPO,1156,130.25,0.19,0.59
env_cascade_broken,PPO:seed11,PPO,1157,140.37559999999996,0.13,0.64
env_cascade_broken,PPO:seed11,PPO,1158,82.37859999999995,0.14,0.56
env_cascade_broken,PPO:seed11,PPO,1159,70.03959999999996,0.18,0.53
env_cascade_broken,PPO:seed11,PPO,1160,118.37239999999997,0.12,0.66
env_cascade_broken,PPO:seed11,PPO,1161,109.001,0.14,0.64
env_cascade_broken,PPO:seed11,PPO,1162,147.94039999999993,0.04,0.69
env_cascade_broken,PPO:seed11,PPO,1163,113.96979999999999,0.17,0.56
env_cascade_broken,PPO:seed11,PPO,1164,100.81519999999996,0.08,0.66
env_cascade_broken,PPO:seed11,PPO,1165,126.80019999999999,0.07,0.66
env_cascade_broken,PPO:seed11,PPO,1166,92.24320000000003,0.14,0.6
env_cascade_broken,PPO:seed11,PPO,1167,141.16479999999993,0.15,0.63
env_cascade_broken,PPO:seed11,PPO,1168,121.49159999999998,0.1,0.65
env_cascade_broken,PPO:seed11,PPO,1169,152.27040000000008,0.08,0.68
env_cascade_broken,PPO:seed11,PPO,1170,95.80240000000003,0.12,0.63
env_cascade_broken,PPO:seed11,PPO,1171,145.97699999999998,0.26,0.56
env_cascade_broken,PPO:seed11,PPO,1172,125.5918,0.14,0.64
env_cascade_broken,PPO:seed11,PPO,1173,101.402,0.1,0.6
env_cascade_broken,PPO:seed11,PPO,1174,91.70639999999997,0.25,0.53
env_cascade_broken,PPO:seed11,PPO,1175,107.76939999999996,0.09,0.63
env_cascade_broken,PPO:seed11,PPO,1176,103.32479999999993,0.09,0.64
env_cascade_broken,PPO:seed11,PPO,1177,142.42140000000006,0.08,0.69
env_cascade_broken,PPO:seed11,PPO,1178,152.15299999999996,0.05,0.68
env_cascade_broken,PPO:seed11,PPO,1179,126.15420000000006,0.14,0.62
env_cascade_broken,PPO:seed11,PPO,1180,97.66539999999998,0.2,0.52
env_cascade_broken,PPO:seed11,PPO,1181,116.74600000000004,0.12,0.6
env_cascade_broken,PPO:seed11,PPO,1182,92.36120000000004,0.11,0.62
env_cascade_broken,PPO:seed11,PPO,1183,102.44839999999995,0.18,0.59
env_cascade_broken,PPO:seed11,PPO,1184,97.57139999999997,0.13,0.63
env_cascade_broken,PPO:seed11,PPO,1185,90.36200000000002,0.27,0.51
env_cascade_broken,PPO:seed11,PPO,1186,121.99599999999998,0.11,0.61
env_cascade_broken,PPO:seed11,PPO,1187,99.94720000000001,0.22,0.56
env_cascade_broken,PPO:seed11,PPO,1188,137.056,0.22,0.6
env_cascade_broken,PPO:seed11,PPO,1189,126.52099999999996,0.16,0.61
env_cascade_broken,PPO:seed11,PPO,1190,129.666,0.21,0.6
env_cascade_broken,PPO:seed11,PPO,1191,127.29360000000008,0.15,0.62
env_cascade_broken,PPO:seed11,PPO,1192,128.34699999999998,0.15,0.61
env_cascade_broken,PPO:seed11,PPO,1193,106.95079999999999,0.04,0.67
env_cascade_broken,PPO:seed11,PPO,1194,145.052,0.09,0.65
env_cascade_broken,PPO:seed11,PPO,1195,170.7539999999999,0.02,0.71
env_cascade_broken,PPO:seed11,PPO,1196,138.15300000000005,0.19,0.61
env_cascade_broken,PPO:seed11,PPO,1197,116.57100000000003,0.17,0.59
env_cascade_broken,PPO:seed11,PPO,1198,126.65000000000003,0.11,0.63
env_cascade_broken,PPO:seed11,PPO,1199,140.15519999999992,0.1,0.68
env_cascade_broken,PPO:seed11,PPO,1200,101.56619999999995,0.14,0.63
env_cascade_broken,PPO:seed11,PPO,1201,107.80239999999992,0.07,0.64
env_cascade_broken,PPO:seed11,PPO,1202,114.3886,0.25,0.52
env_cascade_broken,PPO:seed11,PPO,1203,124.33340000000001,0.17,0.61
env_cascade_broken,PPO:seed11,PPO,1204,85.89419999999994,0.13,0.62
env_cascade_broken,PPO:seed11,PPO,1205,94.70560000000005,0.1,0.61
env_cascade_broken,PPO:seed11,PPO,1206,96.0814,0.25,0.54
env_cascade_broken,PPO:seed11,PPO,1207,127.18239999999997,0.14,0.62
env_cascade_broken,PPO:seed11,PPO,1208,113.88059999999996,0.23,0.57
env_cascade_broken,PPO:seed11,PPO,1209,94.39460000000003,0.06,0.68
env_cascade_broken,PPO:seed11,PPO,1210,104.96340000000001,0.23,0.56
env_cascade_broken,PPO:seed11,PPO,1211,134.82100000000003,0.14,0.62
env_cascade_broken,PPO:seed11,PPO,1212,124.86219999999997,0.1,0.64
env_cascade_broken,PPO:seed11,PPO,1213,147.39559999999997,0.12,0.61
env_cascade_broken,PPO:seed11,PPO,1214,128.89379999999994,0.03,0.71
env_cascade_broken,PPO:seed11,PPO,1215,140.8816,0.17,0.6
env_cascade_broken,PPO:seed11,PPO,1216,93.9282,0.19,0.58
env_cascade_broken,PPO:seed11,PPO,1217,71.90299999999999,0.36,0.48
env_cascade_broken,PPO:seed11,PPO,1218,120.11499999999998,0.26,0.52
env_cascade_broken,PPO:seed11,PPO,1219,125.56620000000001,0.07,0.64
env_cascade_broken,PPO:seed11,PPO,1220,115.04959999999994,0.12,0.63
env_cascade_broken,PPO:seed11,PPO,1221,71.14339999999999,0.14,0.61
env_cascade_broken,PPO:seed11,PPO,1222,127.58660000000003,0.15,0.6
env_cascade_broken,PPO:seed11,PPO,1223,128.576,0.07,0.67
env_cascade_broken,PPO:seed11,PPO,1224,107.21100000000001,0.24,0.54
env_cascade_broken,PPO:seed11,PPO,1225,94.54699999999997,0.11,0.63
env_cascade_broken,PPO:seed11,PPO,1226,108.12419999999997,0.27,0.47
env_cascade_broken,PPO:seed11,PPO,1227,165.1388,0.16,0.62
env_cascade_broken,PPO:seed11,PPO,1228,91.9448,0.13,0.57
env_cascade_broken,PPO:seed11,PPO,1229,106.99540000000002,0.23,0.56
env_cascade_broken,PPO:seed11,PPO,1230,123.31359999999995,0.06,0.69
env_cascade_broken,PPO:seed11,PPO,1231,103.2950000000001,0.09,0.67
env_cascade_broken,PPO:seed11,PPO,1232,143.257,0.18,0.61
env_cascade_broken,PPO:seed11,PPO,1233,114.62339999999995,0.08,0.68
env_cascade_broken,PPO:seed11,PPO,1234,96.84440000000005,0.21,0.53
env_cascade_broken,PPO:seed11,PPO,1235,112.08339999999998,0.28,0.56
env_cascade_broken,PPO:seed11,PPO,1236,123.44819999999997,0.02,0.72
env_cascade_broken,PPO:seed11,PPO,1237,118.60699999999991,0.13,0.62
env_cascade_broken,PPO:seed11,PPO,1238,147.9318,0.06,0.69
env_cascade_broken,PPO:seed11,PPO,1239,116.3186,0.26,0.56
env_cascade_broken,PPO:seed11,PPO,1240,96.561,0.16,0.62
env_cascade_broken,PPO:seed11,PPO,1241,113.27940000000002,0.11,0.63
env_cascade_broken,PPO:seed11,PPO,1242,140.71180000000004,0.09,0.65
env_cascade_broken,PPO:seed11,PPO,1243,80.63520000000003,0.1,0.6
env_cascade_broken,PPO:seed11,PPO,1244,144.05380000000002,0.1,0.69
env_cascade_broken,PPO:seed11,PPO,1245,91.05999999999996,0.35,0.48
env_cascade_broken,PPO:seed11,PPO,1246,143.16680000000002,0.18,0.6
env_cascade_broken,PPO:seed11,PPO,1247,107.28000000000006,0.08,0.65
env_cascade_broken,PPO:seed11,PPO,1248,151.1562,0.23,0.61
env_cascade_broken,PPO:seed11,PPO,1249,110.88879999999997,0.18,0.56
env_cascade_broken,PPO:seed13,PPO,1000,65.94119999999998,0.37,0.46
env_cascade_broken,PPO:seed13,PPO,1001,40.77020000000002,0.31,0.5
env_cascade_broken,PPO:seed13,PPO,1002,48.66220000000003,0.35,0.44
env_cascade_broken,PPO:seed13,PPO,1003,16.154200000000017,0.31,0.49
env_cascade_broken,PPO:seed13,PPO,1004,58.89619999999999,0.41,0.47
env_cascade_broken,PPO:seed13,PPO,1005,67.40819999999998,0.35,0.46
env_cascade_broken,PPO:seed13,PPO,1006,45.44739999999999,0.4,0.45
env_cascade_broken,PPO:seed13,PPO,1007,63.14359999999999,0.38,0.47
env_cascade_broken,PPO:seed13,PPO,1008,42.36020000000005,0.28,0.55
env_cascade_broken,PPO:seed13,PPO,1009,34.37640000000003,0.41,0.42
env_cascade_broken,PPO:seed13,PPO,1010,49.37020000000001,0.36,0.5
env_cascade_broken,PPO:seed13,PPO,1011,34.156000000000006,0.26,0.53
env_cascade_broken,PPO:seed13,PPO,1012,53.89640000000006,0.35,0.47
env_cascade_broken,PPO:seed13,PPO,1013,97.9494,0.32,0.53
env_cascade_broken,PPO:seed13,PPO,1014,45.26660000000001,0.41,0.42
env_cascade_broken,PPO:seed13,PPO,1015,96.2182,0.35,0.51
env_cascade_broken,PPO:seed13,PPO,1016,20.596600000000024,0.32,0.5
env_cascade_broken,PPO:seed13,PPO,1017,31.648200000000074,0.44,0.46
env_cascade_broken,PPO:seed13,PPO,1018,62.79419999999993,0.21,0.62
env_cascade_broken,PPO:seed13,PPO,1019,25.734999999999985,0.5,0.34
env_cascade_broken,PPO:seed13,PPO,1020,43.29659999999997,0.39,0.49
env_cascade_broken,PPO:seed13,PPO,1021,42.00920000000002,0.38,0.47
env_cascade_broken,PPO:seed13,PPO,1022,78.65899999999999,0.42,0.46
env_cascade_broken,PPO:seed13,PPO,1023,78.99120000000002,0.35,0.53
env_cascade_broken,PPO:seed13,PPO,1024,84.28839999999998,0.29,0.55
env_cascade_broken,PPO:seed13,PPO,1025,80.20420000000003,0.43,0.43
env_cascade_broken,PPO:seed13,PPO,1026,65.9426,0.35,0.5
env_cascade_broken,PPO:seed13,PPO,1027,92.5712,0.31,0.53
env_cascade_broken,PPO:seed13,PPO,1028,15.127399999999966,0.49,0.41
env_cascade_broken,PPO:seed13,PPO,1029,56.67860000000003,0.33,0.46
env_cascade_broken,PPO:seed13,PPO,1030,48.88879999999993,0.25,0.57
env_cascade_broken,PPO:seed13,PPO,1031,82.24540000000002,0.34,0.5
env_cascade_broken,PPO:seed13,PPO,1032,100.55260000000004,0.32,0.52
env_cascade_broken,PPO:seed13,PPO,1033,48.9703999999999,0.34,0.47
env_cascade_broken,PPO:seed13,PPO,1034,41.936000000000035,0.42,0.43
env_cascade_broken,PPO:seed13,PPO,1035,69.11139999999996,0.31,0.5
env_cascade_broken,PPO:seed13,PPO,1036,49.1742,0.3,0.5
env_cascade_broken,PPO:seed13,PPO,1037,47.382400000000004,0.37,0.49
env_cascade_broken,PPO:seed13,PPO,1038,19.104400000000012,0.37,0.44
env_cascade_broken,PPO:seed13,PPO,1039,51.19239999999998,0.45,0.44
env_cascade_broken,PPO:seed13,PPO,1040,76.23339999999999,0.39,0.5
env_cascade_broken,PPO:seed13,PPO,1041,33.52959999999996,0.38,0.46
env_cascade_broken,PPO:seed13,PPO,1042,115.33620000000002,0.22,0.59
env_cascade_broken,PPO:seed13,PPO,1043,65.63919999999997,0.27,0.54
env_cascade_broken,PPO:seed13,PPO,1044,73.56899999999999,0.33,0.49
env_cascade_broken,PPO:seed13,PPO,1045,42.825599999999966,0.33,0.51
env_cascade_broken,PPO:seed13,PPO,1046,130.234,0.29,0.61
env_cascade_broken,PPO:seed13,PPO,1047,48.44119999999998,0.32,0.47
env_cascade_broken,PPO:seed13,PPO,1048,5.186000000000021,0.37,0.41
env_cascade_broken,PPO:seed13,PPO,1049,56.219999999999985,0.32,0.5
env_cascade_broken,PPO:seed13,PPO,1050,77.763,0.36,0.5
env_cascade_broken,PPO:seed13,PPO,1051,42.29280000000003,0.35,0.49
env_cascade_broken,PPO:seed13,PPO,1052,25.293999999999997,0.37,0.45
env_cascade_broken,PPO:seed13,PPO,1053,1.407599999999995,0.53,0.39
env_cascade_broken,PPO:seed13,PPO,1054,62.62780000000005,0.39,0.49
env_cascade_broken,PPO:seed13,PPO,1055,66.13500000000002,0.23,0.58
env_cascade_broken,PPO:seed13,PPO,1056,34.619799999999984,0.4,0.45
env_cascade_broken,PPO:seed13,PPO,1057,81.26139999999998,0.31,0.55
env_cascade_broken,PPO:seed13,PPO,1058,38.802599999999956,0.44,0.43
env_cascade_broken,PPO:seed13,PPO,1059,56.82939999999998,0.22,0.62
env_cascade_broken,PPO:seed13,PPO,1060,58.746999999999986,0.4,0.45
env_cascade_broken,PPO:seed13,PPO,1061,18.455599999999976,0.4,0.43
env_cascade_broken,PPO:seed13,PPO,1062,66.12619999999997,0.41,0.54
env_cascade_broken,PPO:seed13,PPO,1063,71.49679999999998,0.34,0.51
env_cascade_broken,PPO:seed13,PPO,1064,64.63380000000002,0.25,0.56
env_cascade_broken,PPO:seed13,PPO,1065,84.69719999999994,0.32,0.53
env_cascade_broken,PPO:seed13,PPO,1066,53.33600000000001,0.37,0.46
env_cascade_broken,PPO:seed13,PPO,1067,55.99280000000002,0.34,0.5
env_cascade_broken,PPO:seed13,PPO,1068,69.80559999999998,0.32,0.51
env_cascade_broken,PPO:seed13,PPO,1069,21.88160000000005,0.39,0.44
env_cascade_broken,PPO:seed13,PPO,1070,55.08440000000002,0.38,0.48
env_cascade_broken,PPO:seed13,PPO,1071,64.32060000000001,0.41,0.45
env_cascade_broken,PPO:seed13,PPO,1072,33.81179999999996,0.26,0.56
env_cascade_broken,PPO:seed13,PPO,1073,28.611999999999966,0.42,0.42
env_cascade_broken,PPO:seed13,PPO,1074,12.784600000000125,0.43,0.43
env_cascade_broken,PPO:seed13,PPO,1075,32.41379999999995,0.39,0.51
env_cascade_broken,PPO:seed13,PPO,1076,57.69419999999997,0.33,0.53
env_cascade_broken,PPO:seed13,PPO,1077,53.277000000000086,0.34,0.46
env_cascade_broken,PPO:seed13,PPO,1078,64.47359999999998,0.4,0.44
env_cascade_broken,PPO:seed13,PPO,1079,53.095800000000025,0.44,0.42
env_cascade_broken,PPO:seed13,PPO,1080,72.50980000000001,0.42,0.48
env_cascade_broken,PPO:seed13,PPO,1081,71.492,0.33,0.53
env_cascade_broken,PPO:seed13,PPO,1082,54.606200000000015,0.32,0.53
env_cascade_broken,PPO:seed13,PPO,1083,96.46279999999999,0.28,0.55
env_cascade_broken,PPO:seed13,PPO,1084,43.58619999999998,0.44,0.41
env_cascade_broken,PPO:seed13,PPO,1085,24.490599999999972,0.35,0.42
env_cascade_broken,PPO:seed13,PPO,1086,40.09980000000003,0.47,0.35
env_cascade_broken,PPO:seed13,PPO,1087,58.033199999999965,0.38,0.47
env_cascade_broken,PPO:seed13,PPO,1088,58.177400000000006,0.38,0.44
env_cascade_broken,PPO:seed13,PPO,1089,127.24600000000001,0.3,0.57
env_cascade_broken,PPO:seed13,PPO,1090,32.30060000000003,0.33,0.5
env_cascade_broken,PPO:seed13,PPO,1091,6.208400000000054,0.4,0.43
env_cascade_broken,PPO:seed13,PPO,1092,44.4798,0.47,0.36
env_cascade_broken,PPO:seed13,PPO,1093,38.44040000000001,0.48,0.43
env_cascade_broken,PPO:seed13,PPO,1094,43.970399999999984,0.4,0.45
env_cascade_broken,PPO:seed13,PPO,1095,22.852799999999988,0.43,0.48
env_cascade_broken,PPO:seed13,PPO,1096,99.99460000000005,0.35,0.5
env_cascade_broken,PPO:seed13,PPO,1097,100.50879999999998,0.38,0.52
env_cascade_broken,PPO:seed13,PPO,1098,73.55999999999996,0.32,0.53
env_cascade_broken,PPO:seed13,PPO,1099,68.9454,0.37,0.51
env_cascade_broken,PPO:seed13,PPO,1100,64.58959999999999,0.43,0.48
env_cascade_broken,PPO:seed13,PPO,1101,27.22,0.32,0.53
env_cascade_broken,PPO:seed13,PPO,1102,77.21499999999997,0.31,0.48
env_cascade_broken,PPO:seed13,PPO,1103,113.91579999999999,0.28,0.58
env_cascade_broken,PPO:seed13,PPO,1104,32.99759999999999,0.38,0.47
env_cascade_broken,PPO:seed13,PPO,1105,50.83819999999997,0.32,0.52
env_cascade_broken,PPO:seed13,PPO,1106,49.50240000000002,0.33,0.48
env_cascade_broken,PPO:seed13,PPO,1107,43.77579999999999,0.41,0.48
env_cascade_broken,PPO:seed13,PPO,1108,34.331200000000024,0.38,0.45
env_cascade_broken,PPO:seed13,PPO,1109,12.609600000000015,0.42,0.41
env_cascade_broken,PPO:seed13,PPO,1110,44.96279999999996,0.34,0.49
env_cascade_broken,PPO:seed13,PPO,1111,72.06520000000003,0.38,0.48
env_cascade_broken,PPO:seed13,PPO,1112,38.786400000000015,0.46,0.42
env_cascade_broken,PPO:seed13,PPO,1113,69.63179999999997,0.34,0.49
env_cascade_broken,PPO:seed13,PPO,1114,38.25020000000001,0.44,0.39
env_cascade_broken,PPO:seed13,PPO,1115,95.37220000000002,0.4,0.48
env_cascade_broken,PPO:seed13,PPO,1116,69.54179999999998,0.41,0.43
env_cascade_broken,PPO:seed13,PPO,1117,45.342999999999975,0.32,0.53
env_cascade_broken,PPO:seed13,PPO,1118,60.289000000000016,0.4,0.43
env_cascade_broken,PPO:seed13,PPO,1119,15.61,0.45,0.38
env_cascade_broken,PPO:seed13,PPO,1120,48.300800000000024,0.34,0.48
env_cascade_broken,PPO:seed13,PPO,1121,14.149600000000007,0.44,0.44
env_cascade_broken,PPO:seed13,PPO,1122,68.63079999999998,0.3,0.53
env_cascade_broken,PPO:seed13,PPO,1123,71.95759999999999,0.33,0.49
env_cascade_broken,PPO:seed13,PPO,1124,94.31600000000003,0.31,0.53
env_cascade_broken,PPO:seed13,PPO,1125,26.647000000000006,0.45,0.43
env_cascade_broken,PPO:seed13,PPO,1126,11.52519999999997,0.41,0.41
env_cascade_broken,PPO:seed13,PPO,1127,36.16739999999996,0.41,0.46
env_cascade_broken,PPO:seed13,PPO,1128,63.233599999999996,0.45,0.44
env_cascade_broken,PPO:seed13,PPO,1129,63.53959999999999,0.41,0.43
env_cascade_broken,PPO:seed13,PPO,1130,52.09899999999999,0.38,0.51
env_cascade_broken,PPO:seed13,PPO,1131,63.73819999999995,0.42,0.4
env_cascade_broken,PPO:seed13,PPO,1132,50.20679999999996,0.24,0.53
env_cascade_broken,PPO:seed13,PPO,1133,47.77039999999997,0.42,0.45
env_cascade_broken,PPO:seed13,PPO,1134,92.30760000000001,0.41,0.48
env_cascade_broken,PPO:seed13,PPO,1135,34.472000000000065,0.44,0.49
env_cascade_broken,PPO:seed13,PPO,1136,53.94199999999998,0.38,0.47
env_cascade_broken,PPO:seed13,PPO,1137,95.31900000000002,0.35,0.46
env_cascade_broken,PPO:seed13,PPO,1138,4.33979999999994,0.41,0.41
env_cascade_broken,PPO:seed13,PPO,1139,67.2072,0.21,0.6
env_cascade_broken,PPO:seed13,PPO,1140,57.182400000000015,0.24,0.56
env_cascade_broken,PPO:seed13,PPO,1141,72.36139999999997,0.39,0.48
env_cascade_broken,PPO:seed13,PPO,1142,35.59959999999995,0.37,0.47
env_cascade_broken,PPO:seed13,PPO,1143,-0.05320000000003233,0.39,0.44
env_cascade_broken,PPO:seed13,PPO,1144,43.72560000000003,0.38,0.45
env_cascade_broken,PPO:seed13,PPO,1145,66.99419999999995,0.37,0.52
env_cascade_broken,PPO:seed13,PPO,1146,36.74580000000003,0.35,0.48
env_cascade_broken,PPO:seed13,PPO,1147,35.931800000000024,0.39,0.49
env_cascade_broken,PPO:seed13,PPO,1148,59.557800000000015,0.46,0.42
env_cascade_broken,PPO:seed13,PPO,1149,72.10100000000006,0.27,0.59
env_cascade_broken,PPO:seed13,PPO,1150,76.6989999999999,0.25,0.58
env_cascade_broken,PPO:seed13,PPO,1151,55.93360000000001,0.34,0.48
env_cascade_broken,PPO:seed13,PPO,1152,73.42779999999999,0.42,0.42
env_cascade_broken,PPO:seed13,PPO,1153,102.03659999999999,0.32,0.52
env_cascade_broken,PPO:seed13,PPO,1154,37.78499999999997,0.34,0.49
env_cascade_broken,PPO:seed13,PPO,1155,67.75820000000002,0.44,0.47
env_cascade_broken,PPO:seed13,PPO,1156,52.16640000000001,0.47,0.4
env_cascade_broken,PPO:seed13,PPO,1157,70.21379999999999,0.37,0.51
env_cascade_broken,PPO:seed13,PPO,1158,9.002999999999972,0.43,0.38
env_cascade_broken,PPO:seed13,PPO,1159,41.961400000000026,0.4,0.44
env_cascade_broken,PPO:seed13,PPO,1160,91.15060000000003,0.23,0.61
env_cascade_broken,PPO:seed13,PPO,1161,38.35280000000003,0.46,0.48
env_cascade_broken,PPO:seed13,PPO,1162,37.68419999999999,0.31,0.52
env_cascade_broken,PPO:seed13,PPO,1163,31.128799999999984,0.52,0.35
env_cascade_broken,PPO:seed13,PPO,1164,70.01360000000003,0.35,0.51
env_cascade_broken,PPO:seed13,PPO,1165,65.84559999999999,0.45,0.45
env_cascade_broken,PPO:seed13,PPO,1166,80.37219999999995,0.35,0.52
env_cascade_broken,PPO:seed13,PPO,1167,89.14140000000003,0.4,0.46
env_cascade_broken,PPO:seed13,PPO,1168,26.738999999999976,0.44,0.4
env_cascade_broken,PPO:seed13,PPO,1169,68.1986,0.25,0.55
env_cascade_broken,PPO:seed13,PPO,1170,79.78899999999997,0.21,0.64
env_cascade_broken,PPO:seed13,PPO,1171,107.60680000000002,0.32,0.55
env_cascade_broken,PPO:seed13,PPO,1172,67.96260000000004,0.39,0.48
env_cascade_broken,PPO:seed13,PPO,1173,95.00939999999997,0.31,0.54
env_cascade_broken,PPO:seed13,PPO,1174,56.2088,0.41,0.46
env_cascade_broken,PPO:seed13,PPO,1175,40.90940000000002,0.35,0.5
env_cascade_broken,PPO:seed13,PPO,1176,49.592400000000026,0.45,0.44
env_cascade_broken,PPO:seed13,PPO,1177,38.95419999999996,0.46,0.45
env_cascade_broken,PPO:seed13,PPO,1178,65.79360000000001,0.37,0.48
env_cascade_broken,PPO:seed13,PPO,1179,58.795199999999994,0.41,0.44
env_cascade_broken,PPO:seed13,PPO,1180,120.34559999999996,0.25,0.58
env_cascade_broken,PPO:seed13,PPO,1181,61.13899999999998,0.42,0.48
env_cascade_broken,PPO:seed13,PPO,1182,37.23040000000002,0.35,0.46
env_cascade_broken,PPO:seed13,PPO,1183,69.31360000000001,0.44,0.49
env_cascade_broken,PPO:seed13,PPO,1184,25.783599999999993,0.43,0.45
env_cascade_broken,PPO:seed13,PPO,1185,60.98739999999998,0.42,0.46
env_cascade_broken,PPO:seed13,PPO,1186,83.42060000000001,0.32,0.55
env_cascade_broken,PPO:seed13,PPO,1187,47.63379999999998,0.45,0.45
env_cascade_broken,PPO:seed13,PPO,1188,61.293800000000005,0.37,0.51
env_cascade_broken,PPO:seed13,PPO,1189,42.21220000000001,0.45,0.44
env_cascade_broken,PPO:seed13,PPO,1190,67.53399999999993,0.34,0.53
env_cascade_broken,PPO:seed13,PPO,1191,76.9648,0.35,0.49
env_cascade_broken,PPO:seed13,PPO,1192,32.99440000000003,0.33,0.53
env_cascade_broken,PPO:seed13,PPO,1193,30.923800000000085,0.3,0.51
env_cascade_broken,PPO:seed13,PPO,1194,37.85559999999998,0.31,0.54
env_cascade_broken,PPO:seed13,PPO,1195,74.57319999999996,0.34,0.44
env_cascade_broken,PPO:seed13,PPO,1196,56.850600000000014,0.44,0.44
env_cascade_broken,PPO:seed13,PPO,1197,42.72819999999999,0.32,0.53
env_cascade_broken,PPO:seed13,PPO,1198,59.225600000000014,0.29,0.52
env_cascade_broken,PPO:seed13,PPO,1199,44.84960000000001,0.35,0.47
env_cascade_broken,PPO:seed13,PPO,1200,57.3026,0.38,0.48
env_cascade_broken,PPO:seed13,PPO,1201,74.1708,0.25,0.62
env_cascade_broken,PPO:seed13,PPO,1202,40.59879999999997,0.47,0.39
env_cascade_broken,PPO:seed13,PPO,1203,88.43240000000004,0.27,0.58
env_cascade_broken,PPO:seed13,PPO,1204,46.06899999999993,0.38,0.48
env_cascade_broken,PPO:seed13,PPO,1205,61.228600000000114,0.38,0.51
env_cascade_broken,PPO:seed13,PPO,1206,59.97760000000001,0.31,0.56
env_cascade_broken,PPO:seed13,PPO,1207,70.291,0.36,0.45
env_cascade_broken,PPO:seed13,PPO,1208,42.501200000000026,0.45,0.43
env_cascade_broken,PPO:seed13,PPO,1209,24.03079999999997,0.34,0.54
env_cascade_broken,PPO:seed13,PPO,1210,32.137600000000035,0.47,0.4
env_cascade_broken,PPO:seed13,PPO,1211,73.60399999999996,0.31,0.51
env_cascade_broken,PPO:seed13,PPO,1212,82.4208,0.25,0.55
env_cascade_broken,PPO:seed13,PPO,1213,89.3336,0.36,0.48
env_cascade_broken,PPO:seed13,PPO,1214,64.27300000000004,0.34,0.52
env_cascade_broken,PPO:seed13,PPO,1215,101.12780000000004,0.27,0.57
env_cascade_broken,PPO:seed13,PPO,1216,29.4546,0.38,0.49
env_cascade_broken,PPO:seed13,PPO,1217,49.5694,0.45,0.47
env_cascade_broken,PPO:seed13,PPO,1218,71.768,0.45,0.44
env_cascade_broken,PPO:seed13,PPO,1219,91.22,0.38,0.51
env_cascade_broken,PPO:seed13,PPO,1220,61.49880000000003,0.44,0.45
env_cascade_broken,PPO:seed13,PPO,1221,19.248600000000067,0.35,0.48
env_cascade_broken,PPO:seed13,PPO,1222,26.79779999999998,0.4,0.44
env_cascade_broken,PPO:seed13,PPO,1223,63.35380000000001,0.3,0.53
env_cascade_broken,PPO:seed13,PPO,1224,36.45199999999997,0.42,0.47
env_cascade_broken,PPO:seed13,PPO,1225,16.833400000000026,0.43,0.42
env_cascade_broken,PPO:seed13,PPO,1226,18.199799999999996,0.47,0.34
env_cascade_broken,PPO:seed13,PPO,1227,70.58259999999999,0.39,0.42
env_cascade_broken,PPO:seed13,PPO,1228,-0.31699999999997885,0.37,0.45
env_cascade_broken,PPO:seed13,PPO,1229,43.6178,0.43,0.5
env_cascade_broken,PPO:seed13,PPO,1230,81.80359999999997,0.32,0.54
env_cascade_broken,PPO:seed13,PPO,1231,22.777400000000043,0.42,0.45
env_cascade_broken,PPO:seed13,PPO,1232,40.82640000000002,0.5,0.39
env_cascade_broken,PPO:seed13,PPO,1233,72.89339999999997,0.22,0.6
env_cascade_broken,PPO:seed13,PPO,1234,46.58319999999999,0.47,0.41
env_cascade_broken,PPO:seed13,PPO,1235,31.705399999999997,0.51,0.39
env_cascade_broken,PPO:seed13,PPO,1236,47.36660000000002,0.29,0.52
env_cascade_broken,PPO:seed13,PPO,1237,72.262,0.28,0.57
env_cascade_broken,PPO:seed13,PPO,1238,45.31019999999995,0.33,0.49
env_cascade_broken,PPO:seed13,PPO,1239,32.529199999999975,0.39,0.46
env_cascade_broken,PPO:seed13,PPO,1240,110.321,0.35,0.56
env_cascade_broken,PPO:seed13,PPO,1241,88.43520000000001,0.28,0.54
env_cascade_broken,PPO:seed13,PPO,1242,52.60460000000003,0.3,0.52
env_cascade_broken,PPO:seed13,PPO,1243,45.905399999999986,0.41,0.47
env_cascade_broken,PPO:seed13,PPO,1244,84.59559999999996,0.24,0.62
env_cascade_broken,PPO:seed13,PPO,1245,100.61199999999997,0.32,0.56
env_cascade_broken,PPO:seed13,PPO,1246,103.0566,0.31,0.53
env_cascade_broken,PPO:seed13,PPO,1247,65.07060000000003,0.32,0.55
env_cascade_broken,PPO:seed13,PPO,1248,109.24199999999996,0.33,0.57
env_cascade_broken,PPO:seed13,PPO,1249,40.194800000000015,0.51,0.35
env_cascade_broken,PPO:seed7,PPO,1000,44.85559999999998,0.44,0.45
env_cascade_broken,PPO:seed7,PPO,1001,15.849000000000018,0.44,0.42
env_cascade_broken,PPO:seed7,PPO,1002,60.90380000000002,0.36,0.48
env_cascade_broken,PPO:seed7,PPO,1003,33.29300000000005,0.36,0.53
env_cascade_broken,PPO:seed7,PPO,1004,20.607799999999997,0.56,0.38
env_cascade_broken,PPO:seed7,PPO,1005,16.861199999999982,0.42,0.42
env_cascade_broken,PPO:seed7,PPO,1006,75.84100000000004,0.42,0.48
env_cascade_broken,PPO:seed7,PPO,1007,47.69499999999998,0.4,0.5
env_cascade_broken,PPO:seed7,PPO,1008,36.70819999999999,0.43,0.42
env_cascade_broken,PPO:seed7,PPO,1009,4.836999999999968,0.52,0.36
env_cascade_broken,PPO:seed7,PPO,1010,26.82980000000002,0.45,0.47
env_cascade_broken,PPO:seed7,PPO,1011,21.652800000000042,0.56,0.39
env_cascade_broken,PPO:seed7,PPO,1012,35.41659999999996,0.41,0.44
env_cascade_broken,PPO:seed7,PPO,1013,38.35899999999998,0.52,0.41
env_cascade_broken,PPO:seed7,PPO,1014,41.52980000000002,0.5,0.45
env_cascade_broken,PPO:seed7,PPO,1015,29.31079999999993,0.48,0.4
env_cascade_broken,PPO:seed7,PPO,1016,-7.729600000000005,0.44,0.44
env_cascade_broken,PPO:seed7,PPO,1017,46.10140000000003,0.48,0.44
env_cascade_broken,PPO:seed7,PPO,1018,54.53200000000001,0.28,0.58
env_cascade_broken,PPO:seed7,PPO,1019,-14.136199999999988,0.6,0.34
env_cascade_broken,PPO:seed7,PPO,1020,58.660600000000045,0.43,0.5
env_cascade_broken,PPO:seed7,PPO,1021,31.397999999999996,0.44,0.46
env_cascade_broken,PPO:seed7,PPO,1022,77.60240000000002,0.42,0.45
env_cascade_broken,PPO:seed7,PPO,1023,65.2798,0.47,0.48
env_cascade_broken,PPO:seed7,PPO,1024,10.604399999999998,0.56,0.4
env_cascade_broken,PPO:seed7,PPO,1025,16.566599999999966,0.5,0.42
env_cascade_broken,PPO:seed7,PPO,1026,8.813799999999958,0.53,0.41
env_cascade_broken,PPO:seed7,PPO,1027,51.67959999999999,0.49,0.44
env_cascade_broken,PPO:seed7,PPO,1028,73.68799999999997,0.33,0.56
env_cascade_broken,PPO:seed7,PPO,1029,31.045199999999994,0.37,0.46
env_cascade_broken,PPO:seed7,PPO,1030,23.32779999999994,0.35,0.5
env_cascade_broken,PPO:seed7,PPO,1031,14.201199999999972,0.56,0.4
env_cascade_broken,PPO:seed7,PPO,1032,30.702399999999997,0.4,0.46
env_cascade_broken,PPO:seed7,PPO,1033,61.46400000000004,0.28,0.54
env_cascade_broken,PPO:seed7,PPO,1034,41.17580000000004,0.45,0.44
env_cascade_broken,PPO:seed7,PPO,1035,7.549599999999984,0.53,0.34
env_cascade_broken,PPO:seed7,PPO,1036,44.49539999999999,0.53,0.41
env_cascade_broken,PPO:seed7,PPO,1037,22.61940000000004,0.54,0.4
env_cascade_broken,PPO:seed7,PPO,1038,-10.402400000000043,0.49,0.44
env_cascade_broken,PPO:seed7,PPO,1039,42.073200000000014,0.52,0.4
env_cascade_broken,PPO:seed7,PPO,1040,10.065200000000019,0.57,0.38
env_cascade_broken,PPO:seed7,PPO,1041,23.990800000000036,0.45,0.45
env_cascade_broken,PPO:seed7,PPO,1042,45.027799999999985,0.46,0.42
env_cascade_broken,PPO:seed7,PPO,1043,42.1356,0.45,0.46
env_cascade_broken,PPO:seed7,PPO,1044,71.31540000000001,0.39,0.49
env_cascade_broken,PPO:seed7,PPO,1045,24.316599999999966,0.35,0.49
env_cascade_broken,PPO:seed7,PPO,1046,83.0284,0.41,0.52
env_cascade_broken,PPO:seed7,PPO,1047,48.24820000000001,0.52,0.41
env_cascade_broken,PPO:seed7,PPO,1048,52.358999999999966,0.38,0.46
env_cascade_broken,PPO:seed7,PPO,1049,39.88259999999998,0.37,0.5
env_cascade_broken,PPO:seed7,PPO,1050,69.9784,0.47,0.45
env_cascade_broken,PPO:seed7,PPO,1051,-6.003799999999998,0.51,0.38
env_cascade_broken,PPO:seed7,PPO,1052,1.5970000000000084,0.4,0.39
env_cascade_broken,PPO:seed7,PPO,1053,20.26120000000003,0.46,0.45
env_cascade_broken,PPO:seed7,PPO,1054,55.18360000000001,0.48,0.45
env_cascade_broken,PPO:seed7,PPO,1055,35.72319999999998,0.35,0.5
env_cascade_broken,PPO:seed7,PPO,1056,56.80120000000001,0.49,0.48
env_cascade_broken,PPO:seed7,PPO,1057,12.611199999999982,0.54,0.42
env_cascade_broken,PPO:seed7,PPO,1058,32.43020000000001,0.58,0.41
env_cascade_broken,PPO:seed7,PPO,1059,51.6516,0.29,0.57
env_cascade_broken,PPO:seed7,PPO,1060,82.11699999999999,0.43,0.48
env_cascade_broken,PPO:seed7,PPO,1061,39.53200000000001,0.4,0.45
env_cascade_broken,PPO:seed7,PPO,1062,63.434,0.41,0.52
env_cascade_broken,PPO:seed7,PPO,1063,46.418199999999985,0.43,0.47
env_cascade_broken,PPO:seed7,PPO,1064,37.87820000000001,0.37,0.51
env_cascade_broken,PPO:seed7,PPO,1065,78.07719999999995,0.36,0.54
env_cascade_broken,PPO:seed7,PPO,1066,10.900599999999997,0.41,0.43
env_cascade_broken,PPO:seed7,PPO,1067,6.109999999999999,0.41,0.46
env_cascade_broken,PPO:seed7,PPO,1068,68.97419999999998,0.45,0.45
env_cascade_broken,PPO:seed7,PPO,1069,40.71760000000002,0.47,0.45
env_cascade_broken,PPO:seed7,PPO,1070,32.721800000000016,0.44,0.42
env_cascade_broken,PPO:seed7,PPO,1071,64.5478,0.47,0.46
env_cascade_broken,PPO:seed7,PPO,1072,29.569999999999993,0.29,0.55
env_cascade_broken,PPO:seed7,PPO,1073,50.895799999999966,0.32,0.54
env_cascade_broken,PPO:seed7,PPO,1074,40.378000000000014,0.4,0.45
env_cascade_broken,PPO:seed7,PPO,1075,24.965199999999925,0.45,0.45
env_cascade_broken,PPO:seed7,PPO,1076,40.47699999999999,0.39,0.5
env_cascade_broken,PPO:seed7,PPO,1077,18.029999999999973,0.43,0.43
env_cascade_broken,PPO:seed7,PPO,1078,86.07000000000002,0.38,0.49
env_cascade_broken,PPO:seed7,PPO,1079,49.5278,0.48,0.45
env_cascade_broken,PPO:seed7,PPO,1080,31.314999999999998,0.52,0.43
env_cascade_broken,PPO:seed7,PPO,1081,48.03580000000005,0.45,0.48
env_cascade_broken,PPO:seed7,PPO,1082,26.359200000000016,0.34,0.52
env_cascade_broken,PPO:seed7,PPO,1083,45.950800000000015,0.43,0.48
env_cascade_broken,PPO:seed7,PPO,1084,70.58899999999998,0.39,0.49
env_cascade_broken,PPO:seed7,PPO,1085,4.924199999999985,0.56,0.36
env_cascade_broken,PPO:seed7,PPO,1086,31.694000000000017,0.52,0.41
env_cascade_broken,PPO:seed7,PPO,1087,8.971000000000025,0.54,0.36
env_cascade_broken,PPO:seed7,PPO,1088,33.341599999999985,0.48,0.41
env_cascade_broken,PPO:seed7,PPO,1089,26.709599999999995,0.53,0.41
env_cascade_broken,PPO:seed7,PPO,1090,23.07259999999998,0.41,0.47
env_cascade_broken,PPO:seed7,PPO,1091,35.63300000000001,0.31,0.49
env_cascade_broken,PPO:seed7,PPO,1092,47.654600000000016,0.48,0.43
env_cascade_broken,PPO:seed7,PPO,1093,2.9253999999999536,0.52,0.4
env_cascade_broken,PPO:seed7,PPO,1094,56.02619999999993,0.38,0.53
env_cascade_broken,PPO:seed7,PPO,1095,26.420199999999966,0.38,0.46
env_cascade_broken,PPO:seed7,PPO,1096,83.0834,0.43,0.48
env_cascade_broken,PPO:seed7,PPO,1097,52.857399999999984,0.41,0.46
env_cascade_broken,PPO:seed7,PPO,1098,69.36560000000001,0.47,0.44
env_cascade_broken,PPO:seed7,PPO,1099,84.50619999999998,0.34,0.5
env_cascade_broken,PPO:seed7,PPO,1100,69.01939999999996,0.45,0.49
env_cascade_broken,PPO:seed7,PPO,1101,39.82399999999997,0.44,0.47
env_cascade_broken,PPO:seed7,PPO,1102,-2.3183999999999827,0.52,0.36
env_cascade_broken,PPO:seed7,PPO,1103,41.787199999999956,0.53,0.44
env_cascade_broken,PPO:seed7,PPO,1104,51.84439999999999,0.46,0.46
env_cascade_broken,PPO:seed7,PPO,1105,-8.22400000000006,0.48,0.38
env_cascade_broken,PPO:seed7,PPO,1106,10.655000000000001,0.57,0.36
env_cascade_broken,PPO:seed7,PPO,1107,67.64059999999998,0.45,0.47
env_cascade_broken,PPO:seed7,PPO,1108,29.55099999999996,0.53,0.36
env_cascade_broken,PPO:seed7,PPO,1109,12.059800000000074,0.5,0.4
env_cascade_broken,PPO:seed7,PPO,1110,27.394800000000018,0.34,0.49
env_cascade_broken,PPO:seed7,PPO,1111,32.18960000000001,0.48,0.39
env_cascade_broken,PPO:seed7,PPO,1112,27.12960000000001,0.54,0.39
env_cascade_broken,PPO:seed7,PPO,1113,6.610799999999969,0.45,0.43
env_cascade_broken,PPO:seed7,PPO,1114,68.82000000000002,0.42,0.46
env_cascade_broken,PPO:seed7,PPO,1115,74.49939999999998,0.4,0.49
env_cascade_broken,PPO:seed7,PPO,1116,77.316,0.43,0.48
env_cascade_broken,PPO:seed7,PPO,1117,35.68439999999991,0.31,0.54
env_cascade_broken,PPO:seed7,PPO,1118,44.36280000000002,0.46,0.45
env_cascade_broken,PPO:seed7,PPO,1119,28.819999999999965,0.49,0.43
env_cascade_broken,PPO:seed7,PPO,1120,34.87839999999994,0.45,0.43
env_cascade_broken,PPO:seed7,PPO,1121,38.1002,0.46,0.47
env_cascade_broken,PPO:seed7,PPO,1122,-11.524599999999992,0.45,0.4
env_cascade_broken,PPO:seed7,PPO,1123,32.390600000000006,0.49,0.39
env_cascade_broken,PPO:seed7,PPO,1124,52.63279999999996,0.39,0.48
env_cascade_broken,PPO:seed7,PPO,1125,53.458799999999954,0.33,0.52
env_cascade_broken,PPO:seed7,PPO,1126,9.547399999999989,0.54,0.38
env_cascade_broken,PPO:seed7,PPO,1127,45.94640000000004,0.32,0.57
env_cascade_broken,PPO:seed7,PPO,1128,49.03740000000002,0.41,0.45
env_cascade_broken,PPO:seed7,PPO,1129,51.47959999999998,0.47,0.43
env_cascade_broken,PPO:seed7,PPO,1130,15.787599999999955,0.44,0.48
env_cascade_broken,PPO:seed7,PPO,1131,69.1772,0.49,0.44
env_cascade_broken,PPO:seed7,PPO,1132,51.678199999999975,0.31,0.51
env_cascade_broken,PPO:seed7,PPO,1133,24.106400000000022,0.59,0.39
env_cascade_broken,PPO:seed7,PPO,1134,54.10460000000002,0.52,0.41
env_cascade_broken,PPO:seed7,PPO,1135,41.235399999999984,0.53,0.42
env_cascade_broken,PPO:seed7,PPO,1136,55.373600000000025,0.44,0.5
env_cascade_broken,PPO:seed7,PPO,1137,53.377399999999966,0.37,0.45
env_cascade_broken,PPO:seed7,PPO,1138,31.788999999999945,0.41,0.46
env_cascade_broken,PPO:seed7,PPO,1139,30.789999999999964,0.39,0.52
env_cascade_broken,PPO:seed7,PPO,1140,41.008400000000094,0.29,0.55
env_cascade_broken,PPO:seed7,PPO,1141,44.47819999999999,0.52,0.38
env_cascade_broken,PPO:seed7,PPO,1142,85.05960000000002,0.36,0.52
env_cascade_broken,PPO:seed7,PPO,1143,11.485000000000099,0.33,0.49
env_cascade_broken,PPO:seed7,PPO,1144,36.3364,0.46,0.45
env_cascade_broken,PPO:seed7,PPO,1145,54.70220000000009,0.31,0.55
env_cascade_broken,PPO:seed7,PPO,1146,19.592799999999983,0.5,0.4
env_cascade_broken,PPO:seed7,PPO,1147,42.64299999999999,0.52,0.42
env_cascade_broken,PPO:seed7,PPO,1148,52.86839999999998,0.45,0.43
env_cascade_broken,PPO:seed7,PPO,1149,25.022199999999998,0.42,0.49
env_cascade_broken,PPO:seed7,PPO,1150,68.63520000000003,0.4,0.53
env_cascade_broken,PPO:seed7,PPO,1151,15.703400000000002,0.54,0.39
env_cascade_broken,PPO:seed7,PPO,1152,48.70920000000005,0.42,0.45
env_cascade_broken,PPO:seed7,PPO,1153,58.72699999999995,0.49,0.44
env_cascade_broken,PPO:seed7,PPO,1154,67.24600000000007,0.29,0.54
env_cascade_broken,PPO:seed7,PPO,1155,63.09199999999997,0.54,0.42
env_cascade_broken,PPO:seed7,PPO,1156,30.70240000000001,0.47,0.43
env_cascade_broken,PPO:seed7,PPO,1157,19.162799999999976,0.52,0.4
env_cascade_broken,PPO:seed7,PPO,1158,35.53300000000007,0.39,0.44
env_cascade_broken,PPO:seed7,PPO,1159,45.920399999999944,0.47,0.44
env_cascade_broken,PPO:seed7,PPO,1160,39.741399999999985,0.44,0.46
env_cascade_broken,PPO:seed7,PPO,1161,25.905000000000044,0.34,0.54
env_cascade_broken,PPO:seed7,PPO,1162,-4.9488000000000625,0.53,0.37
env_cascade_broken,PPO:seed7,PPO,1163,54.12259999999998,0.42,0.44
env_cascade_broken,PPO:seed7,PPO,1164,71.14540000000002,0.34,0.54
env_cascade_broken,PPO:seed7,PPO,1165,52.259400000000014,0.49,0.42
env_cascade_broken,PPO:seed7,PPO,1166,66.60619999999997,0.46,0.44
env_cascade_broken,PPO:seed7,PPO,1167,54.06079999999997,0.53,0.42
env_cascade_broken,PPO:seed7,PPO,1168,89.12099999999998,0.39,0.51
env_cascade_broken,PPO:seed7,PPO,1169,52.01699999999995,0.35,0.54
env_cascade_broken,PPO:seed7,PPO,1170,25.337599999999952,0.5,0.4
env_cascade_broken,PPO:seed7,PPO,1171,24.5214,0.53,0.41
env_cascade_broken,PPO:seed7,PPO,1172,53.15259999999998,0.42,0.51
env_cascade_broken,PPO:seed7,PPO,1173,25.733800000000002,0.55,0.36
env_cascade_broken,PPO:seed7,PPO,1174,59.97579999999999,0.45,0.47
env_cascade_broken,PPO:seed7,PPO,1175,62.724600000000024,0.42,0.49
env_cascade_broken,PPO:seed7,PPO,1176,35.55939999999998,0.56,0.4
env_cascade_broken,PPO:seed7,PPO,1177,36.068599999999975,0.44,0.49
env_cascade_broken,PPO:seed7,PPO,1178,28.809000000000026,0.54,0.4
env_cascade_broken,PPO:seed7,PPO,1179,54.40080000000002,0.3,0.55
env_cascade_broken,PPO:seed7,PPO,1180,88.40160000000003,0.3,0.54
env_cascade_broken,PPO:seed7,PPO,1181,28.95240000000001,0.52,0.42
env_cascade_broken,PPO:seed7,PPO,1182,22.58839999999995,0.49,0.43
env_cascade_broken,PPO:seed7,PPO,1183,36.40719999999996,0.44,0.44
env_cascade_broken,PPO:seed7,PPO,1184,9.2654,0.4,0.42
env_cascade_broken,PPO:seed7,PPO,1185,4.7931999999999775,0.55,0.39
env_cascade_broken,PPO:seed7,PPO,1186,69.60680000000005,0.37,0.52
env_cascade_broken,PPO:seed7,PPO,1187,35.68079999999999,0.52,0.41
env_cascade_broken,PPO:seed7,PPO,1188,47.87480000000002,0.42,0.44
env_cascade_broken,PPO:seed7,PPO,1189,20.368800000000007,0.45,0.41
env_cascade_broken,PPO:seed7,PPO,1190,35.277399999999986,0.53,0.43
env_cascade_broken,PPO:seed7,PPO,1191,29.148799999999966,0.41,0.44
env_cascade_broken,PPO:seed7,PPO,1192,4.603600000000029,0.41,0.43
env_cascade_broken,PPO:seed7,PPO,1193,33.238399999999984,0.33,0.48
env_cascade_broken,PPO:seed7,PPO,1194,41.379000000000005,0.49,0.41
env_cascade_broken,PPO:seed7,PPO,1195,70.55179999999997,0.39,0.48
env_cascade_broken,PPO:seed7,PPO,1196,40.99120000000002,0.51,0.44
env_cascade_broken,PPO:seed7,PPO,1197,19.410600000000002,0.52,0.44
env_cascade_broken,PPO:seed7,PPO,1198,7.916000000000011,0.44,0.42
env_cascade_broken,PPO:seed7,PPO,1199,29.258999999999986,0.39,0.48
env_cascade_broken,PPO:seed7,PPO,1200,54.09680000000003,0.42,0.46
env_cascade_broken,PPO:seed7,PPO,1201,85.0838,0.3,0.58
env_cascade_broken,PPO:seed7,PPO,1202,32.72059999999999,0.57,0.39
env_cascade_broken,PPO:seed7,PPO,1203,75.78140000000003,0.37,0.51
env_cascade_broken,PPO:seed7,PPO,1204,24.593800000000016,0.41,0.49
env_cascade_broken,PPO:seed7,PPO,1205,44.96300000000001,0.35,0.51
env_cascade_broken,PPO:seed7,PPO,1206,21.599999999999895,0.4,0.45
env_cascade_broken,PPO:seed7,PPO,1207,49.7046,0.4,0.48
env_cascade_broken,PPO:seed7,PPO,1208,49.59099999999992,0.39,0.51
env_cascade_broken,PPO:seed7,PPO,1209,-9.682000000000073,0.42,0.45
env_cascade_broken,PPO:seed7,PPO,1210,26.16840000000002,0.5,0.45
env_cascade_broken,PPO:seed7,PPO,1211,33.453400000000016,0.36,0.47
env_cascade_broken,PPO:seed7,PPO,1212,47.46340000000005,0.39,0.47
env_cascade_broken,PPO:seed7,PPO,1213,17.766400000000033,0.54,0.38
env_cascade_broken,PPO:seed7,PPO,1214,27.837800000000016,0.35,0.48
env_cascade_broken,PPO:seed7,PPO,1215,43.26980000000006,0.51,0.45
env_cascade_broken,PPO:seed7,PPO,1216,34.74740000000007,0.38,0.53
env_cascade_broken,PPO:seed7,PPO,1217,57.229400000000055,0.44,0.5
env_cascade_broken,PPO:seed7,PPO,1218,82.4004,0.44,0.48
env_cascade_broken,PPO:seed7,PPO,1219,65.09799999999997,0.33,0.49
env_cascade_broken,PPO:seed7,PPO,1220,73.00860000000002,0.47,0.45
env_cascade_broken,PPO:seed7,PPO,1221,37.41199999999998,0.4,0.45
env_cascade_broken,PPO:seed7,PPO,1222,28.277999999999935,0.43,0.44
env_cascade_broken,PPO:seed7,PPO,1223,41.50479999999999,0.34,0.49
env_cascade_broken,PPO:seed7,PPO,1224,28.100399999999965,0.41,0.46
env_cascade_broken,PPO:seed7,PPO,1225,-1.6896000000000555,0.51,0.4
env_cascade_broken,PPO:seed7,PPO,1226,26.226400000000012,0.51,0.35
env_cascade_broken,PPO:seed7,PPO,1227,48.075200000000024,0.47,0.43
env_cascade_broken,PPO:seed7,PPO,1228,39.151399999999995,0.53,0.41
env_cascade_broken,PPO:seed7,PPO,1229,46.828199999999995,0.43,0.48
env_cascade_broken,PPO:seed7,PPO,1230,61.238000000000014,0.35,0.52
env_cascade_broken,PPO:seed7,PPO,1231,34.02059999999996,0.44,0.49
env_cascade_broken,PPO:seed7,PPO,1232,27.182000000000045,0.56,0.37
env_cascade_broken,PPO:seed7,PPO,1233,73.27659999999993,0.32,0.53
env_cascade_broken,PPO:seed7,PPO,1234,30.49380000000002,0.55,0.38
env_cascade_broken,PPO:seed7,PPO,1235,70.63999999999999,0.45,0.46
env_cascade_broken,PPO:seed7,PPO,1236,18.893399999999986,0.39,0.49
env_cascade_broken,PPO:seed7,PPO,1237,53.28079999999997,0.36,0.5
env_cascade_broken,PPO:seed7,PPO,1238,24.629999999999995,0.46,0.43
env_cascade_broken,PPO:seed7,PPO,1239,60.11280000000002,0.36,0.56
env_cascade_broken,PPO:seed7,PPO,1240,59.470399999999984,0.51,0.44
env_cascade_broken,PPO:seed7,PPO,1241,58.233399999999946,0.4,0.49
env_cascade_broken,PPO:seed7,PPO,1242,65.486,0.35,0.55
env_cascade_broken,PPO:seed7,PPO,1243,33.37479999999999,0.35,0.5
env_cascade_broken,PPO:seed7,PPO,1244,49.16639999999995,0.44,0.5
env_cascade_broken,PPO:seed7,PPO,1245,41.75580000000002,0.45,0.43
env_cascade_broken,PPO:seed7,PPO,1246,14.9268,0.57,0.36
env_cascade_broken,PPO:seed7,PPO,1247,51.65319999999997,0.39,0.5
env_cascade_broken,PPO:seed7,PPO,1248,65.61280000000002,0.47,0.46
env_cascade_broken,PPO:seed7,PPO,1249,65.01940000000003,0.47,0.44
env_heavytail_tight,always_execute,baseline,1000,354.63839999999993,0.16,0.38
env_heavytail_tight,always_execute,baseline,1001,521.0906,0.11,0.38
env_heavytail_tight,always_execute,baseline,1002,532.082,0.12,0.42
env_heavytail_tight,always_execute,baseline,1003,419.58259999999996,0.1,0.45
env_heavytail_tight,always_execute,baseline,1004,384.0582,0.16,0.39
env_heavytail_tight,always_execute,baseline,1005,481.387,0.14,0.42
env_heavytail_tight,always_execute,baseline,1006,280.3174,0.11,0.43
env_heavytail_tight,always_execute,baseline,1007,546.6934,0.13,0.38
env_heavytail_tight,always_execute,baseline,1008,577.9875999999999,0.16,0.4
env_heavytail_tight,always_execute,baseline,1009,502.57700000000006,0.08,0.42
env_heavytail_tight,always_execute,baseline,1010,372.7432,0.1,0.42
env_heavytail_tight,always_execute,baseline,1011,340.3534,0.14,0.42
env_heavytail_tight,always_execute,baseline,1012,575.8178,0.13,0.44
env_heavytail_tight,always_execute,baseline,1013,270.6878,0.11,0.45
env_heavytail_tight,always_execute,baseline,1014,447.83320000000003,0.14,0.42
env_heavytail_tight,always_execute,baseline,1015,327.62199999999996,0.2,0.42
env_heavytail_tight,always_execute,baseline,1016,428.23179999999996,0.13,0.38
env_heavytail_tight,always_execute,baseline,1017,276.5538,0.19,0.4
env_heavytail_tight,always_execute,baseline,1018,535.1653999999999,0.12,0.42
env_heavytail_tight,always_execute,baseline,1019,431.6078,0.18,0.4
env_heavytail_tight,always_execute,baseline,1020,484.42379999999997,0.16,0.43
env_heavytail_tight,always_execute,baseline,1021,366.5892,0.16,0.41
env_heavytail_tight,always_execute,baseline,1022,268.71320000000003,0.19,0.41
env_heavytail_tight,always_execute,baseline,1023,577.048,0.15,0.42
env_heavytail_tight,always_execute,baseline,1024,549.8548000000001,0.11,0.42
env_heavytail_tight,always_execute,baseline,1025,223.9692,0.16,0.36
env_heavytail_tight,always_execute,baseline,1026,461.479,0.12,0.42
env_heavytail_tight,always_execute,baseline,1027,648.0880000000001,0.14,0.42
env_heavytail_tight,always_execute,baseline,1028,454.2332,0.16,0.39
env_heavytail_tight,always_execute,baseline,1029,298.28839999999997,0.17,0.38
env_heavytail_tight,always_execute,baseline,1030,233.09999999999997,0.16,0.38
env_heavytail_tight,always_execute,baseline,1031,437.48080000000004,0.14,0.38
env_heavytail_tight,always_execute,baseline,1032,497.0208,0.15,0.36
env_heavytail_tight,always_execute,baseline,1033,442.941,0.12,0.42
env_heavytail_tight,always_execute,baseline,1034,409.4536,0.07,0.41
env_heavytail_tight,always_execute,baseline,1035,423.1108,0.12,0.42
env_heavytail_tight,always_execute,baseline,1036,623.0646,0.17,0.44
env_heavytail_tight,always_execute,baseline,1037,300.3248,0.19,0.4
env_heavytail_tight,always_execute,baseline,1038,544.6472,0.1,0.45
env_heavytail_tight,always_execute,baseline,1039,363.4554,0.18,0.39
env_heavytail_tight,always_execute,baseline,1040,407.6548,0.17,0.43
env_heavytail_tight,always_execute,baseline,1041,401.1286,0.13,0.47
env_heavytail_tight,always_execute,baseline,1042,448.821,0.06,0.44
env_heavytail_tight,always_execute,baseline,1043,650.2544,0.11,0.41
env_heavytail_tight,always_execute,baseline,1044,670.7328,0.15,0.42
env_heavytail_tight,always_execute,baseline,1045,440.09979999999996,0.09,0.43
env_heavytail_tight,always_execute,baseline,1046,681.9212000000001,0.08,0.44
env_heavytail_tight,always_execute,baseline,1047,641.9953999999999,0.08,0.44
env_heavytail_tight,always_execute,baseline,1048,580.3371999999999,0.12,0.41
env_heavytail_tight,always_execute,baseline,1049,565.1762000000001,0.14,0.47
env_heavytail_tight,always_execute,baseline,1050,532.8611999999999,0.15,0.47
env_heavytail_tight,always_execute,baseline,1051,189.4758,0.12,0.39
env_heavytail_tight,always_execute,baseline,1052,352.8178,0.16,0.43
env_heavytail_tight,always_execute,baseline,1053,657.9294,0.12,0.43
env_heavytail_tight,always_execute,baseline,1054,483.70120000000003,0.13,0.44
env_heavytail_tight,always_execute,baseline,1055,483.82019999999994,0.11,0.42
env_heavytail_tight,always_execute,baseline,1056,274.19919999999996,0.13,0.46
env_heavytail_tight,always_execute,baseline,1057,360.1612,0.18,0.35
env_heavytail_tight,always_execute,baseline,1058,403.2848,0.14,0.39
env_heavytail_tight,always_execute,baseline,1059,524.4652,0.06,0.46
env_heavytail_tight,always_execute,baseline,1060,407.4288,0.14,0.39
env_heavytail_tight,always_execute,baseline,1061,603.501,0.09,0.44
env_heavytail_tight,always_execute,baseline,1062,479.2592,0.12,0.43
env_heavytail_tight,always_execute,baseline,1063,438.634,0.1,0.4
env_heavytail_tight,always_execute,baseline,1064,346.9498000000001,0.15,0.41
env_heavytail_tight,always_execute,baseline,1065,558.0258,0.14,0.42
env_heavytail_tight,always_execute,baseline,1066,457.7784,0.15,0.4
env_heavytail_tight,always_execute,baseline,1067,491.03220000000005,0.11,0.47
env_heavytail_tight,always_execute,baseline,1068,355.6626,0.12,0.39
env_heavytail_tight,always_execute,baseline,1069,283.1037999999999,0.14,0.44
env_heavytail_tight,always_execute,baseline,1070,360.962,0.08,0.42
env_heavytail_tight,always_execute,baseline,1071,495.595,0.12,0.43
env_heavytail_tight,always_execute,baseline,1072,626.242,0.16,0.44
env_heavytail_tight,always_execute,baseline,1073,618.0654,0.13,0.43
env_heavytail_tight,always_execute,baseline,1074,602.2346,0.13,0.47
env_heavytail_tight,always_execute,baseline,1075,317.043,0.09,0.49
env_heavytail_tight,always_execute,baseline,1076,508.01240000000007,0.18,0.42
env_heavytail_tight,always_execute,baseline,1077,383.25620000000004,0.07,0.46
env_heavytail_tight,always_execute,baseline,1078,507.31860000000006,0.08,0.45
env_heavytail_tight,always_execute,baseline,1079,369.51140000000004,0.17,0.41
env_heavytail_tight,always_execute,baseline,1080,615.4022,0.13,0.43
env_heavytail_tight,always_execute,baseline,1081,509.22659999999996,0.11,0.44
env_heavytail_tight,always_execute,baseline,1082,526.9480000000001,0.15,0.38
env_heavytail_tight,always_execute,baseline,1083,677.8618,0.1,0.43
env_heavytail_tight,always_execute,baseline,1084,383.14459999999997,0.15,0.39
env_heavytail_tight,always_execute,baseline,1085,351.00280000000004,0.14,0.42
env_heavytail_tight,always_execute,baseline,1086,519.6496,0.11,0.38
env_heavytail_tight,always_execute,baseline,1087,610.8766,0.12,0.41
env_heavytail_tight,always_execute,baseline,1088,492.46419999999995,0.1,0.4
env_heavytail_tight,always_execute,baseline,1089,392.32099999999997,0.13,0.4
env_heavytail_tight,always_execute,baseline,1090,514.1514000000001,0.11,0.43
env_heavytail_tight,always_execute,baseline,1091,430.371,0.15,0.39
env_heavytail_tight,always_execute,baseline,1092,268.8894,0.15,0.37
env_heavytail_tight,always_execute,baseline,1093,306.9348,0.15,0.39
env_heavytail_tight,always_execute,baseline,1094,388.41580000000005,0.13,0.4
env_heavytail_tight,always_execute,baseline,1095,439.3226000000001,0.19,0.38
env_heavytail_tight,always_execute,baseline,1096,294.16380000000004,0.12,0.42
env_heavytail_tight,always_execute,baseline,1097,491.55979999999994,0.11,0.47
env_heavytail_tight,always_execute,baseline,1098,413.49719999999996,0.18,0.38
env_heavytail_tight,always_execute,baseline,1099,344.59799999999996,0.15,0.4
env_heavytail_tight,always_execute,baseline,1100,207.17479999999998,0.19,0.38
env_heavytail_tight,always_execute,baseline,1101,295.048,0.11,0.41
env_heavytail_tight,always_execute,baseline,1102,634.7330000000001,0.09,0.42
env_heavytail_tight,always_execute,baseline,1103,444.36340000000007,0.16,0.44
env_heavytail_tight,always_execute,baseline,1104,812.6414,0.06,0.44
env_heavytail_tight,always_execute,baseline,1105,386.9918,0.18,0.42
env_heavytail_tight,always_execute,baseline,1106,495.62319999999994,0.12,0.42
env_heavytail_tight,always_execute,baseline,1107,460.4958,0.13,0.42
env_heavytail_tight,always_execute,baseline,1108,504.54639999999995,0.14,0.39
env_heavytail_tight,always_execute,baseline,1109,474.7588,0.08,0.48
env_heavytail_tight,always_execute,baseline,1110,601.4712,0.1,0.45
env_heavytail_tight,always_execute,baseline,1111,366.3674,0.15,0.41
env_heavytail_tight,always_execute,baseline,1112,558.4762000000001,0.13,0.4
env_heavytail_tight,always_execute,baseline,1113,536.8122,0.11,0.43
env_heavytail_tight,always_execute,baseline,1114,551.1397999999999,0.17,0.45
env_heavytail_tight,always_execute,baseline,1115,442.1124,0.12,0.43
env_heavytail_tight,always_execute,baseline,1116,175.60439999999997,0.17,0.37
env_heavytail_tight,always_execute,baseline,1117,290.3606,0.13,0.49
env_heavytail_tight,always_execute,baseline,1118,270.751,0.11,0.43
env_heavytail_tight,always_execute,baseline,1119,242.56940000000003,0.18,0.37
env_heavytail_tight,always_execute,baseline,1120,532.8328,0.08,0.43
env_heavytail_tight,always_execute,baseline,1121,404.93199999999996,0.17,0.35
env_heavytail_tight,always_execute,baseline,1122,426.209,0.09,0.37
env_heavytail_tight,always_execute,baseline,1123,575.4082000000001,0.13,0.41
env_heavytail_tight,always_execute,baseline,1124,521.6616,0.13,0.42
env_heavytail_tight,always_execute,baseline,1125,432.42179999999996,0.11,0.44
env_heavytail_tight,always_execute,baseline,1126,478.36619999999994,0.13,0.43
env_heavytail_tight,always_execute,baseline,1127,287.3446,0.16,0.39
env_heavytail_tight,always_execute,baseline,1128,473.891,0.09,0.42
env_heavytail_tight,always_execute,baseline,1129,483.63199999999995,0.21,0.33
env_heavytail_tight,always_execute,baseline,1130,583.1994000000001,0.17,0.39
env_heavytail_tight,always_execute,baseline,1131,347.0572,0.17,0.39
env_heavytail_tight,always_execute,baseline,1132,320.6142,0.11,0.41
env_heavytail_tight,always_execute,baseline,1133,423.31680000000006,0.12,0.43
env_heavytail_tight,always_execute,baseline,1134,137.8822,0.14,0.41
env_heavytail_tight,always_execute,baseline,1135,349.7572,0.18,0.36
env_heavytail_tight,always_execute,baseline,1136,578.5992000000001,0.15,0.42
env_heavytail_tight,always_execute,baseline,1137,591.1406000000001,0.13,0.47
env_heavytail_tight,always_execute,baseline,1138,274.94280000000003,0.11,0.39
env_heavytail_tight,always_execute,baseline,1139,632.2810000000001,0.14,0.41
env_heavytail_tight,always_execute,baseline,1140,256.1528,0.13,0.4
env_heavytail_tight,always_execute,baseline,1141,259.45900000000006,0.13,0.43
env_heavytail_tight,always_execute,baseline,1142,306.30219999999997,0.16,0.41
env_heavytail_tight,always_execute,baseline,1143,576.4558,0.09,0.43
env_heavytail_tight,always_execute,baseline,1144,406.8406,0.06,0.51
env_heavytail_tight,always_execute,baseline,1145,506.7618,0.13,0.4
env_heavytail_tight,always_execute,baseline,1146,543.4920000000001,0.13,0.43
env_heavytail_tight,always_execute,baseline,1147,439.2842,0.11,0.42
env_heavytail_tight,always_execute,baseline,1148,415.654,0.11,0.43
env_heavytail_tight,always_execute,baseline,1149,326.4654,0.12,0.42
env_heavytail_tight,always_execute,baseline,1150,522.0432,0.15,0.43
env_heavytail_tight,always_execute,baseline,1151,364.7322000000001,0.16,0.42
env_heavytail_tight,always_execute,baseline,1152,380.27419999999995,0.16,0.4
env_heavytail_tight,always_execute,baseline,1153,475.9066,0.14,0.4
env_heavytail_tight,always_execute,baseline,1154,564.468,0.06,0.49
env_heavytail_tight,always_execute,baseline,1155,323.1672,0.16,0.41
env_heavytail_tight,always_execute,baseline,1156,368.5996,0.16,0.42
env_heavytail_tight,always_execute,baseline,1157,439.65160000000003,0.07,0.46
env_heavytail_tight,always_execute,baseline,1158,639.2493999999999,0.09,0.41
env_heavytail_tight,always_execute,baseline,1159,445.021,0.14,0.43
env_heavytail_tight,always_execute,baseline,1160,407.68339999999995,0.07,0.49
env_heavytail_tight,always_execute,baseline,1161,310.18479999999994,0.2,0.41
env_heavytail_tight,always_execute,baseline,1162,600.3602,0.19,0.34
env_heavytail_tight,always_execute,baseline,1163,505.5046,0.11,0.42
env_heavytail_tight,always_execute,baseline,1164,553.1125999999999,0.09,0.46
env_heavytail_tight,always_execute,baseline,1165,422.42260000000005,0.14,0.4
env_heavytail_tight,always_execute,baseline,1166,791.8964000000001,0.12,0.38
env_heavytail_tight,always_execute,baseline,1167,469.85020000000003,0.19,0.39
env_heavytail_tight,always_execute,baseline,1168,225.0778,0.12,0.42
env_heavytail_tight,always_execute,baseline,1169,502.1601999999999,0.11,0.42
env_heavytail_tight,always_execute,baseline,1170,386.2156,0.17,0.47
env_heavytail_tight,always_execute,baseline,1171,461.319,0.04,0.46
env_heavytail_tight,always_execute,baseline,1172,422.37960000000004,0.18,0.4
env_heavytail_tight,always_execute,baseline,1173,686.2804,0.1,0.44
env_heavytail_tight,always_execute,baseline,1174,682.1242,0.22,0.4
env_heavytail_tight,always_execute,baseline,1175,402.9986,0.07,0.46
env_heavytail_tight,always_execute,baseline,1176,347.48159999999996,0.22,0.34
env_heavytail_tight,always_execute,baseline,1177,436.40500000000003,0.12,0.44
env_heavytail_tight,always_execute,baseline,1178,515.0652,0.15,0.44
env_heavytail_tight,always_execute,baseline,1179,552.4495999999999,0.09,0.41
env_heavytail_tight,always_execute,baseline,1180,575.8218,0.06,0.49
env_heavytail_tight,always_execute,baseline,1181,364.6259999999999,0.14,0.43
env_heavytail_tight,always_execute,baseline,1182,290.1384,0.12,0.39
env_heavytail_tight,always_execute,baseline,1183,328.8596,0.13,0.39
env_heavytail_tight,always_execute,baseline,1184,323.2278,0.14,0.42
env_heavytail_tight,always_execute,baseline,1185,452.85179999999997,0.19,0.37
env_heavytail_tight,always_execute,baseline,1186,605.3028,0.11,0.45
env_heavytail_tight,always_execute,baseline,1187,411.52559999999994,0.12,0.39
env_heavytail_tight,always_execute,baseline,1188,365.9878,0.15,0.43
env_heavytail_tight,always_execute,baseline,1189,273.6506,0.18,0.38
env_heavytail_tight,always_execute,baseline,1190,611.054,0.14,0.39
env_heavytail_tight,always_execute,baseline,1191,387.50660000000005,0.15,0.4
env_heavytail_tight,always_execute,baseline,1192,422.7906,0.07,0.42
env_heavytail_tight,always_execute,baseline,1193,543.3664,0.04,0.45
env_heavytail_tight,always_execute,baseline,1194,294.6966,0.15,0.39
env_heavytail_tight,always_execute,baseline,1195,399.3896,0.17,0.37
env_heavytail_tight,always_execute,baseline,1196,391.0036,0.18,0.42
env_heavytail_tight,always_execute,baseline,1197,349.68500000000006,0.16,0.41
env_heavytail_tight,always_execute,baseline,1198,249.75399999999996,0.14,0.42
env_heavytail_tight,always_execute,baseline,1199,431.24160000000006,0.15,0.42
env_heavytail_tight,always_execute,baseline,1200,564.225,0.21,0.38
env_heavytail_tight,always_execute,baseline,1201,547.917,0.07,0.44
env_heavytail_tight,always_execute,baseline,1202,471.81419999999997,0.16,0.41
env_heavytail_tight,always_execute,baseline,1203,418.90919999999994,0.14,0.42
env_heavytail_tight,always_execute,baseline,1204,519.7847999999999,0.16,0.39
env_heavytail_tight,always_execute,baseline,1205,810.8439999999999,0.1,0.49
env_heavytail_tight,always_execute,baseline,1206,607.1676,0.14,0.42
env_heavytail_tight,always_execute,baseline,1207,331.285,0.14,0.42
env_heavytail_tight,always_execute,baseline,1208,523.4754,0.13,0.38
env_heavytail_tight,always_execute,baseline,1209,219.56140000000002,0.19,0.42
env_heavytail_tight,always_execute,baseline,1210,548.7588,0.16,0.38
env_heavytail_tight,always_execute,baseline,1211,497.9126,0.07,0.4
env_heavytail_tight,always_execute,baseline,1212,703.3752000000001,0.14,0.43
env_heavytail_tight,always_execute,baseline,1213,488.9858,0.09,0.43
env_heavytail_tight,always_execute,baseline,1214,373.0202,0.12,0.45
env_heavytail_tight,always_execute,baseline,1215,384.8738,0.16,0.43
env_heavytail_tight,always_execute,baseline,1216,488.214,0.12,0.41
env_heavytail_tight,always_execute,baseline,1217,377.0294,0.09,0.45
env_heavytail_tight,always_execute,baseline,1218,332.576,0.15,0.4
env_heavytail_tight,always_execute,baseline,1219,492.64019999999994,0.15,0.44
env_heavytail_tight,always_execute,baseline,1220,490.00159999999994,0.15,0.41
env_heavytail_tight,always_execute,baseline,1221,402.729,0.09,0.45
env_heavytail_tight,always_execute,baseline,1222,373.4944,0.16,0.43
env_heavytail_tight,always_execute,baseline,1223,566.7554,0.07,0.44
env_heavytail_tight,always_execute,baseline,1224,347.1984,0.09,0.46
env_heavytail_tight,always_execute,baseline,1225,599.1388,0.14,0.4
env_heavytail_tight,always_execute,baseline,1226,504.90099999999995,0.1,0.38
env_heavytail_tight,always_execute,baseline,1227,470.79699999999997,0.12,0.45
env_heavytail_tight,always_execute,baseline,1228,508.5468000000001,0.13,0.43
env_heavytail_tight,always_execute,baseline,1229,241.8668,0.19,0.39
env_heavytail_tight,always_execute,baseline,1230,362.6626,0.18,0.43
env_heavytail_tight,always_execute,baseline,1231,585.75,0.15,0.42
env_heavytail_tight,always_execute,baseline,1232,266.4988,0.13,0.44
env_heavytail_tight,always_execute,baseline,1233,395.4598,0.12,0.44
env_heavytail_tight,always_execute,baseline,1234,594.9861999999999,0.14,0.43
env_heavytail_tight,always_execute,baseline,1235,291.96840000000003,0.17,0.41
env_heavytail_tight,always_execute,baseline,1236,331.432,0.15,0.39
env_heavytail_tight,always_execute,baseline,1237,449.2962,0.1,0.4
env_heavytail_tight,always_execute,baseline,1238,331.28899999999993,0.13,0.43
env_heavytail_tight,always_execute,baseline,1239,572.8974,0.12,0.43
env_heavytail_tight,always_execute,baseline,1240,549.3022000000001,0.18,0.44
env_heavytail_tight,always_execute,baseline,1241,420.526,0.13,0.43
env_heavytail_tight,always_execute,baseline,1242,310.4008,0.15,0.42
env_heavytail_tight,always_execute,baseline,1243,601.8263999999999,0.11,0.45
env_heavytail_tight,always_execute,baseline,1244,278.7008,0.14,0.42
env_heavytail_tight,always_execute,baseline,1245,213.00600000000003,0.18,0.38
env_heavytail_tight,always_execute,baseline,1246,337.51320000000004,0.13,0.47
env_heavytail_tight,always_execute,baseline,1247,506.91060000000004,0.04,0.48
env_heavytail_tight,always_execute,baseline,1248,544.2360000000001,0.1,0.48
env_heavytail_tight,always_execute,baseline,1249,547.3807999999999,0.18,0.39
env_heavytail_tight,scale_when_blocked (hand),hand,1000,423.23080000000004,0.15,0.46
env_heavytail_tight,scale_when_blocked (hand),hand,1001,484.88340000000005,0.11,0.4
env_heavytail_tight,scale_when_blocked (hand),hand,1002,452.94859999999994,0.18,0.4
env_heavytail_tight,scale_when_blocked (hand),hand,1003,437.99559999999997,0.1,0.52
env_heavytail_tight,scale_when_blocked (hand),hand,1004,385.2278,0.15,0.41
env_heavytail_tight,scale_when_blocked (hand),hand,1005,466.597,0.14,0.46
env_heavytail_tight,scale_when_blocked (hand),hand,1006,306.419,0.12,0.47
env_heavytail_tight,scale_when_blocked (hand),hand,1007,439.8486,0.07,0.45
env_heavytail_tight,scale_when_blocked (hand),hand,1008,650.7379999999999,0.11,0.44
env_heavytail_tight,scale_when_blocked (hand),hand,1009,517.0852,0.09,0.48
env_heavytail_tight,scale_when_blocked (hand),hand,1010,341.5288,0.09,0.44
env_heavytail_tight,scale_when_blocked (hand),hand,1011,315.8494,0.22,0.41
env_heavytail_tight,scale_when_blocked (hand),hand,1012,572.4832,0.14,0.44
env_heavytail_tight,scale_when_blocked (hand),hand,1013,244.29880000000003,0.15,0.43
env_heavytail_tight,scale_when_blocked (hand),hand,1014,430.69499999999994,0.22,0.42
env_heavytail_tight,scale_when_blocked (hand),hand,1015,404.60200000000003,0.19,0.42
env_heavytail_tight,scale_when_blocked (hand),hand,1016,523.7974,0.09,0.41
env_heavytail_tight,scale_when_blocked (hand),hand,1017,407.959,0.17,0.48
env_heavytail_tight,scale_when_blocked (hand),hand,1018,501.9646,0.13,0.45
env_heavytail_tight,scale_when_blocked (hand),hand,1019,390.497,0.14,0.44
env_heavytail_tight,scale_when_blocked (hand),hand,1020,405.5754,0.19,0.44
env_heavytail_tight,scale_when_blocked (hand),hand,1021,379.06899999999996,0.15,0.45
env_heavytail_tight,scale_when_blocked (hand),hand,1022,275.7718,0.16,0.45
env_heavytail_tight,scale_when_blocked (hand),hand,1023,623.2414,0.16,0.46
env_heavytail_tight,scale_when_blocked (hand),hand,1024,543.3338,0.09,0.47
env_heavytail_tight,scale_when_blocked (hand),hand,1025,245.73839999999998,0.08,0.45
env_heavytail_tight,scale_when_blocked (hand),hand,1026,473.2152,0.15,0.43
env_heavytail_tight,scale_when_blocked (hand),hand,1027,662.9352,0.13,0.47
env_heavytail_tight,scale_when_blocked (hand),hand,1028,570.5536,0.12,0.48
env_heavytail_tight,scale_when_blocked (hand),hand,1029,391.68260000000004,0.14,0.45
env_heavytail_tight,scale_when_blocked (hand),hand,1030,236.53599999999997,0.18,0.43
env_heavytail_tight,scale_when_blocked (hand),hand,1031,348.718,0.15,0.41
env_heavytail_tight,scale_when_blocked (hand),hand,1032,531.6646,0.15,0.42
env_heavytail_tight,scale_when_blocked (hand),hand,1033,412.17319999999995,0.13,0.43
env_heavytail_tight,scale_when_blocked (hand),hand,1034,383.78880000000004,0.1,0.45
env_heavytail_tight,scale_when_blocked (hand),hand,1035,417.37519999999995,0.13,0.42
env_heavytail_tight,scale_when_blocked (hand),hand,1036,595.4334,0.14,0.45
env_heavytail_tight,scale_when_blocked (hand),hand,1037,373.6225999999999,0.1,0.45
env_heavytail_tight,scale_when_blocked (hand),hand,1038,543.7494,0.11,0.46
env_heavytail_tight,scale_when_blocked (hand),hand,1039,504.5384,0.11,0.45
env_heavytail_tight,scale_when_blocked (hand),hand,1040,395.5668,0.16,0.41
env_heavytail_tight,scale_when_blocked (hand),hand,1041,390.2606,0.09,0.49
env_heavytail_tight,scale_when_blocked (hand),hand,1042,455.847,0.09,0.45
env_heavytail_tight,scale_when_blocked (hand),hand,1043,693.9722,0.1,0.44
env_heavytail_tight,scale_when_blocked (hand),hand,1044,707.478,0.1,0.45
env_heavytail_tight,scale_when_blocked (hand),hand,1045,452.8658,0.06,0.47
env_heavytail_tight,scale_when_blocked (hand),hand,1046,601.6572000000001,0.19,0.39
env_heavytail_tight,scale_when_blocked (hand),hand,1047,750.9506,0.03,0.49
env_heavytail_tight,scale_when_blocked (hand),hand,1048,525.427,0.15,0.43
env_heavytail_tight,scale_when_blocked (hand),hand,1049,531.9584,0.19,0.47
env_heavytail_tight,scale_when_blocked (hand),hand,1050,437.6582,0.17,0.47
env_heavytail_tight,scale_when_blocked (hand),hand,1051,218.3198,0.15,0.42
env_heavytail_tight,scale_when_blocked (hand),hand,1052,374.77940000000007,0.13,0.47
env_heavytail_tight,scale_when_blocked (hand),hand,1053,669.9093999999999,0.11,0.46
env_heavytail_tight,scale_when_blocked (hand),hand,1054,495.145,0.15,0.47
env_heavytail_tight,scale_when_blocked (hand),hand,1055,469.4832,0.15,0.43
env_heavytail_tight,scale_when_blocked (hand),hand,1056,273.906,0.18,0.46
env_heavytail_tight,scale_when_blocked (hand),hand,1057,336.9954000000001,0.18,0.41
env_heavytail_tight,scale_when_blocked (hand),hand,1058,400.4138,0.19,0.4
env_heavytail_tight,scale_when_blocked (hand),hand,1059,542.6372,0.11,0.44
env_heavytail_tight,scale_when_blocked (hand),hand,1060,485.78740000000005,0.09,0.44
env_heavytail_tight,scale_when_blocked (hand),hand,1061,622.34,0.08,0.48
env_heavytail_tight,scale_when_blocked (hand),hand,1062,406.2226,0.17,0.49
env_heavytail_tight,scale_when_blocked (hand),hand,1063,482.30080000000004,0.13,0.41
env_heavytail_tight,scale_when_blocked (hand),hand,1064,400.70799999999997,0.17,0.47
env_heavytail_tight,scale_when_blocked (hand),hand,1065,541.6704000000001,0.12,0.43
env_heavytail_tight,scale_when_blocked (hand),hand,1066,509.43780000000004,0.17,0.43
env_heavytail_tight,scale_when_blocked (hand),hand,1067,468.3981999999999,0.16,0.48
env_heavytail_tight,scale_when_blocked (hand),hand,1068,342.4808,0.11,0.45
env_heavytail_tight,scale_when_blocked (hand),hand,1069,283.9262,0.16,0.45
env_heavytail_tight,scale_when_blocked (hand),hand,1070,320.9936,0.1,0.48
env_heavytail_tight,scale_when_blocked (hand),hand,1071,503.84000000000003,0.17,0.46
env_heavytail_tight,scale_when_blocked (hand),hand,1072,596.1974,0.13,0.47
env_heavytail_tight,scale_when_blocked (hand),hand,1073,594.4322,0.14,0.48
env_heavytail_tight,scale_when_blocked (hand),hand,1074,720.4198,0.1,0.52
env_heavytail_tight,scale_when_blocked (hand),hand,1075,235.8752,0.15,0.48
env_heavytail_tight,scale_when_blocked (hand),hand,1076,445.90500000000003,0.22,0.44
env_heavytail_tight,scale_when_blocked (hand),hand,1077,395.8062,0.11,0.47
env_heavytail_tight,scale_when_blocked (hand),hand,1078,498.4624,0.16,0.43
env_heavytail_tight,scale_when_blocked (hand),hand,1079,364.8972,0.12,0.44
env_heavytail_tight,scale_when_blocked (hand),hand,1080,632.5282,0.2,0.42
env_heavytail_tight,scale_when_blocked (hand),hand,1081,443.51779999999997,0.16,0.45
env_heavytail_tight,scale_when_blocked (hand),hand,1082,528.8538,0.14,0.44
env_heavytail_tight,scale_when_blocked (hand),hand,1083,704.2547999999999,0.06,0.48
env_heavytail_tight,scale_when_blocked (hand),hand,1084,380.8932,0.19,0.41
env_heavytail_tight,scale_when_blocked (hand),hand,1085,369.2576,0.17,0.44
env_heavytail_tight,scale_when_blocked (hand),hand,1086,488.5141999999999,0.15,0.38
env_heavytail_tight,scale_when_blocked (hand),hand,1087,691.0880000000001,0.09,0.46
env_heavytail_tight,scale_when_blocked (hand),hand,1088,500.06100000000004,0.09,0.49
env_heavytail_tight,scale_when_blocked (hand),hand,1089,420.73819999999995,0.1,0.5
env_heavytail_tight,scale_when_blocked (hand),hand,1090,541.5862000000001,0.16,0.49
env_heavytail_tight,scale_when_blocked (hand),hand,1091,476.2034,0.14,0.43
env_heavytail_tight,scale_when_blocked (hand),hand,1092,235.25559999999996,0.16,0.39
env_heavytail_tight,scale_when_blocked (hand),hand,1093,355.6024,0.15,0.43
env_heavytail_tight,scale_when_blocked (hand),hand,1094,346.06,0.15,0.43
env_heavytail_tight,scale_when_blocked (hand),hand,1095,568.4033999999999,0.1,0.44
env_heavytail_tight,scale_when_blocked (hand),hand,1096,306.5134,0.11,0.47
env_heavytail_tight,scale_when_blocked (hand),hand,1097,578.7810000000001,0.1,0.54
env_heavytail_tight,scale_when_blocked (hand),hand,1098,420.0878,0.17,0.45
env_heavytail_tight,scale_when_blocked (hand),hand,1099,384.196,0.12,0.46
env_heavytail_tight,scale_when_blocked (hand),hand,1100,200.23519999999996,0.19,0.42
env_heavytail_tight,scale_when_blocked (hand),hand,1101,359.6782,0.1,0.46
env_heavytail_tight,scale_when_blocked (hand),hand,1102,657.0012,0.15,0.43
env_heavytail_tight,scale_when_blocked (hand),hand,1103,496.4268,0.14,0.48
env_heavytail_tight,scale_when_blocked (hand),hand,1104,758.9490000000001,0.07,0.49
env_heavytail_tight,scale_when_blocked (hand),hand,1105,425.8562,0.2,0.42
env_heavytail_tight,scale_when_blocked (hand),hand,1106,537.8546,0.16,0.45
env_heavytail_tight,scale_when_blocked (hand),hand,1107,481.79320000000007,0.19,0.47
env_heavytail_tight,scale_when_blocked (hand),hand,1108,707.7382,0.11,0.44
env_heavytail_tight,scale_when_blocked (hand),hand,1109,412.0877999999999,0.12,0.46
env_heavytail_tight,scale_when_blocked (hand),hand,1110,651.144,0.12,0.46
env_heavytail_tight,scale_when_blocked (hand),hand,1111,341.7754,0.15,0.43
env_heavytail_tight,scale_when_blocked (hand),hand,1112,557.3994,0.19,0.4
env_heavytail_tight,scale_when_blocked (hand),hand,1113,635.3048,0.08,0.44
env_heavytail_tight,scale_when_blocked (hand),hand,1114,581.7346,0.15,0.47
env_heavytail_tight,scale_when_blocked (hand),hand,1115,484.6486,0.16,0.45
env_heavytail_tight,scale_when_blocked (hand),hand,1116,136.95080000000002,0.17,0.41
env_heavytail_tight,scale_when_blocked (hand),hand,1117,387.09279999999995,0.12,0.5
env_heavytail_tight,scale_when_blocked (hand),hand,1118,294.38140000000004,0.11,0.47
env_heavytail_tight,scale_when_blocked (hand),hand,1119,356.4662,0.16,0.44
env_heavytail_tight,scale_when_blocked (hand),hand,1120,396.90579999999994,0.18,0.39
env_heavytail_tight,scale_when_blocked (hand),hand,1121,408.571,0.2,0.38
env_heavytail_tight,scale_when_blocked (hand),hand,1122,472.1982,0.09,0.43
env_heavytail_tight,scale_when_blocked (hand),hand,1123,606.1006,0.15,0.44
env_heavytail_tight,scale_when_blocked (hand),hand,1124,513.5938,0.14,0.46
env_heavytail_tight,scale_when_blocked (hand),hand,1125,487.30019999999996,0.14,0.45
env_heavytail_tight,scale_when_blocked (hand),hand,1126,545.707,0.12,0.48
env_heavytail_tight,scale_when_blocked (hand),hand,1127,294.5906,0.11,0.43
env_heavytail_tight,scale_when_blocked (hand),hand,1128,428.2038,0.13,0.44
env_heavytail_tight,scale_when_blocked (hand),hand,1129,518.9046000000001,0.19,0.4
env_heavytail_tight,scale_when_blocked (hand),hand,1130,643.532,0.14,0.41
env_heavytail_tight,scale_when_blocked (hand),hand,1131,311.9312,0.14,0.41
env_heavytail_tight,scale_when_blocked (hand),hand,1132,313.11320000000006,0.1,0.45
env_heavytail_tight,scale_when_blocked (hand),hand,1133,399.25379999999996,0.14,0.47
env_heavytail_tight,scale_when_blocked (hand),hand,1134,244.5564,0.14,0.45
env_heavytail_tight,scale_when_blocked (hand),hand,1135,483.9782,0.14,0.44
env_heavytail_tight,scale_when_blocked (hand),hand,1136,675.6232,0.1,0.49
env_heavytail_tight,scale_when_blocked (hand),hand,1137,636.107,0.11,0.51
env_heavytail_tight,scale_when_blocked (hand),hand,1138,245.8218,0.15,0.4
env_heavytail_tight,scale_when_blocked (hand),hand,1139,659.7422,0.13,0.45
env_heavytail_tight,scale_when_blocked (hand),hand,1140,334.6758,0.1,0.46
env_heavytail_tight,scale_when_blocked (hand),hand,1141,264.9708,0.18,0.45
env_heavytail_tight,scale_when_blocked (hand),hand,1142,383.78139999999996,0.13,0.44
env_heavytail_tight,scale_when_blocked (hand),hand,1143,586.5536,0.09,0.46
env_heavytail_tight,scale_when_blocked (hand),hand,1144,415.0322,0.07,0.54
env_heavytail_tight,scale_when_blocked (hand),hand,1145,505.78020000000004,0.12,0.43
env_heavytail_tight,scale_when_blocked (hand),hand,1146,695.4286000000001,0.12,0.46
env_heavytail_tight,scale_when_blocked (hand),hand,1147,401.47659999999996,0.12,0.46
env_heavytail_tight,scale_when_blocked (hand),hand,1148,424.749,0.16,0.47
env_heavytail_tight,scale_when_blocked (hand),hand,1149,263.807,0.15,0.42
env_heavytail_tight,scale_when_blocked (hand),hand,1150,599.0372000000001,0.11,0.51
env_heavytail_tight,scale_when_blocked (hand),hand,1151,477.57499999999993,0.15,0.44
env_heavytail_tight,scale_when_blocked (hand),hand,1152,389.62600000000003,0.14,0.43
env_heavytail_tight,scale_when_blocked (hand),hand,1153,455.6404,0.17,0.4
env_heavytail_tight,scale_when_blocked (hand),hand,1154,646.0875999999998,0.12,0.47
env_heavytail_tight,scale_when_blocked (hand),hand,1155,383.94500000000005,0.12,0.47
env_heavytail_tight,scale_when_blocked (hand),hand,1156,433.524,0.12,0.45
env_heavytail_tight,scale_when_blocked (hand),hand,1157,436.78599999999994,0.09,0.45
env_heavytail_tight,scale_when_blocked (hand),hand,1158,605.4556,0.09,0.43
env_heavytail_tight,scale_when_blocked (hand),hand,1159,426.2132,0.14,0.47
env_heavytail_tight,scale_when_blocked (hand),hand,1160,376.67719999999997,0.06,0.5
env_heavytail_tight,scale_when_blocked (hand),hand,1161,197.42540000000005,0.21,0.42
env_heavytail_tight,scale_when_blocked (hand),hand,1162,630.0668,0.17,0.41
env_heavytail_tight,scale_when_blocked (hand),hand,1163,542.3304,0.06,0.46
env_heavytail_tight,scale_when_blocked (hand),hand,1164,543.3738,0.12,0.47
env_heavytail_tight,scale_when_blocked (hand),hand,1165,360.00939999999997,0.13,0.41
env_heavytail_tight,scale_when_blocked (hand),hand,1166,887.9055999999999,0.1,0.44
env_heavytail_tight,scale_when_blocked (hand),hand,1167,411.973,0.22,0.38
env_heavytail_tight,scale_when_blocked (hand),hand,1168,233.4324,0.13,0.48
env_heavytail_tight,scale_when_blocked (hand),hand,1169,612.7586,0.1,0.47
env_heavytail_tight,scale_when_blocked (hand),hand,1170,379.99260000000004,0.11,0.49
env_heavytail_tight,scale_when_blocked (hand),hand,1171,383.2706,0.12,0.46
env_heavytail_tight,scale_when_blocked (hand),hand,1172,458.54599999999994,0.2,0.42
env_heavytail_tight,scale_when_blocked (hand),hand,1173,687.9576000000001,0.1,0.49
env_heavytail_tight,scale_when_blocked (hand),hand,1174,671.2479999999999,0.16,0.45
env_heavytail_tight,scale_when_blocked (hand),hand,1175,349.5896,0.12,0.48
env_heavytail_tight,scale_when_blocked (hand),hand,1176,357.78360000000004,0.21,0.41
env_heavytail_tight,scale_when_blocked (hand),hand,1177,411.2194,0.16,0.44
env_heavytail_tight,scale_when_blocked (hand),hand,1178,483.05920000000003,0.19,0.42
env_heavytail_tight,scale_when_blocked (hand),hand,1179,591.1918,0.06,0.47
env_heavytail_tight,scale_when_blocked (hand),hand,1180,569.3548,0.09,0.5
env_heavytail_tight,scale_when_blocked (hand),hand,1181,357.0384,0.16,0.4
env_heavytail_tight,scale_when_blocked (hand),hand,1182,311.87059999999997,0.12,0.42
env_heavytail_tight,scale_when_blocked (hand),hand,1183,349.12940000000003,0.11,0.45
env_heavytail_tight,scale_when_blocked (hand),hand,1184,357.33660000000003,0.14,0.48
env_heavytail_tight,scale_when_blocked (hand),hand,1185,408.03819999999996,0.14,0.4
env_heavytail_tight,scale_when_blocked (hand),hand,1186,593.0644,0.1,0.46
env_heavytail_tight,scale_when_blocked (hand),hand,1187,389.6316,0.13,0.43
env_heavytail_tight,scale_when_blocked (hand),hand,1188,345.5894,0.17,0.43
env_heavytail_tight,scale_when_blocked (hand),hand,1189,429.5926,0.17,0.41
env_heavytail_tight,scale_when_blocked (hand),hand,1190,579.9126,0.19,0.42
env_heavytail_tight,scale_when_blocked (hand),hand,1191,276.405,0.15,0.43
env_heavytail_tight,scale_when_blocked (hand),hand,1192,403.3488,0.15,0.44
env_heavytail_tight,scale_when_blocked (hand),hand,1193,485.87440000000004,0.1,0.46
env_heavytail_tight,scale_when_blocked (hand),hand,1194,303.1076,0.17,0.4
env_heavytail_tight,scale_when_blocked (hand),hand,1195,426.7538,0.17,0.43
env_heavytail_tight,scale_when_blocked (hand),hand,1196,399.2194,0.14,0.46
env_heavytail_tight,scale_when_blocked (hand),hand,1197,359.36060000000003,0.12,0.46
env_heavytail_tight,scale_when_blocked (hand),hand,1198,351.1396,0.12,0.47
env_heavytail_tight,scale_when_blocked (hand),hand,1199,463.57200000000006,0.13,0.43
env_heavytail_tight,scale_when_blocked (hand),hand,1200,540.225,0.23,0.4
env_heavytail_tight,scale_when_blocked (hand),hand,1201,550.8318,0.06,0.48
env_heavytail_tight,scale_when_blocked (hand),hand,1202,509.4656,0.1,0.49
env_heavytail_tight,scale_when_blocked (hand),hand,1203,498.6888,0.1,0.45
env_heavytail_tight,scale_when_blocked (hand),hand,1204,740.2696,0.09,0.48
env_heavytail_tight,scale_when_blocked (hand),hand,1205,764.48,0.09,0.51
env_heavytail_tight,scale_when_blocked (hand),hand,1206,618.7238,0.16,0.43
env_heavytail_tight,scale_when_blocked (hand),hand,1207,401.7756,0.15,0.48
env_heavytail_tight,scale_when_blocked (hand),hand,1208,488.5556,0.15,0.43
env_heavytail_tight,scale_when_blocked (hand),hand,1209,239.12980000000002,0.16,0.43
env_heavytail_tight,scale_when_blocked (hand),hand,1210,608.1242,0.11,0.44
env_heavytail_tight,scale_when_blocked (hand),hand,1211,563.777,0.07,0.46
env_heavytail_tight,scale_when_blocked (hand),hand,1212,677.4080000000001,0.15,0.43
env_heavytail_tight,scale_when_blocked (hand),hand,1213,581.114,0.11,0.46
env_heavytail_tight,scale_when_blocked (hand),hand,1214,371.57460000000003,0.17,0.43
env_heavytail_tight,scale_when_blocked (hand),hand,1215,362.438,0.21,0.42
env_heavytail_tight,scale_when_blocked (hand),hand,1216,593.6759999999999,0.11,0.46
env_heavytail_tight,scale_when_blocked (hand),hand,1217,393.3996,0.1,0.46
env_heavytail_tight,scale_when_blocked (hand),hand,1218,391.3656,0.13,0.43
env_heavytail_tight,scale_when_blocked (hand),hand,1219,494.58359999999993,0.12,0.47
env_heavytail_tight,scale_when_blocked (hand),hand,1220,532.3636,0.12,0.45
env_heavytail_tight,scale_when_blocked (hand),hand,1221,449.35560000000004,0.12,0.42
env_heavytail_tight,scale_when_blocked (hand),hand,1222,425.121,0.12,0.48
env_heavytail_tight,scale_when_blocked (hand),hand,1223,527.1053999999999,0.11,0.47
env_heavytail_tight,scale_when_blocked (hand),hand,1224,359.94320000000005,0.11,0.49
env_heavytail_tight,scale_when_blocked (hand),hand,1225,548.3653999999999,0.18,0.42
env_heavytail_tight,scale_when_blocked (hand),hand,1226,509.6738,0.13,0.42
env_heavytail_tight,scale_when_blocked (hand),hand,1227,431.0632,0.19,0.44
env_heavytail_tight,scale_when_blocked (hand),hand,1228,550.1926000000001,0.13,0.44
env_heavytail_tight,scale_when_blocked (hand),hand,1229,289.64099999999996,0.16,0.46
env_heavytail_tight,scale_when_blocked (hand),hand,1230,363.8888,0.16,0.42
env_heavytail_tight,scale_when_blocked (hand),hand,1231,523.5861999999998,0.16,0.39
env_heavytail_tight,scale_when_blocked (hand),hand,1232,317.039,0.11,0.49
env_heavytail_tight,scale_when_blocked (hand),hand,1233,564.1336,0.08,0.53
env_heavytail_tight,scale_when_blocked (hand),hand,1234,585.4182,0.12,0.45
env_heavytail_tight,scale_when_blocked (hand),hand,1235,300.5072,0.13,0.44
env_heavytail_tight,scale_when_blocked (hand),hand,1236,334.9748000000001,0.13,0.44
env_heavytail_tight,scale_when_blocked (hand),hand,1237,499.53600000000006,0.07,0.45
env_heavytail_tight,scale_when_blocked (hand),hand,1238,316.2006,0.16,0.46
env_heavytail_tight,scale_when_blocked (hand),hand,1239,504.9440000000001,0.11,0.46
env_heavytail_tight,scale_when_blocked (hand),hand,1240,638.5898000000001,0.14,0.48
env_heavytail_tight,scale_when_blocked (hand),hand,1241,427.6616,0.14,0.42
env_heavytail_tight,scale_when_blocked (hand),hand,1242,282.09080000000006,0.11,0.46
env_heavytail_tight,scale_when_blocked (hand),hand,1243,570.2447999999999,0.17,0.42
env_heavytail_tight,scale_when_blocked (hand),hand,1244,267.0838,0.13,0.45
env_heavytail_tight,scale_when_blocked (hand),hand,1245,374.2268,0.09,0.42
env_heavytail_tight,scale_when_blocked (hand),hand,1246,379.025,0.13,0.48
env_heavytail_tight,scale_when_blocked (hand),hand,1247,456.0832,0.09,0.49
env_heavytail_tight,scale_when_blocked (hand),hand,1248,548.5232,0.09,0.51
env_heavytail_tight,scale_when_blocked (hand),hand,1249,558.0798,0.16,0.42
env_heavytail_tight,REINFORCE:seed11,REINFORCE,1000,354.63839999999993,0.16,0.38
env_heavytail_tight,REINFORCE:seed11,REINFORCE,1001,521.0906,0.11,0.38
env_heavytail_tight,REINFORCE:seed11,REINFORCE,1002,532.082,0.12,0.42
env_heavytail_tight,REINFORCE:seed11,REINFORCE,1003,419.58259999999996,0.1,0.45
env_heavytail_tight,REINFORCE:seed11,REINFORCE,1004,384.0582,0.16,0.39
env_heavytail_tight,REINFORCE:seed11,REINFORCE,1005,481.387,0.14,0.42
env_heavytail_tight,REINFORCE:seed11,REINFORCE,1006,280.3174,0.11,0.43
env_heavytail_tight,REINFORCE:seed11,REINFORCE,1007,546.6934,0.13,0.38
env_heavytail_tight,REINFORCE:seed11,REINFORCE,1008,577.9875999999999,0.16,0.4
env_heavytail_tight,REINFORCE:seed11,REINFORCE,1009,502.57700000000006,0.08,0.42
env_heavytail_tight,REINFORCE:seed11,REINFORCE,1010,372.7432,0.1,0.42
env_heavytail_tight,REINFORCE:seed11,REINFORCE,1011,340.3534,0.14,0.42
env_heavytail_tight,REINFORCE:seed11,REINFORCE,1012,575.8178,0.13,0.44
env_heavytail_tight,REINFORCE:seed11,REINFORCE,1013,270.6878,0.11,0.45
env_heavytail_tight,REINFORCE:seed11,REINFORCE,1014,447.83320000000003,0.14,0.42
env_heavytail_tight,REINFORCE:seed11,REINFORCE,1015,327.62199999999996,0.2,0.42
env_heavytail_tight,REINFORCE:seed11,REINFORCE,1016,428.23179999999996,0.13,0.38
env_heavytail_tight,REINFORCE:seed11,REINFORCE,1017,276.5538,0.19,0.4
env_heavytail_tight,REINFORCE:seed11,REINFORCE,1018,535.1653999999999,0.12,0.42
env_heavytail_tight,REINFORCE:seed11,REINFORCE,1019,431.6078,0.18,0.4
env_heavytail_tight,REINFORCE:seed11,REINFORCE,1020,484.42379999999997,0.16,0.43
env_heavytail_tight,REINFORCE:seed11,REINFORCE,1021,366.5892,0.16,0.41
env_heavytail_tight,REINFORCE:seed11,REINFORCE,1022,268.71320000000003,0.19,0.41
env_heavytail_tight,REINFORCE:seed11,REINFORCE,1023,577.048,0.15,0.42
env_heavytail_tight,REINFORCE:seed11,REINFORCE,1024,549.8548000000001,0.11,0.42
env_heavytail_tight,REINFORCE:seed11,REINFORCE,1025,223.9692,0.16,0.36
env_heavytail_tight,REINFORCE:seed11,REINFORCE,1026,461.479,0.12,0.42
env_heavytail_tight,REINFORCE:seed11,REINFORCE,1027,648.0880000000001,0.14,0.42
env_heavytail_tight,REINFORCE:seed11,REINFORCE,1028,454.2332,0.16,0.39
env_heavytail_tight,REINFORCE:seed11,REINFORCE,1029,298.28839999999997,0.17,0.38
env_heavytail_tight,REINFORCE:seed11,REINFORCE,1030,233.09999999999997,0.16,0.38
env_heavytail_tight,REINFORCE:seed11,REINFORCE,1031,437.48080000000004,0.14,0.38
env_heavytail_tight,REINFORCE:seed11,REINFORCE,1032,497.0208,0.15,0.36
env_heavytail_tight,REINFORCE:seed11,REINFORCE,1033,442.941,0.12,0.42
env_heavytail_tight,REINFORCE:seed11,REINFORCE,1034,409.4536,0.07,0.41
env_heavytail_tight,REINFORCE:seed11,REINFORCE,1035,423.1108,0.12,0.42
env_heavytail_tight,REINFORCE:seed11,REINFORCE,1036,623.0646,0.17,0.44
env_heavytail_tight,REINFORCE:seed11,REINFORCE,1037,300.3248,0.19,0.4
env_heavytail_tight,REINFORCE:seed11,REINFORCE,1038,544.6472,0.1,0.45
env_heavytail_tight,REINFORCE:seed11,REINFORCE,1039,363.4554,0.18,0.39
env_heavytail_tight,REINFORCE:seed11,REINFORCE,1040,407.6548,0.17,0.43
env_heavytail_tight,REINFORCE:seed11,REINFORCE,1041,401.1286,0.13,0.47
env_heavytail_tight,REINFORCE:seed11,REINFORCE,1042,448.821,0.06,0.44
env_heavytail_tight,REINFORCE:seed11,REINFORCE,1043,650.2544,0.11,0.41
env_heavytail_tight,REINFORCE:seed11,REINFORCE,1044,670.7328,0.15,0.42
env_heavytail_tight,REINFORCE:seed11,REINFORCE,1045,440.09979999999996,0.09,0.43
env_heavytail_tight,REINFORCE:seed11,REINFORCE,1046,681.9212000000001,0.08,0.44
env_heavytail_tight,REINFORCE:seed11,REINFORCE,1047,641.9953999999999,0.08,0.44
env_heavytail_tight,REINFORCE:seed11,REINFORCE,1048,580.3371999999999,0.12,0.41
env_heavytail_tight,REINFORCE:seed11,REINFORCE,1049,565.1762000000001,0.14,0.47
env_heavytail_tight,REINFORCE:seed11,REINFORCE,1050,532.8611999999999,0.15,0.47
env_heavytail_tight,REINFORCE:seed11,REINFORCE,1051,189.4758,0.12,0.39
env_heavytail_tight,REINFORCE:seed11,REINFORCE,1052,352.8178,0.16,0.43
env_heavytail_tight,REINFORCE:seed11,REINFORCE,1053,657.9294,0.12,0.43
env_heavytail_tight,REINFORCE:seed11,REINFORCE,1054,483.70120000000003,0.13,0.44
env_heavytail_tight,REINFORCE:seed11,REINFORCE,1055,483.82019999999994,0.11,0.42
env_heavytail_tight,REINFORCE:seed11,REINFORCE,1056,274.19919999999996,0.13,0.46
env_heavytail_tight,REINFORCE:seed11,REINFORCE,1057,360.1612,0.18,0.35
env_heavytail_tight,REINFORCE:seed11,REINFORCE,1058,403.2848,0.14,0.39
env_heavytail_tight,REINFORCE:seed11,REINFORCE,1059,524.4652,0.06,0.46
env_heavytail_tight,REINFORCE:seed11,REINFORCE,1060,407.4288,0.14,0.39
env_heavytail_tight,REINFORCE:seed11,REINFORCE,1061,603.501,0.09,0.44
env_heavytail_tight,REINFORCE:seed11,REINFORCE,1062,479.2592,0.12,0.43
env_heavytail_tight,REINFORCE:seed11,REINFORCE,1063,438.634,0.1,0.4
env_heavytail_tight,REINFORCE:seed11,REINFORCE,1064,346.9498000000001,0.15,0.41
env_heavytail_tight,REINFORCE:seed11,REINFORCE,1065,558.0258,0.14,0.42
env_heavytail_tight,REINFORCE:seed11,REINFORCE,1066,457.7784,0.15,0.4
env_heavytail_tight,REINFORCE:seed11,REINFORCE,1067,491.03220000000005,0.11,0.47
env_heavytail_tight,REINFORCE:seed11,REINFORCE,1068,355.6626,0.12,0.39
env_heavytail_tight,REINFORCE:seed11,REINFORCE,1069,283.1037999999999,0.14,0.44
env_heavytail_tight,REINFORCE:seed11,REINFORCE,1070,360.962,0.08,0.42
env_heavytail_tight,REINFORCE:seed11,REINFORCE,1071,495.595,0.12,0.43
env_heavytail_tight,REINFORCE:seed11,REINFORCE,1072,626.242,0.16,0.44
env_heavytail_tight,REINFORCE:seed11,REINFORCE,1073,618.0654,0.13,0.43
env_heavytail_tight,REINFORCE:seed11,REINFORCE,1074,602.2346,0.13,0.47
env_heavytail_tight,REINFORCE:seed11,REINFORCE,1075,317.043,0.09,0.49
env_heavytail_tight,REINFORCE:seed11,REINFORCE,1076,508.01240000000007,0.18,0.42
env_heavytail_tight,REINFORCE:seed11,REINFORCE,1077,383.25620000000004,0.07,0.46
env_heavytail_tight,REINFORCE:seed11,REINFORCE,1078,507.31860000000006,0.08,0.45
env_heavytail_tight,REINFORCE:seed11,REINFORCE,1079,369.51140000000004,0.17,0.41
env_heavytail_tight,REINFORCE:seed11,REINFORCE,1080,615.4022,0.13,0.43
env_heavytail_tight,REINFORCE:seed11,REINFORCE,1081,509.22659999999996,0.11,0.44
env_heavytail_tight,REINFORCE:seed11,REINFORCE,1082,526.9480000000001,0.15,0.38
env_heavytail_tight,REINFORCE:seed11,REINFORCE,1083,677.8618,0.1,0.43
env_heavytail_tight,REINFORCE:seed11,REINFORCE,1084,383.14459999999997,0.15,0.39
env_heavytail_tight,REINFORCE:seed11,REINFORCE,1085,351.00280000000004,0.14,0.42
env_heavytail_tight,REINFORCE:seed11,REINFORCE,1086,519.6496,0.11,0.38
env_heavytail_tight,REINFORCE:seed11,REINFORCE,1087,610.8766,0.12,0.41
env_heavytail_tight,REINFORCE:seed11,REINFORCE,1088,492.46419999999995,0.1,0.4
env_heavytail_tight,REINFORCE:seed11,REINFORCE,1089,392.32099999999997,0.13,0.4
env_heavytail_tight,REINFORCE:seed11,REINFORCE,1090,514.1514000000001,0.11,0.43
env_heavytail_tight,REINFORCE:seed11,REINFORCE,1091,430.371,0.15,0.39
env_heavytail_tight,REINFORCE:seed11,REINFORCE,1092,268.8894,0.15,0.37
env_heavytail_tight,REINFORCE:seed11,REINFORCE,1093,306.9348,0.15,0.39
env_heavytail_tight,REINFORCE:seed11,REINFORCE,1094,388.41580000000005,0.13,0.4
env_heavytail_tight,REINFORCE:seed11,REINFORCE,1095,439.3226000000001,0.19,0.38
env_heavytail_tight,REINFORCE:seed11,REINFORCE,1096,294.16380000000004,0.12,0.42
env_heavytail_tight,REINFORCE:seed11,REINFORCE,1097,491.55979999999994,0.11,0.47
env_heavytail_tight,REINFORCE:seed11,REINFORCE,1098,413.49719999999996,0.18,0.38
env_heavytail_tight,REINFORCE:seed11,REINFORCE,1099,344.59799999999996,0.15,0.4
env_heavytail_tight,REINFORCE:seed11,REINFORCE,1100,207.17479999999998,0.19,0.38
env_heavytail_tight,REINFORCE:seed11,REINFORCE,1101,295.048,0.11,0.41
env_heavytail_tight,REINFORCE:seed11,REINFORCE,1102,634.7330000000001,0.09,0.42
env_heavytail_tight,REINFORCE:seed11,REINFORCE,1103,444.36340000000007,0.16,0.44
env_heavytail_tight,REINFORCE:seed11,REINFORCE,1104,812.6414,0.06,0.44
env_heavytail_tight,REINFORCE:seed11,REINFORCE,1105,386.9918,0.18,0.42
env_heavytail_tight,REINFORCE:seed11,REINFORCE,1106,495.62319999999994,0.12,0.42
env_heavytail_tight,REINFORCE:seed11,REINFORCE,1107,460.4958,0.13,0.42
env_heavytail_tight,REINFORCE:seed11,REINFORCE,1108,504.54639999999995,0.14,0.39
env_heavytail_tight,REINFORCE:seed11,REINFORCE,1109,474.7588,0.08,0.48
env_heavytail_tight,REINFORCE:seed11,REINFORCE,1110,601.4712,0.1,0.45
env_heavytail_tight,REINFORCE:seed11,REINFORCE,1111,366.3674,0.15,0.41
env_heavytail_tight,REINFORCE:seed11,REINFORCE,1112,558.4762000000001,0.13,0.4
env_heavytail_tight,REINFORCE:seed11,REINFORCE,1113,536.8122,0.11,0.43
env_heavytail_tight,REINFORCE:seed11,REINFORCE,1114,551.1397999999999,0.17,0.45
env_heavytail_tight,REINFORCE:seed11,REINFORCE,1115,442.1124,0.12,0.43
env_heavytail_tight,REINFORCE:seed11,REINFORCE,1116,175.60439999999997,0.17,0.37
env_heavytail_tight,REINFORCE:seed11,REINFORCE,1117,290.3606,0.13,0.49
env_heavytail_tight,REINFORCE:seed11,REINFORCE,1118,270.751,0.11,0.43
env_heavytail_tight,REINFORCE:seed11,REINFORCE,1119,242.56940000000003,0.18,0.37
env_heavytail_tight,REINFORCE:seed11,REINFORCE,1120,532.8328,0.08,0.43
env_heavytail_tight,REINFORCE:seed11,REINFORCE,1121,404.93199999999996,0.17,0.35
env_heavytail_tight,REINFORCE:seed11,REINFORCE,1122,426.209,0.09,0.37
env_heavytail_tight,REINFORCE:seed11,REINFORCE,1123,575.4082000000001,0.13,0.41
env_heavytail_tight,REINFORCE:seed11,REINFORCE,1124,521.6616,0.13,0.42
env_heavytail_tight,REINFORCE:seed11,REINFORCE,1125,432.42179999999996,0.11,0.44
env_heavytail_tight,REINFORCE:seed11,REINFORCE,1126,478.36619999999994,0.13,0.43
env_heavytail_tight,REINFORCE:seed11,REINFORCE,1127,287.3446,0.16,0.39
env_heavytail_tight,REINFORCE:seed11,REINFORCE,1128,473.891,0.09,0.42
env_heavytail_tight,REINFORCE:seed11,REINFORCE,1129,483.63199999999995,0.21,0.33
env_heavytail_tight,REINFORCE:seed11,REINFORCE,1130,583.1994000000001,0.17,0.39
env_heavytail_tight,REINFORCE:seed11,REINFORCE,1131,347.0572,0.17,0.39
env_heavytail_tight,REINFORCE:seed11,REINFORCE,1132,320.6142,0.11,0.41
env_heavytail_tight,REINFORCE:seed11,REINFORCE,1133,423.31680000000006,0.12,0.43
env_heavytail_tight,REINFORCE:seed11,REINFORCE,1134,137.8822,0.14,0.41
env_heavytail_tight,REINFORCE:seed11,REINFORCE,1135,349.7572,0.18,0.36
env_heavytail_tight,REINFORCE:seed11,REINFORCE,1136,578.5992000000001,0.15,0.42
env_heavytail_tight,REINFORCE:seed11,REINFORCE,1137,591.1406000000001,0.13,0.47
env_heavytail_tight,REINFORCE:seed11,REINFORCE,1138,274.94280000000003,0.11,0.39
env_heavytail_tight,REINFORCE:seed11,REINFORCE,1139,632.2810000000001,0.14,0.41
env_heavytail_tight,REINFORCE:seed11,REINFORCE,1140,256.1528,0.13,0.4
env_heavytail_tight,REINFORCE:seed11,REINFORCE,1141,259.45900000000006,0.13,0.43
env_heavytail_tight,REINFORCE:seed11,REINFORCE,1142,306.30219999999997,0.16,0.41
env_heavytail_tight,REINFORCE:seed11,REINFORCE,1143,576.4558,0.09,0.43
env_heavytail_tight,REINFORCE:seed11,REINFORCE,1144,406.8406,0.06,0.51
env_heavytail_tight,REINFORCE:seed11,REINFORCE,1145,506.7618,0.13,0.4
env_heavytail_tight,REINFORCE:seed11,REINFORCE,1146,543.4920000000001,0.13,0.43
env_heavytail_tight,REINFORCE:seed11,REINFORCE,1147,439.2842,0.11,0.42
env_heavytail_tight,REINFORCE:seed11,REINFORCE,1148,415.654,0.11,0.43
env_heavytail_tight,REINFORCE:seed11,REINFORCE,1149,326.4654,0.12,0.42
env_heavytail_tight,REINFORCE:seed11,REINFORCE,1150,522.0432,0.15,0.43
env_heavytail_tight,REINFORCE:seed11,REINFORCE,1151,364.7322000000001,0.16,0.42
env_heavytail_tight,REINFORCE:seed11,REINFORCE,1152,380.27419999999995,0.16,0.4
env_heavytail_tight,REINFORCE:seed11,REINFORCE,1153,475.9066,0.14,0.4
env_heavytail_tight,REINFORCE:seed11,REINFORCE,1154,564.468,0.06,0.49
env_heavytail_tight,REINFORCE:seed11,REINFORCE,1155,323.1672,0.16,0.41
env_heavytail_tight,REINFORCE:seed11,REINFORCE,1156,368.5996,0.16,0.42
env_heavytail_tight,REINFORCE:seed11,REINFORCE,1157,439.65160000000003,0.07,0.46
env_heavytail_tight,REINFORCE:seed11,REINFORCE,1158,639.2493999999999,0.09,0.41
env_heavytail_tight,REINFORCE:seed11,REINFORCE,1159,445.021,0.14,0.43
env_heavytail_tight,REINFORCE:seed11,REINFORCE,1160,407.68339999999995,0.07,0.49
env_heavytail_tight,REINFORCE:seed11,REINFORCE,1161,310.18479999999994,0.2,0.41
env_heavytail_tight,REINFORCE:seed11,REINFORCE,1162,600.3602,0.19,0.34
env_heavytail_tight,REINFORCE:seed11,REINFORCE,1163,505.5046,0.11,0.42
env_heavytail_tight,REINFORCE:seed11,REINFORCE,1164,553.1125999999999,0.09,0.46
env_heavytail_tight,REINFORCE:seed11,REINFORCE,1165,422.42260000000005,0.14,0.4
env_heavytail_tight,REINFORCE:seed11,REINFORCE,1166,791.8964000000001,0.12,0.38
env_heavytail_tight,REINFORCE:seed11,REINFORCE,1167,469.85020000000003,0.19,0.39
env_heavytail_tight,REINFORCE:seed11,REINFORCE,1168,225.0778,0.12,0.42
env_heavytail_tight,REINFORCE:seed11,REINFORCE,1169,502.1601999999999,0.11,0.42
env_heavytail_tight,REINFORCE:seed11,REINFORCE,1170,386.2156,0.17,0.47
env_heavytail_tight,REINFORCE:seed11,REINFORCE,1171,461.319,0.04,0.46
env_heavytail_tight,REINFORCE:seed11,REINFORCE,1172,422.37960000000004,0.18,0.4
env_heavytail_tight,REINFORCE:seed11,REINFORCE,1173,686.2804,0.1,0.44
env_heavytail_tight,REINFORCE:seed11,REINFORCE,1174,682.1242,0.22,0.4
env_heavytail_tight,REINFORCE:seed11,REINFORCE,1175,402.9986,0.07,0.46
env_heavytail_tight,REINFORCE:seed11,REINFORCE,1176,347.48159999999996,0.22,0.34
env_heavytail_tight,REINFORCE:seed11,REINFORCE,1177,436.40500000000003,0.12,0.44
env_heavytail_tight,REINFORCE:seed11,REINFORCE,1178,515.0652,0.15,0.44
env_heavytail_tight,REINFORCE:seed11,REINFORCE,1179,552.4495999999999,0.09,0.41
env_heavytail_tight,REINFORCE:seed11,REINFORCE,1180,575.8218,0.06,0.49
env_heavytail_tight,REINFORCE:seed11,REINFORCE,1181,364.6259999999999,0.14,0.43
env_heavytail_tight,REINFORCE:seed11,REINFORCE,1182,290.1384,0.12,0.39
env_heavytail_tight,REINFORCE:seed11,REINFORCE,1183,328.8596,0.13,0.39
env_heavytail_tight,REINFORCE:seed11,REINFORCE,1184,323.2278,0.14,0.42
env_heavytail_tight,REINFORCE:seed11,REINFORCE,1185,452.85179999999997,0.19,0.37
env_heavytail_tight,REINFORCE:seed11,REINFORCE,1186,605.3028,0.11,0.45
env_heavytail_tight,REINFORCE:seed11,REINFORCE,1187,411.52559999999994,0.12,0.39
env_heavytail_tight,REINFORCE:seed11,REINFORCE,1188,365.9878,0.15,0.43
env_heavytail_tight,REINFORCE:seed11,REINFORCE,1189,273.6506,0.18,0.38
env_heavytail_tight,REINFORCE:seed11,REINFORCE,1190,611.054,0.14,0.39
env_heavytail_tight,REINFORCE:seed11,REINFORCE,1191,387.50660000000005,0.15,0.4
env_heavytail_tight,REINFORCE:seed11,REINFORCE,1192,422.7906,0.07,0.42
env_heavytail_tight,REINFORCE:seed11,REINFORCE,1193,543.3664,0.04,0.45
env_heavytail_tight,REINFORCE:seed11,REINFORCE,1194,294.6966,0.15,0.39
env_heavytail_tight,REINFORCE:seed11,REINFORCE,1195,399.3896,0.17,0.37
env_heavytail_tight,REINFORCE:seed11,REINFORCE,1196,391.0036,0.18,0.42
env_heavytail_tight,REINFORCE:seed11,REINFORCE,1197,349.68500000000006,0.16,0.41
env_heavytail_tight,REINFORCE:seed11,REINFORCE,1198,249.75399999999996,0.14,0.42
env_heavytail_tight,REINFORCE:seed11,REINFORCE,1199,431.24160000000006,0.15,0.42
env_heavytail_tight,REINFORCE:seed11,REINFORCE,1200,564.225,0.21,0.38
env_heavytail_tight,REINFORCE:seed11,REINFORCE,1201,547.917,0.07,0.44
env_heavytail_tight,REINFORCE:seed11,REINFORCE,1202,471.81419999999997,0.16,0.41
env_heavytail_tight,REINFORCE:seed11,REINFORCE,1203,418.90919999999994,0.14,0.42
env_heavytail_tight,REINFORCE:seed11,REINFORCE,1204,519.7847999999999,0.16,0.39
env_heavytail_tight,REINFORCE:seed11,REINFORCE,1205,810.8439999999999,0.1,0.49
env_heavytail_tight,REINFORCE:seed11,REINFORCE,1206,607.1676,0.14,0.42
env_heavytail_tight,REINFORCE:seed11,REINFORCE,1207,331.285,0.14,0.42
env_heavytail_tight,REINFORCE:seed11,REINFORCE,1208,523.4754,0.13,0.38
env_heavytail_tight,REINFORCE:seed11,REINFORCE,1209,219.56140000000002,0.19,0.42
env_heavytail_tight,REINFORCE:seed11,REINFORCE,1210,548.7588,0.16,0.38
env_heavytail_tight,REINFORCE:seed11,REINFORCE,1211,497.9126,0.07,0.4
env_heavytail_tight,REINFORCE:seed11,REINFORCE,1212,703.3752000000001,0.14,0.43
env_heavytail_tight,REINFORCE:seed11,REINFORCE,1213,488.9858,0.09,0.43
env_heavytail_tight,REINFORCE:seed11,REINFORCE,1214,373.0202,0.12,0.45
env_heavytail_tight,REINFORCE:seed11,REINFORCE,1215,384.8738,0.16,0.43
env_heavytail_tight,REINFORCE:seed11,REINFORCE,1216,488.214,0.12,0.41
env_heavytail_tight,REINFORCE:seed11,REINFORCE,1217,377.0294,0.09,0.45
env_heavytail_tight,REINFORCE:seed11,REINFORCE,1218,332.576,0.15,0.4
env_heavytail_tight,REINFORCE:seed11,REINFORCE,1219,492.64019999999994,0.15,0.44
env_heavytail_tight,REINFORCE:seed11,REINFORCE,1220,490.00159999999994,0.15,0.41
env_heavytail_tight,REINFORCE:seed11,REINFORCE,1221,402.729,0.09,0.45
env_heavytail_tight,REINFORCE:seed11,REINFORCE,1222,373.4944,0.16,0.43
env_heavytail_tight,REINFORCE:seed11,REINFORCE,1223,566.7554,0.07,0.44
env_heavytail_tight,REINFORCE:seed11,REINFORCE,1224,347.1984,0.09,0.46
env_heavytail_tight,REINFORCE:seed11,REINFORCE,1225,599.1388,0.14,0.4
env_heavytail_tight,REINFORCE:seed11,REINFORCE,1226,504.90099999999995,0.1,0.38
env_heavytail_tight,REINFORCE:seed11,REINFORCE,1227,470.79699999999997,0.12,0.45
env_heavytail_tight,REINFORCE:seed11,REINFORCE,1228,508.5468000000001,0.13,0.43
env_heavytail_tight,REINFORCE:seed11,REINFORCE,1229,241.8668,0.19,0.39
env_heavytail_tight,REINFORCE:seed11,REINFORCE,1230,362.6626,0.18,0.43
env_heavytail_tight,REINFORCE:seed11,REINFORCE,1231,585.75,0.15,0.42
env_heavytail_tight,REINFORCE:seed11,REINFORCE,1232,266.4988,0.13,0.44
env_heavytail_tight,REINFORCE:seed11,REINFORCE,1233,395.4598,0.12,0.44
env_heavytail_tight,REINFORCE:seed11,REINFORCE,1234,594.9861999999999,0.14,0.43
env_heavytail_tight,REINFORCE:seed11,REINFORCE,1235,291.96840000000003,0.17,0.41
env_heavytail_tight,REINFORCE:seed11,REINFORCE,1236,331.432,0.15,0.39
env_heavytail_tight,REINFORCE:seed11,REINFORCE,1237,449.2962,0.1,0.4
env_heavytail_tight,REINFORCE:seed11,REINFORCE,1238,331.28899999999993,0.13,0.43
env_heavytail_tight,REINFORCE:seed11,REINFORCE,1239,572.8974,0.12,0.43
env_heavytail_tight,REINFORCE:seed11,REINFORCE,1240,549.3022000000001,0.18,0.44
env_heavytail_tight,REINFORCE:seed11,REINFORCE,1241,420.526,0.13,0.43
env_heavytail_tight,REINFORCE:seed11,REINFORCE,1242,310.4008,0.15,0.42
env_heavytail_tight,REINFORCE:seed11,REINFORCE,1243,601.8263999999999,0.11,0.45
env_heavytail_tight,REINFORCE:seed11,REINFORCE,1244,278.7008,0.14,0.42
env_heavytail_tight,REINFORCE:seed11,REINFORCE,1245,213.00600000000003,0.18,0.38
env_heavytail_tight,REINFORCE:seed11,REINFORCE,1246,337.51320000000004,0.13,0.47
env_heavytail_tight,REINFORCE:seed11,REINFORCE,1247,506.91060000000004,0.04,0.48
env_heavytail_tight,REINFORCE:seed11,REINFORCE,1248,544.2360000000001,0.1,0.48
env_heavytail_tight,REINFORCE:seed11,REINFORCE,1249,547.3807999999999,0.18,0.39
env_heavytail_tight,REINFORCE:seed13,REINFORCE,1000,354.63839999999993,0.16,0.38
env_heavytail_tight,REINFORCE:seed13,REINFORCE,1001,521.0906,0.11,0.38
env_heavytail_tight,REINFORCE:seed13,REINFORCE,1002,532.082,0.12,0.42
env_heavytail_tight,REINFORCE:seed13,REINFORCE,1003,419.58259999999996,0.1,0.45
env_heavytail_tight,REINFORCE:seed13,REINFORCE,1004,384.0582,0.16,0.39
env_heavytail_tight,REINFORCE:seed13,REINFORCE,1005,481.387,0.14,0.42
env_heavytail_tight,REINFORCE:seed13,REINFORCE,1006,280.3174,0.11,0.43
env_heavytail_tight,REINFORCE:seed13,REINFORCE,1007,546.6934,0.13,0.38
env_heavytail_tight,REINFORCE:seed13,REINFORCE,1008,577.9875999999999,0.16,0.4
env_heavytail_tight,REINFORCE:seed13,REINFORCE,1009,502.57700000000006,0.08,0.42
env_heavytail_tight,REINFORCE:seed13,REINFORCE,1010,372.7432,0.1,0.42
env_heavytail_tight,REINFORCE:seed13,REINFORCE,1011,340.3534,0.14,0.42
env_heavytail_tight,REINFORCE:seed13,REINFORCE,1012,575.8178,0.13,0.44
env_heavytail_tight,REINFORCE:seed13,REINFORCE,1013,270.6878,0.11,0.45
env_heavytail_tight,REINFORCE:seed13,REINFORCE,1014,447.83320000000003,0.14,0.42
env_heavytail_tight,REINFORCE:seed13,REINFORCE,1015,327.62199999999996,0.2,0.42
env_heavytail_tight,REINFORCE:seed13,REINFORCE,1016,428.23179999999996,0.13,0.38
env_heavytail_tight,REINFORCE:seed13,REINFORCE,1017,276.5538,0.19,0.4
env_heavytail_tight,REINFORCE:seed13,REINFORCE,1018,535.1653999999999,0.12,0.42
env_heavytail_tight,REINFORCE:seed13,REINFORCE,1019,431.6078,0.18,0.4
env_heavytail_tight,REINFORCE:seed13,REINFORCE,1020,484.42379999999997,0.16,0.43
env_heavytail_tight,REINFORCE:seed13,REINFORCE,1021,366.5892,0.16,0.41
env_heavytail_tight,REINFORCE:seed13,REINFORCE,1022,268.71320000000003,0.19,0.41
env_heavytail_tight,REINFORCE:seed13,REINFORCE,1023,577.048,0.15,0.42
env_heavytail_tight,REINFORCE:seed13,REINFORCE,1024,549.8548000000001,0.11,0.42
env_heavytail_tight,REINFORCE:seed13,REINFORCE,1025,223.9692,0.16,0.36
env_heavytail_tight,REINFORCE:seed13,REINFORCE,1026,461.479,0.12,0.42
env_heavytail_tight,REINFORCE:seed13,REINFORCE,1027,648.0880000000001,0.14,0.42
env_heavytail_tight,REINFORCE:seed13,REINFORCE,1028,454.2332,0.16,0.39
env_heavytail_tight,REINFORCE:seed13,REINFORCE,1029,298.28839999999997,0.17,0.38
env_heavytail_tight,REINFORCE:seed13,REINFORCE,1030,233.09999999999997,0.16,0.38
env_heavytail_tight,REINFORCE:seed13,REINFORCE,1031,437.48080000000004,0.14,0.38
env_heavytail_tight,REINFORCE:seed13,REINFORCE,1032,497.0208,0.15,0.36
env_heavytail_tight,REINFORCE:seed13,REINFORCE,1033,442.941,0.12,0.42
env_heavytail_tight,REINFORCE:seed13,REINFORCE,1034,409.4536,0.07,0.41
env_heavytail_tight,REINFORCE:seed13,REINFORCE,1035,423.1108,0.12,0.42
env_heavytail_tight,REINFORCE:seed13,REINFORCE,1036,623.0646,0.17,0.44
env_heavytail_tight,REINFORCE:seed13,REINFORCE,1037,300.3248,0.19,0.4
env_heavytail_tight,REINFORCE:seed13,REINFORCE,1038,544.6472,0.1,0.45
env_heavytail_tight,REINFORCE:seed13,REINFORCE,1039,363.4554,0.18,0.39
env_heavytail_tight,REINFORCE:seed13,REINFORCE,1040,407.6548,0.17,0.43
env_heavytail_tight,REINFORCE:seed13,REINFORCE,1041,401.1286,0.13,0.47
env_heavytail_tight,REINFORCE:seed13,REINFORCE,1042,448.821,0.06,0.44
env_heavytail_tight,REINFORCE:seed13,REINFORCE,1043,650.2544,0.11,0.41
env_heavytail_tight,REINFORCE:seed13,REINFORCE,1044,670.7328,0.15,0.42
env_heavytail_tight,REINFORCE:seed13,REINFORCE,1045,440.09979999999996,0.09,0.43
env_heavytail_tight,REINFORCE:seed13,REINFORCE,1046,681.9212000000001,0.08,0.44
env_heavytail_tight,REINFORCE:seed13,REINFORCE,1047,641.9953999999999,0.08,0.44
env_heavytail_tight,REINFORCE:seed13,REINFORCE,1048,580.3371999999999,0.12,0.41
env_heavytail_tight,REINFORCE:seed13,REINFORCE,1049,565.1762000000001,0.14,0.47
env_heavytail_tight,REINFORCE:seed13,REINFORCE,1050,532.8611999999999,0.15,0.47
env_heavytail_tight,REINFORCE:seed13,REINFORCE,1051,189.4758,0.12,0.39
env_heavytail_tight,REINFORCE:seed13,REINFORCE,1052,352.8178,0.16,0.43
env_heavytail_tight,REINFORCE:seed13,REINFORCE,1053,657.9294,0.12,0.43
env_heavytail_tight,REINFORCE:seed13,REINFORCE,1054,483.70120000000003,0.13,0.44
env_heavytail_tight,REINFORCE:seed13,REINFORCE,1055,483.82019999999994,0.11,0.42
env_heavytail_tight,REINFORCE:seed13,REINFORCE,1056,274.19919999999996,0.13,0.46
env_heavytail_tight,REINFORCE:seed13,REINFORCE,1057,360.1612,0.18,0.35
env_heavytail_tight,REINFORCE:seed13,REINFORCE,1058,403.2848,0.14,0.39
env_heavytail_tight,REINFORCE:seed13,REINFORCE,1059,524.4652,0.06,0.46
env_heavytail_tight,REINFORCE:seed13,REINFORCE,1060,407.4288,0.14,0.39
env_heavytail_tight,REINFORCE:seed13,REINFORCE,1061,603.501,0.09,0.44
env_heavytail_tight,REINFORCE:seed13,REINFORCE,1062,479.2592,0.12,0.43
env_heavytail_tight,REINFORCE:seed13,REINFORCE,1063,438.634,0.1,0.4
env_heavytail_tight,REINFORCE:seed13,REINFORCE,1064,346.9498000000001,0.15,0.41
env_heavytail_tight,REINFORCE:seed13,REINFORCE,1065,558.0258,0.14,0.42
env_heavytail_tight,REINFORCE:seed13,REINFORCE,1066,457.7784,0.15,0.4
env_heavytail_tight,REINFORCE:seed13,REINFORCE,1067,491.03220000000005,0.11,0.47
env_heavytail_tight,REINFORCE:seed13,REINFORCE,1068,355.6626,0.12,0.39
env_heavytail_tight,REINFORCE:seed13,REINFORCE,1069,283.1037999999999,0.14,0.44
env_heavytail_tight,REINFORCE:seed13,REINFORCE,1070,360.962,0.08,0.42
env_heavytail_tight,REINFORCE:seed13,REINFORCE,1071,495.595,0.12,0.43
env_heavytail_tight,REINFORCE:seed13,REINFORCE,1072,626.242,0.16,0.44
env_heavytail_tight,REINFORCE:seed13,REINFORCE,1073,618.0654,0.13,0.43
env_heavytail_tight,REINFORCE:seed13,REINFORCE,1074,602.2346,0.13,0.47
env_heavytail_tight,REINFORCE:seed13,REINFORCE,1075,317.043,0.09,0.49
env_heavytail_tight,REINFORCE:seed13,REINFORCE,1076,508.01240000000007,0.18,0.42
env_heavytail_tight,REINFORCE:seed13,REINFORCE,1077,383.25620000000004,0.07,0.46
env_heavytail_tight,REINFORCE:seed13,REINFORCE,1078,507.31860000000006,0.08,0.45
env_heavytail_tight,REINFORCE:seed13,REINFORCE,1079,369.51140000000004,0.17,0.41
env_heavytail_tight,REINFORCE:seed13,REINFORCE,1080,615.4022,0.13,0.43
env_heavytail_tight,REINFORCE:seed13,REINFORCE,1081,509.22659999999996,0.11,0.44
env_heavytail_tight,REINFORCE:seed13,REINFORCE,1082,526.9480000000001,0.15,0.38
env_heavytail_tight,REINFORCE:seed13,REINFORCE,1083,677.8618,0.1,0.43
env_heavytail_tight,REINFORCE:seed13,REINFORCE,1084,383.14459999999997,0.15,0.39
env_heavytail_tight,REINFORCE:seed13,REINFORCE,1085,351.00280000000004,0.14,0.42
env_heavytail_tight,REINFORCE:seed13,REINFORCE,1086,519.6496,0.11,0.38
env_heavytail_tight,REINFORCE:seed13,REINFORCE,1087,610.8766,0.12,0.41
env_heavytail_tight,REINFORCE:seed13,REINFORCE,1088,492.46419999999995,0.1,0.4
env_heavytail_tight,REINFORCE:seed13,REINFORCE,1089,392.32099999999997,0.13,0.4
env_heavytail_tight,REINFORCE:seed13,REINFORCE,1090,514.1514000000001,0.11,0.43
env_heavytail_tight,REINFORCE:seed13,REINFORCE,1091,430.371,0.15,0.39
env_heavytail_tight,REINFORCE:seed13,REINFORCE,1092,268.8894,0.15,0.37
env_heavytail_tight,REINFORCE:seed13,REINFORCE,1093,306.9348,0.15,0.39
env_heavytail_tight,REINFORCE:seed13,REINFORCE,1094,388.41580000000005,0.13,0.4
env_heavytail_tight,REINFORCE:seed13,REINFORCE,1095,439.3226000000001,0.19,0.38
env_heavytail_tight,REINFORCE:seed13,REINFORCE,1096,294.16380000000004,0.12,0.42
env_heavytail_tight,REINFORCE:seed13,REINFORCE,1097,491.55979999999994,0.11,0.47
env_heavytail_tight,REINFORCE:seed13,REINFORCE,1098,413.49719999999996,0.18,0.38
env_heavytail_tight,REINFORCE:seed13,REINFORCE,1099,344.59799999999996,0.15,0.4
env_heavytail_tight,REINFORCE:seed13,REINFORCE,1100,207.17479999999998,0.19,0.38
env_heavytail_tight,REINFORCE:seed13,REINFORCE,1101,295.048,0.11,0.41
env_heavytail_tight,REINFORCE:seed13,REINFORCE,1102,634.7330000000001,0.09,0.42
env_heavytail_tight,REINFORCE:seed13,REINFORCE,1103,444.36340000000007,0.16,0.44
env_heavytail_tight,REINFORCE:seed13,REINFORCE,1104,812.6414,0.06,0.44
env_heavytail_tight,REINFORCE:seed13,REINFORCE,1105,386.9918,0.18,0.42
env_heavytail_tight,REINFORCE:seed13,REINFORCE,1106,495.62319999999994,0.12,0.42
env_heavytail_tight,REINFORCE:seed13,REINFORCE,1107,460.4958,0.13,0.42
env_heavytail_tight,REINFORCE:seed13,REINFORCE,1108,504.54639999999995,0.14,0.39
env_heavytail_tight,REINFORCE:seed13,REINFORCE,1109,474.7588,0.08,0.48
env_heavytail_tight,REINFORCE:seed13,REINFORCE,1110,601.4712,0.1,0.45
env_heavytail_tight,REINFORCE:seed13,REINFORCE,1111,366.3674,0.15,0.41
env_heavytail_tight,REINFORCE:seed13,REINFORCE,1112,558.4762000000001,0.13,0.4
env_heavytail_tight,REINFORCE:seed13,REINFORCE,1113,536.8122,0.11,0.43
env_heavytail_tight,REINFORCE:seed13,REINFORCE,1114,551.1397999999999,0.17,0.45
env_heavytail_tight,REINFORCE:seed13,REINFORCE,1115,442.1124,0.12,0.43
env_heavytail_tight,REINFORCE:seed13,REINFORCE,1116,175.60439999999997,0.17,0.37
env_heavytail_tight,REINFORCE:seed13,REINFORCE,1117,290.3606,0.13,0.49
env_heavytail_tight,REINFORCE:seed13,REINFORCE,1118,270.751,0.11,0.43
env_heavytail_tight,REINFORCE:seed13,REINFORCE,1119,242.56940000000003,0.18,0.37
env_heavytail_tight,REINFORCE:seed13,REINFORCE,1120,532.8328,0.08,0.43
env_heavytail_tight,REINFORCE:seed13,REINFORCE,1121,404.93199999999996,0.17,0.35
env_heavytail_tight,REINFORCE:seed13,REINFORCE,1122,426.209,0.09,0.37
env_heavytail_tight,REINFORCE:seed13,REINFORCE,1123,575.4082000000001,0.13,0.41
env_heavytail_tight,REINFORCE:seed13,REINFORCE,1124,521.6616,0.13,0.42
env_heavytail_tight,REINFORCE:seed13,REINFORCE,1125,432.42179999999996,0.11,0.44
env_heavytail_tight,REINFORCE:seed13,REINFORCE,1126,478.36619999999994,0.13,0.43
env_heavytail_tight,REINFORCE:seed13,REINFORCE,1127,287.3446,0.16,0.39
env_heavytail_tight,REINFORCE:seed13,REINFORCE,1128,473.891,0.09,0.42
env_heavytail_tight,REINFORCE:seed13,REINFORCE,1129,483.63199999999995,0.21,0.33
env_heavytail_tight,REINFORCE:seed13,REINFORCE,1130,583.1994000000001,0.17,0.39
env_heavytail_tight,REINFORCE:seed13,REINFORCE,1131,347.0572,0.17,0.39
env_heavytail_tight,REINFORCE:seed13,REINFORCE,1132,320.6142,0.11,0.41
env_heavytail_tight,REINFORCE:seed13,REINFORCE,1133,423.31680000000006,0.12,0.43
env_heavytail_tight,REINFORCE:seed13,REINFORCE,1134,137.8822,0.14,0.41
env_heavytail_tight,REINFORCE:seed13,REINFORCE,1135,349.7572,0.18,0.36
env_heavytail_tight,REINFORCE:seed13,REINFORCE,1136,578.5992000000001,0.15,0.42
env_heavytail_tight,REINFORCE:seed13,REINFORCE,1137,591.1406000000001,0.13,0.47
env_heavytail_tight,REINFORCE:seed13,REINFORCE,1138,274.94280000000003,0.11,0.39
env_heavytail_tight,REINFORCE:seed13,REINFORCE,1139,632.2810000000001,0.14,0.41
env_heavytail_tight,REINFORCE:seed13,REINFORCE,1140,256.1528,0.13,0.4
env_heavytail_tight,REINFORCE:seed13,REINFORCE,1141,259.45900000000006,0.13,0.43
env_heavytail_tight,REINFORCE:seed13,REINFORCE,1142,306.30219999999997,0.16,0.41
env_heavytail_tight,REINFORCE:seed13,REINFORCE,1143,576.4558,0.09,0.43
env_heavytail_tight,REINFORCE:seed13,REINFORCE,1144,406.8406,0.06,0.51
env_heavytail_tight,REINFORCE:seed13,REINFORCE,1145,506.7618,0.13,0.4
env_heavytail_tight,REINFORCE:seed13,REINFORCE,1146,543.4920000000001,0.13,0.43
env_heavytail_tight,REINFORCE:seed13,REINFORCE,1147,439.2842,0.11,0.42
env_heavytail_tight,REINFORCE:seed13,REINFORCE,1148,415.654,0.11,0.43
env_heavytail_tight,REINFORCE:seed13,REINFORCE,1149,326.4654,0.12,0.42
env_heavytail_tight,REINFORCE:seed13,REINFORCE,1150,522.0432,0.15,0.43
env_heavytail_tight,REINFORCE:seed13,REINFORCE,1151,364.7322000000001,0.16,0.42
env_heavytail_tight,REINFORCE:seed13,REINFORCE,1152,380.27419999999995,0.16,0.4
env_heavytail_tight,REINFORCE:seed13,REINFORCE,1153,475.9066,0.14,0.4
env_heavytail_tight,REINFORCE:seed13,REINFORCE,1154,564.468,0.06,0.49
env_heavytail_tight,REINFORCE:seed13,REINFORCE,1155,323.1672,0.16,0.41
env_heavytail_tight,REINFORCE:seed13,REINFORCE,1156,368.5996,0.16,0.42
env_heavytail_tight,REINFORCE:seed13,REINFORCE,1157,439.65160000000003,0.07,0.46
env_heavytail_tight,REINFORCE:seed13,REINFORCE,1158,639.2493999999999,0.09,0.41
env_heavytail_tight,REINFORCE:seed13,REINFORCE,1159,445.021,0.14,0.43
env_heavytail_tight,REINFORCE:seed13,REINFORCE,1160,407.68339999999995,0.07,0.49
env_heavytail_tight,REINFORCE:seed13,REINFORCE,1161,310.18479999999994,0.2,0.41
env_heavytail_tight,REINFORCE:seed13,REINFORCE,1162,600.3602,0.19,0.34
env_heavytail_tight,REINFORCE:seed13,REINFORCE,1163,505.5046,0.11,0.42
env_heavytail_tight,REINFORCE:seed13,REINFORCE,1164,553.1125999999999,0.09,0.46
env_heavytail_tight,REINFORCE:seed13,REINFORCE,1165,422.42260000000005,0.14,0.4
env_heavytail_tight,REINFORCE:seed13,REINFORCE,1166,791.8964000000001,0.12,0.38
env_heavytail_tight,REINFORCE:seed13,REINFORCE,1167,469.85020000000003,0.19,0.39
env_heavytail_tight,REINFORCE:seed13,REINFORCE,1168,225.0778,0.12,0.42
env_heavytail_tight,REINFORCE:seed13,REINFORCE,1169,502.1601999999999,0.11,0.42
env_heavytail_tight,REINFORCE:seed13,REINFORCE,1170,386.2156,0.17,0.47
env_heavytail_tight,REINFORCE:seed13,REINFORCE,1171,461.319,0.04,0.46
env_heavytail_tight,REINFORCE:seed13,REINFORCE,1172,422.37960000000004,0.18,0.4
env_heavytail_tight,REINFORCE:seed13,REINFORCE,1173,686.2804,0.1,0.44
env_heavytail_tight,REINFORCE:seed13,REINFORCE,1174,682.1242,0.22,0.4
env_heavytail_tight,REINFORCE:seed13,REINFORCE,1175,402.9986,0.07,0.46
env_heavytail_tight,REINFORCE:seed13,REINFORCE,1176,347.48159999999996,0.22,0.34
env_heavytail_tight,REINFORCE:seed13,REINFORCE,1177,436.40500000000003,0.12,0.44
env_heavytail_tight,REINFORCE:seed13,REINFORCE,1178,515.0652,0.15,0.44
env_heavytail_tight,REINFORCE:seed13,REINFORCE,1179,552.4495999999999,0.09,0.41
env_heavytail_tight,REINFORCE:seed13,REINFORCE,1180,575.8218,0.06,0.49
env_heavytail_tight,REINFORCE:seed13,REINFORCE,1181,364.6259999999999,0.14,0.43
env_heavytail_tight,REINFORCE:seed13,REINFORCE,1182,290.1384,0.12,0.39
env_heavytail_tight,REINFORCE:seed13,REINFORCE,1183,328.8596,0.13,0.39
env_heavytail_tight,REINFORCE:seed13,REINFORCE,1184,323.2278,0.14,0.42
env_heavytail_tight,REINFORCE:seed13,REINFORCE,1185,452.85179999999997,0.19,0.37
env_heavytail_tight,REINFORCE:seed13,REINFORCE,1186,605.3028,0.11,0.45
env_heavytail_tight,REINFORCE:seed13,REINFORCE,1187,411.52559999999994,0.12,0.39
env_heavytail_tight,REINFORCE:seed13,REINFORCE,1188,365.9878,0.15,0.43
env_heavytail_tight,REINFORCE:seed13,REINFORCE,1189,273.6506,0.18,0.38
env_heavytail_tight,REINFORCE:seed13,REINFORCE,1190,611.054,0.14,0.39
env_heavytail_tight,REINFORCE:seed13,REINFORCE,1191,387.50660000000005,0.15,0.4
env_heavytail_tight,REINFORCE:seed13,REINFORCE,1192,422.7906,0.07,0.42
env_heavytail_tight,REINFORCE:seed13,REINFORCE,1193,543.3664,0.04,0.45
env_heavytail_tight,REINFORCE:seed13,REINFORCE,1194,294.6966,0.15,0.39
env_heavytail_tight,REINFORCE:seed13,REINFORCE,1195,399.3896,0.17,0.37
env_heavytail_tight,REINFORCE:seed13,REINFORCE,1196,391.0036,0.18,0.42
env_heavytail_tight,REINFORCE:seed13,REINFORCE,1197,349.68500000000006,0.16,0.41
env_heavytail_tight,REINFORCE:seed13,REINFORCE,1198,249.75399999999996,0.14,0.42
env_heavytail_tight,REINFORCE:seed13,REINFORCE,1199,431.24160000000006,0.15,0.42
env_heavytail_tight,REINFORCE:seed13,REINFORCE,1200,564.225,0.21,0.38
env_heavytail_tight,REINFORCE:seed13,REINFORCE,1201,547.917,0.07,0.44
env_heavytail_tight,REINFORCE:seed13,REINFORCE,1202,471.81419999999997,0.16,0.41
env_heavytail_tight,REINFORCE:seed13,REINFORCE,1203,418.90919999999994,0.14,0.42
env_heavytail_tight,REINFORCE:seed13,REINFORCE,1204,519.7847999999999,0.16,0.39
env_heavytail_tight,REINFORCE:seed13,REINFORCE,1205,810.8439999999999,0.1,0.49
env_heavytail_tight,REINFORCE:seed13,REINFORCE,1206,607.1676,0.14,0.42
env_heavytail_tight,REINFORCE:seed13,REINFORCE,1207,331.285,0.14,0.42
env_heavytail_tight,REINFORCE:seed13,REINFORCE,1208,523.4754,0.13,0.38
env_heavytail_tight,REINFORCE:seed13,REINFORCE,1209,219.56140000000002,0.19,0.42
env_heavytail_tight,REINFORCE:seed13,REINFORCE,1210,548.7588,0.16,0.38
env_heavytail_tight,REINFORCE:seed13,REINFORCE,1211,497.9126,0.07,0.4
env_heavytail_tight,REINFORCE:seed13,REINFORCE,1212,703.3752000000001,0.14,0.43
env_heavytail_tight,REINFORCE:seed13,REINFORCE,1213,488.9858,0.09,0.43
env_heavytail_tight,REINFORCE:seed13,REINFORCE,1214,373.0202,0.12,0.45
env_heavytail_tight,REINFORCE:seed13,REINFORCE,1215,384.8738,0.16,0.43
env_heavytail_tight,REINFORCE:seed13,REINFORCE,1216,488.214,0.12,0.41
env_heavytail_tight,REINFORCE:seed13,REINFORCE,1217,377.0294,0.09,0.45
env_heavytail_tight,REINFORCE:seed13,REINFORCE,1218,332.576,0.15,0.4
env_heavytail_tight,REINFORCE:seed13,REINFORCE,1219,492.64019999999994,0.15,0.44
env_heavytail_tight,REINFORCE:seed13,REINFORCE,1220,490.00159999999994,0.15,0.41
env_heavytail_tight,REINFORCE:seed13,REINFORCE,1221,402.729,0.09,0.45
env_heavytail_tight,REINFORCE:seed13,REINFORCE,1222,373.4944,0.16,0.43
env_heavytail_tight,REINFORCE:seed13,REINFORCE,1223,566.7554,0.07,0.44
env_heavytail_tight,REINFORCE:seed13,REINFORCE,1224,347.1984,0.09,0.46
env_heavytail_tight,REINFORCE:seed13,REINFORCE,1225,599.1388,0.14,0.4
env_heavytail_tight,REINFORCE:seed13,REINFORCE,1226,504.90099999999995,0.1,0.38
env_heavytail_tight,REINFORCE:seed13,REINFORCE,1227,470.79699999999997,0.12,0.45
env_heavytail_tight,REINFORCE:seed13,REINFORCE,1228,508.5468000000001,0.13,0.43
env_heavytail_tight,REINFORCE:seed13,REINFORCE,1229,241.8668,0.19,0.39
env_heavytail_tight,REINFORCE:seed13,REINFORCE,1230,362.6626,0.18,0.43
env_heavytail_tight,REINFORCE:seed13,REINFORCE,1231,585.75,0.15,0.42
env_heavytail_tight,REINFORCE:seed13,REINFORCE,1232,266.4988,0.13,0.44
env_heavytail_tight,REINFORCE:seed13,REINFORCE,1233,395.4598,0.12,0.44
env_heavytail_tight,REINFORCE:seed13,REINFORCE,1234,594.9861999999999,0.14,0.43
env_heavytail_tight,REINFORCE:seed13,REINFORCE,1235,291.96840000000003,0.17,0.41
env_heavytail_tight,REINFORCE:seed13,REINFORCE,1236,331.432,0.15,0.39
env_heavytail_tight,REINFORCE:seed13,REINFORCE,1237,449.2962,0.1,0.4
env_heavytail_tight,REINFORCE:seed13,REINFORCE,1238,331.28899999999993,0.13,0.43
env_heavytail_tight,REINFORCE:seed13,REINFORCE,1239,572.8974,0.12,0.43
env_heavytail_tight,REINFORCE:seed13,REINFORCE,1240,549.3022000000001,0.18,0.44
env_heavytail_tight,REINFORCE:seed13,REINFORCE,1241,420.526,0.13,0.43
env_heavytail_tight,REINFORCE:seed13,REINFORCE,1242,310.4008,0.15,0.42
env_heavytail_tight,REINFORCE:seed13,REINFORCE,1243,601.8263999999999,0.11,0.45
env_heavytail_tight,REINFORCE:seed13,REINFORCE,1244,278.7008,0.14,0.42
env_heavytail_tight,REINFORCE:seed13,REINFORCE,1245,213.00600000000003,0.18,0.38
env_heavytail_tight,REINFORCE:seed13,REINFORCE,1246,337.51320000000004,0.13,0.47
env_heavytail_tight,REINFORCE:seed13,REINFORCE,1247,506.91060000000004,0.04,0.48
env_heavytail_tight,REINFORCE:seed13,REINFORCE,1248,544.2360000000001,0.1,0.48
env_heavytail_tight,REINFORCE:seed13,REINFORCE,1249,547.3807999999999,0.18,0.39
env_heavytail_tight,REINFORCE:seed7,REINFORCE,1000,354.63839999999993,0.16,0.38
env_heavytail_tight,REINFORCE:seed7,REINFORCE,1001,521.0906,0.11,0.38
env_heavytail_tight,REINFORCE:seed7,REINFORCE,1002,532.082,0.12,0.42
env_heavytail_tight,REINFORCE:seed7,REINFORCE,1003,419.58259999999996,0.1,0.45
env_heavytail_tight,REINFORCE:seed7,REINFORCE,1004,384.0582,0.16,0.39
env_heavytail_tight,REINFORCE:seed7,REINFORCE,1005,481.387,0.14,0.42
env_heavytail_tight,REINFORCE:seed7,REINFORCE,1006,280.3174,0.11,0.43
env_heavytail_tight,REINFORCE:seed7,REINFORCE,1007,546.6934,0.13,0.38
env_heavytail_tight,REINFORCE:seed7,REINFORCE,1008,577.9875999999999,0.16,0.4
env_heavytail_tight,REINFORCE:seed7,REINFORCE,1009,502.57700000000006,0.08,0.42
env_heavytail_tight,REINFORCE:seed7,REINFORCE,1010,372.7432,0.1,0.42
env_heavytail_tight,REINFORCE:seed7,REINFORCE,1011,340.3534,0.14,0.42
env_heavytail_tight,REINFORCE:seed7,REINFORCE,1012,575.8178,0.13,0.44
env_heavytail_tight,REINFORCE:seed7,REINFORCE,1013,270.6878,0.11,0.45
env_heavytail_tight,REINFORCE:seed7,REINFORCE,1014,447.83320000000003,0.14,0.42
env_heavytail_tight,REINFORCE:seed7,REINFORCE,1015,327.62199999999996,0.2,0.42
env_heavytail_tight,REINFORCE:seed7,REINFORCE,1016,428.23179999999996,0.13,0.38
env_heavytail_tight,REINFORCE:seed7,REINFORCE,1017,276.5538,0.19,0.4
env_heavytail_tight,REINFORCE:seed7,REINFORCE,1018,535.1653999999999,0.12,0.42
env_heavytail_tight,REINFORCE:seed7,REINFORCE,1019,431.6078,0.18,0.4
env_heavytail_tight,REINFORCE:seed7,REINFORCE,1020,484.42379999999997,0.16,0.43
env_heavytail_tight,REINFORCE:seed7,REINFORCE,1021,366.5892,0.16,0.41
env_heavytail_tight,REINFORCE:seed7,REINFORCE,1022,268.71320000000003,0.19,0.41
env_heavytail_tight,REINFORCE:seed7,REINFORCE,1023,577.048,0.15,0.42
env_heavytail_tight,REINFORCE:seed7,REINFORCE,1024,549.8548000000001,0.11,0.42
env_heavytail_tight,REINFORCE:seed7,REINFORCE,1025,223.9692,0.16,0.36
env_heavytail_tight,REINFORCE:seed7,REINFORCE,1026,461.479,0.12,0.42
env_heavytail_tight,REINFORCE:seed7,REINFORCE,1027,648.0880000000001,0.14,0.42
env_heavytail_tight,REINFORCE:seed7,REINFORCE,1028,454.2332,0.16,0.39
env_heavytail_tight,REINFORCE:seed7,REINFORCE,1029,298.28839999999997,0.17,0.38
env_heavytail_tight,REINFORCE:seed7,REINFORCE,1030,233.09999999999997,0.16,0.38
env_heavytail_tight,REINFORCE:seed7,REINFORCE,1031,437.48080000000004,0.14,0.38
env_heavytail_tight,REINFORCE:seed7,REINFORCE,1032,497.0208,0.15,0.36
env_heavytail_tight,REINFORCE:seed7,REINFORCE,1033,442.941,0.12,0.42
env_heavytail_tight,REINFORCE:seed7,REINFORCE,1034,409.4536,0.07,0.41
env_heavytail_tight,REINFORCE:seed7,REINFORCE,1035,423.1108,0.12,0.42
env_heavytail_tight,REINFORCE:seed7,REINFORCE,1036,623.0646,0.17,0.44
env_heavytail_tight,REINFORCE:seed7,REINFORCE,1037,300.3248,0.19,0.4
env_heavytail_tight,REINFORCE:seed7,REINFORCE,1038,544.6472,0.1,0.45
env_heavytail_tight,REINFORCE:seed7,REINFORCE,1039,363.4554,0.18,0.39
env_heavytail_tight,REINFORCE:seed7,REINFORCE,1040,407.6548,0.17,0.43
env_heavytail_tight,REINFORCE:seed7,REINFORCE,1041,401.1286,0.13,0.47
env_heavytail_tight,REINFORCE:seed7,REINFORCE,1042,448.821,0.06,0.44
env_heavytail_tight,REINFORCE:seed7,REINFORCE,1043,650.2544,0.11,0.41
env_heavytail_tight,REINFORCE:seed7,REINFORCE,1044,670.7328,0.15,0.42
env_heavytail_tight,REINFORCE:seed7,REINFORCE,1045,440.09979999999996,0.09,0.43
env_heavytail_tight,REINFORCE:seed7,REINFORCE,1046,681.9212000000001,0.08,0.44
env_heavytail_tight,REINFORCE:seed7,REINFORCE,1047,641.9953999999999,0.08,0.44
env_heavytail_tight,REINFORCE:seed7,REINFORCE,1048,580.3371999999999,0.12,0.41
env_heavytail_tight,REINFORCE:seed7,REINFORCE,1049,565.1762000000001,0.14,0.47
env_heavytail_tight,REINFORCE:seed7,REINFORCE,1050,532.8611999999999,0.15,0.47
env_heavytail_tight,REINFORCE:seed7,REINFORCE,1051,189.4758,0.12,0.39
env_heavytail_tight,REINFORCE:seed7,REINFORCE,1052,352.8178,0.16,0.43
env_heavytail_tight,REINFORCE:seed7,REINFORCE,1053,657.9294,0.12,0.43
env_heavytail_tight,REINFORCE:seed7,REINFORCE,1054,483.70120000000003,0.13,0.44
env_heavytail_tight,REINFORCE:seed7,REINFORCE,1055,483.82019999999994,0.11,0.42
env_heavytail_tight,REINFORCE:seed7,REINFORCE,1056,274.19919999999996,0.13,0.46
env_heavytail_tight,REINFORCE:seed7,REINFORCE,1057,360.1612,0.18,0.35
env_heavytail_tight,REINFORCE:seed7,REINFORCE,1058,403.2848,0.14,0.39
env_heavytail_tight,REINFORCE:seed7,REINFORCE,1059,524.4652,0.06,0.46
env_heavytail_tight,REINFORCE:seed7,REINFORCE,1060,407.4288,0.14,0.39
env_heavytail_tight,REINFORCE:seed7,REINFORCE,1061,603.501,0.09,0.44
env_heavytail_tight,REINFORCE:seed7,REINFORCE,1062,479.2592,0.12,0.43
env_heavytail_tight,REINFORCE:seed7,REINFORCE,1063,438.634,0.1,0.4
env_heavytail_tight,REINFORCE:seed7,REINFORCE,1064,346.9498000000001,0.15,0.41
env_heavytail_tight,REINFORCE:seed7,REINFORCE,1065,558.0258,0.14,0.42
env_heavytail_tight,REINFORCE:seed7,REINFORCE,1066,457.7784,0.15,0.4
env_heavytail_tight,REINFORCE:seed7,REINFORCE,1067,491.03220000000005,0.11,0.47
env_heavytail_tight,REINFORCE:seed7,REINFORCE,1068,355.6626,0.12,0.39
env_heavytail_tight,REINFORCE:seed7,REINFORCE,1069,283.1037999999999,0.14,0.44
env_heavytail_tight,REINFORCE:seed7,REINFORCE,1070,360.962,0.08,0.42
env_heavytail_tight,REINFORCE:seed7,REINFORCE,1071,495.595,0.12,0.43
env_heavytail_tight,REINFORCE:seed7,REINFORCE,1072,626.242,0.16,0.44
env_heavytail_tight,REINFORCE:seed7,REINFORCE,1073,618.0654,0.13,0.43
env_heavytail_tight,REINFORCE:seed7,REINFORCE,1074,602.2346,0.13,0.47
env_heavytail_tight,REINFORCE:seed7,REINFORCE,1075,317.043,0.09,0.49
env_heavytail_tight,REINFORCE:seed7,REINFORCE,1076,508.01240000000007,0.18,0.42
env_heavytail_tight,REINFORCE:seed7,REINFORCE,1077,383.25620000000004,0.07,0.46
env_heavytail_tight,REINFORCE:seed7,REINFORCE,1078,507.31860000000006,0.08,0.45
env_heavytail_tight,REINFORCE:seed7,REINFORCE,1079,369.51140000000004,0.17,0.41
env_heavytail_tight,REINFORCE:seed7,REINFORCE,1080,615.4022,0.13,0.43
env_heavytail_tight,REINFORCE:seed7,REINFORCE,1081,509.22659999999996,0.11,0.44
env_heavytail_tight,REINFORCE:seed7,REINFORCE,1082,526.9480000000001,0.15,0.38
env_heavytail_tight,REINFORCE:seed7,REINFORCE,1083,677.8618,0.1,0.43
env_heavytail_tight,REINFORCE:seed7,REINFORCE,1084,383.14459999999997,0.15,0.39
env_heavytail_tight,REINFORCE:seed7,REINFORCE,1085,351.00280000000004,0.14,0.42
env_heavytail_tight,REINFORCE:seed7,REINFORCE,1086,519.6496,0.11,0.38
env_heavytail_tight,REINFORCE:seed7,REINFORCE,1087,610.8766,0.12,0.41
env_heavytail_tight,REINFORCE:seed7,REINFORCE,1088,492.46419999999995,0.1,0.4
env_heavytail_tight,REINFORCE:seed7,REINFORCE,1089,392.32099999999997,0.13,0.4
env_heavytail_tight,REINFORCE:seed7,REINFORCE,1090,514.1514000000001,0.11,0.43
env_heavytail_tight,REINFORCE:seed7,REINFORCE,1091,430.371,0.15,0.39
env_heavytail_tight,REINFORCE:seed7,REINFORCE,1092,268.8894,0.15,0.37
env_heavytail_tight,REINFORCE:seed7,REINFORCE,1093,306.9348,0.15,0.39
env_heavytail_tight,REINFORCE:seed7,REINFORCE,1094,388.41580000000005,0.13,0.4
env_heavytail_tight,REINFORCE:seed7,REINFORCE,1095,439.3226000000001,0.19,0.38
env_heavytail_tight,REINFORCE:seed7,REINFORCE,1096,294.16380000000004,0.12,0.42
env_heavytail_tight,REINFORCE:seed7,REINFORCE,1097,491.55979999999994,0.11,0.47
env_heavytail_tight,REINFORCE:seed7,REINFORCE,1098,413.49719999999996,0.18,0.38
env_heavytail_tight,REINFORCE:seed7,REINFORCE,1099,344.59799999999996,0.15,0.4
env_heavytail_tight,REINFORCE:seed7,REINFORCE,1100,207.17479999999998,0.19,0.38
env_heavytail_tight,REINFORCE:seed7,REINFORCE,1101,295.048,0.11,0.41
env_heavytail_tight,REINFORCE:seed7,REINFORCE,1102,634.7330000000001,0.09,0.42
env_heavytail_tight,REINFORCE:seed7,REINFORCE,1103,444.36340000000007,0.16,0.44
env_heavytail_tight,REINFORCE:seed7,REINFORCE,1104,812.6414,0.06,0.44
env_heavytail_tight,REINFORCE:seed7,REINFORCE,1105,386.9918,0.18,0.42
env_heavytail_tight,REINFORCE:seed7,REINFORCE,1106,495.62319999999994,0.12,0.42
env_heavytail_tight,REINFORCE:seed7,REINFORCE,1107,460.4958,0.13,0.42
env_heavytail_tight,REINFORCE:seed7,REINFORCE,1108,504.54639999999995,0.14,0.39
env_heavytail_tight,REINFORCE:seed7,REINFORCE,1109,474.7588,0.08,0.48
env_heavytail_tight,REINFORCE:seed7,REINFORCE,1110,601.4712,0.1,0.45
env_heavytail_tight,REINFORCE:seed7,REINFORCE,1111,366.3674,0.15,0.41
env_heavytail_tight,REINFORCE:seed7,REINFORCE,1112,558.4762000000001,0.13,0.4
env_heavytail_tight,REINFORCE:seed7,REINFORCE,1113,536.8122,0.11,0.43
env_heavytail_tight,REINFORCE:seed7,REINFORCE,1114,551.1397999999999,0.17,0.45
env_heavytail_tight,REINFORCE:seed7,REINFORCE,1115,442.1124,0.12,0.43
env_heavytail_tight,REINFORCE:seed7,REINFORCE,1116,175.60439999999997,0.17,0.37
env_heavytail_tight,REINFORCE:seed7,REINFORCE,1117,290.3606,0.13,0.49
env_heavytail_tight,REINFORCE:seed7,REINFORCE,1118,270.751,0.11,0.43
env_heavytail_tight,REINFORCE:seed7,REINFORCE,1119,242.56940000000003,0.18,0.37
env_heavytail_tight,REINFORCE:seed7,REINFORCE,1120,532.8328,0.08,0.43
env_heavytail_tight,REINFORCE:seed7,REINFORCE,1121,404.93199999999996,0.17,0.35
env_heavytail_tight,REINFORCE:seed7,REINFORCE,1122,426.209,0.09,0.37
env_heavytail_tight,REINFORCE:seed7,REINFORCE,1123,575.4082000000001,0.13,0.41
env_heavytail_tight,REINFORCE:seed7,REINFORCE,1124,521.6616,0.13,0.42
env_heavytail_tight,REINFORCE:seed7,REINFORCE,1125,432.42179999999996,0.11,0.44
env_heavytail_tight,REINFORCE:seed7,REINFORCE,1126,478.36619999999994,0.13,0.43
env_heavytail_tight,REINFORCE:seed7,REINFORCE,1127,287.3446,0.16,0.39
env_heavytail_tight,REINFORCE:seed7,REINFORCE,1128,473.891,0.09,0.42
env_heavytail_tight,REINFORCE:seed7,REINFORCE,1129,483.63199999999995,0.21,0.33
env_heavytail_tight,REINFORCE:seed7,REINFORCE,1130,583.1994000000001,0.17,0.39
env_heavytail_tight,REINFORCE:seed7,REINFORCE,1131,347.0572,0.17,0.39
env_heavytail_tight,REINFORCE:seed7,REINFORCE,1132,320.6142,0.11,0.41
env_heavytail_tight,REINFORCE:seed7,REINFORCE,1133,423.31680000000006,0.12,0.43
env_heavytail_tight,REINFORCE:seed7,REINFORCE,1134,137.8822,0.14,0.41
env_heavytail_tight,REINFORCE:seed7,REINFORCE,1135,349.7572,0.18,0.36
env_heavytail_tight,REINFORCE:seed7,REINFORCE,1136,578.5992000000001,0.15,0.42
env_heavytail_tight,REINFORCE:seed7,REINFORCE,1137,591.1406000000001,0.13,0.47
env_heavytail_tight,REINFORCE:seed7,REINFORCE,1138,274.94280000000003,0.11,0.39
env_heavytail_tight,REINFORCE:seed7,REINFORCE,1139,632.2810000000001,0.14,0.41
env_heavytail_tight,REINFORCE:seed7,REINFORCE,1140,256.1528,0.13,0.4
env_heavytail_tight,REINFORCE:seed7,REINFORCE,1141,259.45900000000006,0.13,0.43
env_heavytail_tight,REINFORCE:seed7,REINFORCE,1142,306.30219999999997,0.16,0.41
env_heavytail_tight,REINFORCE:seed7,REINFORCE,1143,576.4558,0.09,0.43
env_heavytail_tight,REINFORCE:seed7,REINFORCE,1144,406.8406,0.06,0.51
env_heavytail_tight,REINFORCE:seed7,REINFORCE,1145,506.7618,0.13,0.4
env_heavytail_tight,REINFORCE:seed7,REINFORCE,1146,543.4920000000001,0.13,0.43
env_heavytail_tight,REINFORCE:seed7,REINFORCE,1147,439.2842,0.11,0.42
env_heavytail_tight,REINFORCE:seed7,REINFORCE,1148,415.654,0.11,0.43
env_heavytail_tight,REINFORCE:seed7,REINFORCE,1149,326.4654,0.12,0.42
env_heavytail_tight,REINFORCE:seed7,REINFORCE,1150,522.0432,0.15,0.43
env_heavytail_tight,REINFORCE:seed7,REINFORCE,1151,364.7322000000001,0.16,0.42
env_heavytail_tight,REINFORCE:seed7,REINFORCE,1152,380.27419999999995,0.16,0.4
env_heavytail_tight,REINFORCE:seed7,REINFORCE,1153,475.9066,0.14,0.4
env_heavytail_tight,REINFORCE:seed7,REINFORCE,1154,564.468,0.06,0.49
env_heavytail_tight,REINFORCE:seed7,REINFORCE,1155,323.1672,0.16,0.41
env_heavytail_tight,REINFORCE:seed7,REINFORCE,1156,368.5996,0.16,0.42
env_heavytail_tight,REINFORCE:seed7,REINFORCE,1157,439.65160000000003,0.07,0.46
env_heavytail_tight,REINFORCE:seed7,REINFORCE,1158,639.2493999999999,0.09,0.41
env_heavytail_tight,REINFORCE:seed7,REINFORCE,1159,445.021,0.14,0.43
env_heavytail_tight,REINFORCE:seed7,REINFORCE,1160,407.68339999999995,0.07,0.49
env_heavytail_tight,REINFORCE:seed7,REINFORCE,1161,310.18479999999994,0.2,0.41
env_heavytail_tight,REINFORCE:seed7,REINFORCE,1162,600.3602,0.19,0.34
env_heavytail_tight,REINFORCE:seed7,REINFORCE,1163,505.5046,0.11,0.42
env_heavytail_tight,REINFORCE:seed7,REINFORCE,1164,553.1125999999999,0.09,0.46
env_heavytail_tight,REINFORCE:seed7,REINFORCE,1165,422.42260000000005,0.14,0.4
env_heavytail_tight,REINFORCE:seed7,REINFORCE,1166,791.8964000000001,0.12,0.38
env_heavytail_tight,REINFORCE:seed7,REINFORCE,1167,469.85020000000003,0.19,0.39
env_heavytail_tight,REINFORCE:seed7,REINFORCE,1168,225.0778,0.12,0.42
env_heavytail_tight,REINFORCE:seed7,REINFORCE,1169,502.1601999999999,0.11,0.42
env_heavytail_tight,REINFORCE:seed7,REINFORCE,1170,386.2156,0.17,0.47
env_heavytail_tight,REINFORCE:seed7,REINFORCE,1171,461.319,0.04,0.46
env_heavytail_tight,REINFORCE:seed7,REINFORCE,1172,422.37960000000004,0.18,0.4
env_heavytail_tight,REINFORCE:seed7,REINFORCE,1173,686.2804,0.1,0.44
env_heavytail_tight,REINFORCE:seed7,REINFORCE,1174,682.1242,0.22,0.4
env_heavytail_tight,REINFORCE:seed7,REINFORCE,1175,402.9986,0.07,0.46
env_heavytail_tight,REINFORCE:seed7,REINFORCE,1176,347.48159999999996,0.22,0.34
env_heavytail_tight,REINFORCE:seed7,REINFORCE,1177,436.40500000000003,0.12,0.44
env_heavytail_tight,REINFORCE:seed7,REINFORCE,1178,515.0652,0.15,0.44
env_heavytail_tight,REINFORCE:seed7,REINFORCE,1179,552.4495999999999,0.09,0.41
env_heavytail_tight,REINFORCE:seed7,REINFORCE,1180,575.8218,0.06,0.49
env_heavytail_tight,REINFORCE:seed7,REINFORCE,1181,364.6259999999999,0.14,0.43
env_heavytail_tight,REINFORCE:seed7,REINFORCE,1182,290.1384,0.12,0.39
env_heavytail_tight,REINFORCE:seed7,REINFORCE,1183,328.8596,0.13,0.39
env_heavytail_tight,REINFORCE:seed7,REINFORCE,1184,323.2278,0.14,0.42
env_heavytail_tight,REINFORCE:seed7,REINFORCE,1185,452.85179999999997,0.19,0.37
env_heavytail_tight,REINFORCE:seed7,REINFORCE,1186,605.3028,0.11,0.45
env_heavytail_tight,REINFORCE:seed7,REINFORCE,1187,411.52559999999994,0.12,0.39
env_heavytail_tight,REINFORCE:seed7,REINFORCE,1188,365.9878,0.15,0.43
env_heavytail_tight,REINFORCE:seed7,REINFORCE,1189,273.6506,0.18,0.38
env_heavytail_tight,REINFORCE:seed7,REINFORCE,1190,611.054,0.14,0.39
env_heavytail_tight,REINFORCE:seed7,REINFORCE,1191,387.50660000000005,0.15,0.4
env_heavytail_tight,REINFORCE:seed7,REINFORCE,1192,422.7906,0.07,0.42
env_heavytail_tight,REINFORCE:seed7,REINFORCE,1193,543.3664,0.04,0.45
env_heavytail_tight,REINFORCE:seed7,REINFORCE,1194,294.6966,0.15,0.39
env_heavytail_tight,REINFORCE:seed7,REINFORCE,1195,399.3896,0.17,0.37
env_heavytail_tight,REINFORCE:seed7,REINFORCE,1196,391.0036,0.18,0.42
env_heavytail_tight,REINFORCE:seed7,REINFORCE,1197,349.68500000000006,0.16,0.41
env_heavytail_tight,REINFORCE:seed7,REINFORCE,1198,249.75399999999996,0.14,0.42
env_heavytail_tight,REINFORCE:seed7,REINFORCE,1199,431.24160000000006,0.15,0.42
env_heavytail_tight,REINFORCE:seed7,REINFORCE,1200,564.225,0.21,0.38
env_heavytail_tight,REINFORCE:seed7,REINFORCE,1201,547.917,0.07,0.44
env_heavytail_tight,REINFORCE:seed7,REINFORCE,1202,471.81419999999997,0.16,0.41
env_heavytail_tight,REINFORCE:seed7,REINFORCE,1203,418.90919999999994,0.14,0.42
env_heavytail_tight,REINFORCE:seed7,REINFORCE,1204,519.7847999999999,0.16,0.39
env_heavytail_tight,REINFORCE:seed7,REINFORCE,1205,810.8439999999999,0.1,0.49
env_heavytail_tight,REINFORCE:seed7,REINFORCE,1206,607.1676,0.14,0.42
env_heavytail_tight,REINFORCE:seed7,REINFORCE,1207,331.285,0.14,0.42
env_heavytail_tight,REINFORCE:seed7,REINFORCE,1208,523.4754,0.13,0.38
env_heavytail_tight,REINFORCE:seed7,REINFORCE,1209,219.56140000000002,0.19,0.42
env_heavytail_tight,REINFORCE:seed7,REINFORCE,1210,548.7588,0.16,0.38
env_heavytail_tight,REINFORCE:seed7,REINFORCE,1211,497.9126,0.07,0.4
env_heavytail_tight,REINFORCE:seed7,REINFORCE,1212,703.3752000000001,0.14,0.43
env_heavytail_tight,REINFORCE:seed7,REINFORCE,1213,488.9858,0.09,0.43
env_heavytail_tight,REINFORCE:seed7,REINFORCE,1214,373.0202,0.12,0.45
env_heavytail_tight,REINFORCE:seed7,REINFORCE,1215,384.8738,0.16,0.43
env_heavytail_tight,REINFORCE:seed7,REINFORCE,1216,488.214,0.12,0.41
env_heavytail_tight,REINFORCE:seed7,REINFORCE,1217,377.0294,0.09,0.45
env_heavytail_tight,REINFORCE:seed7,REINFORCE,1218,332.576,0.15,0.4
env_heavytail_tight,REINFORCE:seed7,REINFORCE,1219,492.64019999999994,0.15,0.44
env_heavytail_tight,REINFORCE:seed7,REINFORCE,1220,490.00159999999994,0.15,0.41
env_heavytail_tight,REINFORCE:seed7,REINFORCE,1221,402.729,0.09,0.45
env_heavytail_tight,REINFORCE:seed7,REINFORCE,1222,373.4944,0.16,0.43
env_heavytail_tight,REINFORCE:seed7,REINFORCE,1223,566.7554,0.07,0.44
env_heavytail_tight,REINFORCE:seed7,REINFORCE,1224,347.1984,0.09,0.46
env_heavytail_tight,REINFORCE:seed7,REINFORCE,1225,599.1388,0.14,0.4
env_heavytail_tight,REINFORCE:seed7,REINFORCE,1226,504.90099999999995,0.1,0.38
env_heavytail_tight,REINFORCE:seed7,REINFORCE,1227,470.79699999999997,0.12,0.45
env_heavytail_tight,REINFORCE:seed7,REINFORCE,1228,508.5468000000001,0.13,0.43
env_heavytail_tight,REINFORCE:seed7,REINFORCE,1229,241.8668,0.19,0.39
env_heavytail_tight,REINFORCE:seed7,REINFORCE,1230,362.6626,0.18,0.43
env_heavytail_tight,REINFORCE:seed7,REINFORCE,1231,585.75,0.15,0.42
env_heavytail_tight,REINFORCE:seed7,REINFORCE,1232,266.4988,0.13,0.44
env_heavytail_tight,REINFORCE:seed7,REINFORCE,1233,395.4598,0.12,0.44
env_heavytail_tight,REINFORCE:seed7,REINFORCE,1234,594.9861999999999,0.14,0.43
env_heavytail_tight,REINFORCE:seed7,REINFORCE,1235,291.96840000000003,0.17,0.41
env_heavytail_tight,REINFORCE:seed7,REINFORCE,1236,331.432,0.15,0.39
env_heavytail_tight,REINFORCE:seed7,REINFORCE,1237,449.2962,0.1,0.4
env_heavytail_tight,REINFORCE:seed7,REINFORCE,1238,331.28899999999993,0.13,0.43
env_heavytail_tight,REINFORCE:seed7,REINFORCE,1239,572.8974,0.12,0.43
env_heavytail_tight,REINFORCE:seed7,REINFORCE,1240,549.3022000000001,0.18,0.44
env_heavytail_tight,REINFORCE:seed7,REINFORCE,1241,420.526,0.13,0.43
env_heavytail_tight,REINFORCE:seed7,REINFORCE,1242,310.4008,0.15,0.42
env_heavytail_tight,REINFORCE:seed7,REINFORCE,1243,601.8263999999999,0.11,0.45
env_heavytail_tight,REINFORCE:seed7,REINFORCE,1244,278.7008,0.14,0.42
env_heavytail_tight,REINFORCE:seed7,REINFORCE,1245,213.00600000000003,0.18,0.38
env_heavytail_tight,REINFORCE:seed7,REINFORCE,1246,337.51320000000004,0.13,0.47
env_heavytail_tight,REINFORCE:seed7,REINFORCE,1247,506.91060000000004,0.04,0.48
env_heavytail_tight,REINFORCE:seed7,REINFORCE,1248,544.2360000000001,0.1,0.48
env_heavytail_tight,REINFORCE:seed7,REINFORCE,1249,547.3807999999999,0.18,0.39
env_heavytail_tight,PPO:seed11,PPO,1000,425.88020000000006,0.15,0.53
env_heavytail_tight,PPO:seed11,PPO,1001,557.2814,0.12,0.48
env_heavytail_tight,PPO:seed11,PPO,1002,505.98259999999993,0.22,0.5
env_heavytail_tight,PPO:seed11,PPO,1003,436.0028,0.13,0.53
env_heavytail_tight,PPO:seed11,PPO,1004,420.05019999999996,0.13,0.52
env_heavytail_tight,PPO:seed11,PPO,1005,473.5912,0.14,0.5
env_heavytail_tight,PPO:seed11,PPO,1006,297.8232,0.11,0.52
env_heavytail_tight,PPO:seed11,PPO,1007,553.5694,0.17,0.43
env_heavytail_tight,PPO:seed11,PPO,1008,600.785,0.15,0.53
env_heavytail_tight,PPO:seed11,PPO,1009,509.0,0.1,0.46
env_heavytail_tight,PPO:seed11,PPO,1010,390.83,0.14,0.53
env_heavytail_tight,PPO:seed11,PPO,1011,360.35040000000004,0.14,0.61
env_heavytail_tight,PPO:seed11,PPO,1012,577.1125999999999,0.17,0.54
env_heavytail_tight,PPO:seed11,PPO,1013,302.4484,0.1,0.57
env_heavytail_tight,PPO:seed11,PPO,1014,436.5356000000001,0.24,0.49
env_heavytail_tight,PPO:seed11,PPO,1015,324.6254,0.22,0.43
env_heavytail_tight,PPO:seed11,PPO,1016,426.8599999999999,0.18,0.49
env_heavytail_tight,PPO:seed11,PPO,1017,319.6614,0.23,0.55
env_heavytail_tight,PPO:seed11,PPO,1018,589.281,0.12,0.59
env_heavytail_tight,PPO:seed11,PPO,1019,454.72360000000003,0.18,0.51
env_heavytail_tight,PPO:seed11,PPO,1020,506.26419999999996,0.15,0.53
env_heavytail_tight,PPO:seed11,PPO,1021,399.19939999999997,0.16,0.51
env_heavytail_tight,PPO:seed11,PPO,1022,245.73999999999995,0.21,0.48
env_heavytail_tight,PPO:seed11,PPO,1023,566.7758,0.2,0.5
env_heavytail_tight,PPO:seed11,PPO,1024,550.6465999999999,0.12,0.51
env_heavytail_tight,PPO:seed11,PPO,1025,252.44179999999994,0.2,0.54
env_heavytail_tight,PPO:seed11,PPO,1026,512.2538,0.11,0.54
env_heavytail_tight,PPO:seed11,PPO,1027,648.3424,0.17,0.48
env_heavytail_tight,PPO:seed11,PPO,1028,456.22760000000005,0.18,0.53
env_heavytail_tight,PPO:seed11,PPO,1029,337.9212,0.18,0.5
env_heavytail_tight,PPO:seed11,PPO,1030,244.43220000000008,0.19,0.54
env_heavytail_tight,PPO:seed11,PPO,1031,463.9954,0.13,0.51
env_heavytail_tight,PPO:seed11,PPO,1032,526.5812000000001,0.21,0.47
env_heavytail_tight,PPO:seed11,PPO,1033,458.80339999999995,0.13,0.58
env_heavytail_tight,PPO:seed11,PPO,1034,418.88680000000005,0.18,0.52
env_heavytail_tight,PPO:seed11,PPO,1035,429.4434,0.18,0.49
env_heavytail_tight,PPO:seed11,PPO,1036,663.9015999999999,0.13,0.55
env_heavytail_tight,PPO:seed11,PPO,1037,301.8756,0.22,0.54
env_heavytail_tight,PPO:seed11,PPO,1038,552.4656,0.15,0.59
env_heavytail_tight,PPO:seed11,PPO,1039,412.41919999999993,0.16,0.55
env_heavytail_tight,PPO:seed11,PPO,1040,399.792,0.18,0.5
env_heavytail_tight,PPO:seed11,PPO,1041,389.6382,0.18,0.58
env_heavytail_tight,PPO:seed11,PPO,1042,479.1588,0.09,0.59
env_heavytail_tight,PPO:seed11,PPO,1043,666.6845999999999,0.09,0.56
env_heavytail_tight,PPO:seed11,PPO,1044,696.514,0.14,0.53
env_heavytail_tight,PPO:seed11,PPO,1045,457.8664,0.08,0.61
env_heavytail_tight,PPO:seed11,PPO,1046,704.9424,0.13,0.55
env_heavytail_tight,PPO:seed11,PPO,1047,702.0848000000001,0.04,0.61
env_heavytail_tight,PPO:seed11,PPO,1048,591.7841999999999,0.15,0.54
env_heavytail_tight,PPO:seed11,PPO,1049,588.5246000000001,0.17,0.55
env_heavytail_tight,PPO:seed11,PPO,1050,553.9996,0.13,0.56
env_heavytail_tight,PPO:seed11,PPO,1051,213.1494,0.11,0.52
env_heavytail_tight,PPO:seed11,PPO,1052,370.8538,0.18,0.53
env_heavytail_tight,PPO:seed11,PPO,1053,671.2789999999999,0.09,0.62
env_heavytail_tight,PPO:seed11,PPO,1054,502.19999999999993,0.09,0.59
env_heavytail_tight,PPO:seed11,PPO,1055,487.2638,0.12,0.54
env_heavytail_tight,PPO:seed11,PPO,1056,311.6282,0.17,0.57
env_heavytail_tight,PPO:seed11,PPO,1057,391.8968,0.13,0.5
env_heavytail_tight,PPO:seed11,PPO,1058,456.1496000000001,0.1,0.52
env_heavytail_tight,PPO:seed11,PPO,1059,535.9959999999999,0.15,0.54
env_heavytail_tight,PPO:seed11,PPO,1060,445.0924,0.12,0.52
env_heavytail_tight,PPO:seed11,PPO,1061,606.2726,0.12,0.56
env_heavytail_tight,PPO:seed11,PPO,1062,513.8689999999999,0.1,0.53
env_heavytail_tight,PPO:seed11,PPO,1063,471.1172,0.13,0.52
env_heavytail_tight,PPO:seed11,PPO,1064,367.57759999999996,0.12,0.54
env_heavytail_tight,PPO:seed11,PPO,1065,551.2382,0.18,0.47
env_heavytail_tight,PPO:seed11,PPO,1066,512.4344000000001,0.14,0.53
env_heavytail_tight,PPO:seed11,PPO,1067,449.37799999999993,0.17,0.53
env_heavytail_tight,PPO:seed11,PPO,1068,396.5576,0.15,0.56
env_heavytail_tight,PPO:seed11,PPO,1069,309.1488,0.17,0.58
env_heavytail_tight,PPO:seed11,PPO,1070,397.34319999999997,0.16,0.56
env_heavytail_tight,PPO:seed11,PPO,1071,552.1206,0.09,0.6
env_heavytail_tight,PPO:seed11,PPO,1072,635.1394,0.1,0.51
env_heavytail_tight,PPO:seed11,PPO,1073,628.4962,0.14,0.5
env_heavytail_tight,PPO:seed11,PPO,1074,607.1217999999999,0.17,0.55
env_heavytail_tight,PPO:seed11,PPO,1075,317.344,0.11,0.62
env_heavytail_tight,PPO:seed11,PPO,1076,520.3044,0.19,0.52
env_heavytail_tight,PPO:seed11,PPO,1077,402.9394,0.09,0.56
env_heavytail_tight,PPO:seed11,PPO,1078,535.9884000000001,0.11,0.6
env_heavytail_tight,PPO:seed11,PPO,1079,362.54060000000004,0.13,0.5
env_heavytail_tight,PPO:seed11,PPO,1080,656.6737999999999,0.12,0.54
env_heavytail_tight,PPO:seed11,PPO,1081,533.6688,0.11,0.6
env_heavytail_tight,PPO:seed11,PPO,1082,533.5088,0.18,0.48
env_heavytail_tight,PPO:seed11,PPO,1083,755.066,0.06,0.63
env_heavytail_tight,PPO:seed11,PPO,1084,409.72239999999994,0.16,0.52
env_heavytail_tight,PPO:seed11,PPO,1085,375.1818,0.13,0.54
env_heavytail_tight,PPO:seed11,PPO,1086,549.0084,0.17,0.55
env_heavytail_tight,PPO:seed11,PPO,1087,663.108,0.09,0.57
env_heavytail_tight,PPO:seed11,PPO,1088,535.3140000000001,0.09,0.56
env_heavytail_tight,PPO:seed11,PPO,1089,482.53319999999997,0.06,0.61
env_heavytail_tight,PPO:seed11,PPO,1090,538.824,0.19,0.49
env_heavytail_tight,PPO:seed11,PPO,1091,451.715,0.14,0.53
env_heavytail_tight,PPO:seed11,PPO,1092,346.01460000000003,0.17,0.55
env_heavytail_tight,PPO:seed11,PPO,1093,371.6202,0.12,0.54
env_heavytail_tight,PPO:seed11,PPO,1094,396.4524,0.2,0.45
env_heavytail_tight,PPO:seed11,PPO,1095,449.0400000000001,0.23,0.47
env_heavytail_tight,PPO:seed11,PPO,1096,336.0616,0.09,0.58
env_heavytail_tight,PPO:seed11,PPO,1097,496.77699999999993,0.1,0.56
env_heavytail_tight,PPO:seed11,PPO,1098,456.66979999999995,0.17,0.54
env_heavytail_tight,PPO:seed11,PPO,1099,375.6518,0.15,0.51
env_heavytail_tight,PPO:seed11,PPO,1100,195.1562,0.23,0.44
env_heavytail_tight,PPO:seed11,PPO,1101,343.701,0.11,0.51
env_heavytail_tight,PPO:seed11,PPO,1102,621.8753999999999,0.09,0.54
env_heavytail_tight,PPO:seed11,PPO,1103,510.0368000000001,0.11,0.6
env_heavytail_tight,PPO:seed11,PPO,1104,815.4707999999999,0.12,0.49
env_heavytail_tight,PPO:seed11,PPO,1105,394.60560000000004,0.2,0.51
env_heavytail_tight,PPO:seed11,PPO,1106,524.568,0.15,0.53
env_heavytail_tight,PPO:seed11,PPO,1107,518.934,0.13,0.55
env_heavytail_tight,PPO:seed11,PPO,1108,531.705,0.13,0.57
env_heavytail_tight,PPO:seed11,PPO,1109,478.0666,0.08,0.6
env_heavytail_tight,PPO:seed11,PPO,1110,594.1579999999999,0.12,0.51
env_heavytail_tight,PPO:seed11,PPO,1111,396.0568,0.18,0.54
env_heavytail_tight,PPO:seed11,PPO,1112,561.3422,0.18,0.5
env_heavytail_tight,PPO:seed11,PPO,1113,508.5372,0.14,0.49
env_heavytail_tight,PPO:seed11,PPO,1114,617.3908,0.12,0.57
env_heavytail_tight,PPO:seed11,PPO,1115,452.5292,0.18,0.47
env_heavytail_tight,PPO:seed11,PPO,1116,223.1336,0.17,0.49
env_heavytail_tight,PPO:seed11,PPO,1117,314.5268000000001,0.15,0.58
env_heavytail_tight,PPO:seed11,PPO,1118,256.31820000000005,0.15,0.51
env_heavytail_tight,PPO:seed11,PPO,1119,251.19579999999996,0.17,0.51
env_heavytail_tight,PPO:seed11,PPO,1120,552.9556,0.17,0.52
env_heavytail_tight,PPO:seed11,PPO,1121,418.7616,0.14,0.48
env_heavytail_tight,PPO:seed11,PPO,1122,461.5845999999999,0.12,0.53
env_heavytail_tight,PPO:seed11,PPO,1123,558.9173999999999,0.14,0.56
env_heavytail_tight,PPO:seed11,PPO,1124,517.5722,0.11,0.54
env_heavytail_tight,PPO:seed11,PPO,1125,469.18140000000005,0.1,0.56
env_heavytail_tight,PPO:seed11,PPO,1126,489.0113999999999,0.13,0.56
env_heavytail_tight,PPO:seed11,PPO,1127,323.9412,0.11,0.48
env_heavytail_tight,PPO:seed11,PPO,1128,502.586,0.11,0.6
env_heavytail_tight,PPO:seed11,PPO,1129,560.1668,0.18,0.54
env_heavytail_tight,PPO:seed11,PPO,1130,602.1175999999999,0.19,0.47
env_heavytail_tight,PPO:seed11,PPO,1131,384.9928,0.14,0.53
env_heavytail_tight,PPO:seed11,PPO,1132,346.41619999999995,0.13,0.56
env_heavytail_tight,PPO:seed11,PPO,1133,450.05620000000005,0.08,0.61
env_heavytail_tight,PPO:seed11,PPO,1134,139.14100000000002,0.16,0.51
env_heavytail_tight,PPO:seed11,PPO,1135,412.1794,0.15,0.52
env_heavytail_tight,PPO:seed11,PPO,1136,587.3267999999999,0.15,0.52
env_heavytail_tight,PPO:seed11,PPO,1137,617.7912,0.14,0.54
env_heavytail_tight,PPO:seed11,PPO,1138,305.3568,0.06,0.58
env_heavytail_tight,PPO:seed11,PPO,1139,681.6186,0.13,0.52
env_heavytail_tight,PPO:seed11,PPO,1140,254.10520000000002,0.18,0.55
env_heavytail_tight,PPO:seed11,PPO,1141,297.77479999999997,0.22,0.55
env_heavytail_tight,PPO:seed11,PPO,1142,292.8522,0.23,0.49
env_heavytail_tight,PPO:seed11,PPO,1143,559.2638,0.11,0.56
env_heavytail_tight,PPO:seed11,PPO,1144,411.15759999999995,0.1,0.58
env_heavytail_tight,PPO:seed11,PPO,1145,575.1758,0.14,0.57
env_heavytail_tight,PPO:seed11,PPO,1146,569.4431999999999,0.12,0.53
env_heavytail_tight,PPO:seed11,PPO,1147,423.9044,0.18,0.46
env_heavytail_tight,PPO:seed11,PPO,1148,449.5602,0.12,0.58
env_heavytail_tight,PPO:seed11,PPO,1149,347.31960000000004,0.13,0.57
env_heavytail_tight,PPO:seed11,PPO,1150,552.4688,0.13,0.56
env_heavytail_tight,PPO:seed11,PPO,1151,395.1004,0.19,0.54
env_heavytail_tight,PPO:seed11,PPO,1152,377.64140000000003,0.22,0.44
env_heavytail_tight,PPO:seed11,PPO,1153,499.0411999999999,0.16,0.48
env_heavytail_tight,PPO:seed11,PPO,1154,575.96,0.09,0.58
env_heavytail_tight,PPO:seed11,PPO,1155,336.1522,0.14,0.53
env_heavytail_tight,PPO:seed11,PPO,1156,380.0644,0.15,0.57
env_heavytail_tight,PPO:seed11,PPO,1157,436.4406,0.11,0.52
env_heavytail_tight,PPO:seed11,PPO,1158,647.1762,0.07,0.51
env_heavytail_tight,PPO:seed11,PPO,1159,433.8424,0.2,0.46
env_heavytail_tight,PPO:seed11,PPO,1160,394.07840000000004,0.11,0.62
env_heavytail_tight,PPO:seed11,PPO,1161,352.143,0.13,0.57
env_heavytail_tight,PPO:seed11,PPO,1162,613.9244,0.19,0.41
env_heavytail_tight,PPO:seed11,PPO,1163,556.287,0.11,0.53
env_heavytail_tight,PPO:seed11,PPO,1164,539.0665999999999,0.14,0.5
env_heavytail_tight,PPO:seed11,PPO,1165,455.0206000000001,0.1,0.58
env_heavytail_tight,PPO:seed11,PPO,1166,792.3152,0.16,0.47
env_heavytail_tight,PPO:seed11,PPO,1167,495.49739999999997,0.22,0.54
env_heavytail_tight,PPO:seed11,PPO,1168,235.3496,0.14,0.52
env_heavytail_tight,PPO:seed11,PPO,1169,498.6246,0.14,0.49
env_heavytail_tight,PPO:seed11,PPO,1170,397.7906,0.12,0.6
env_heavytail_tight,PPO:seed11,PPO,1171,467.57920000000007,0.1,0.58
env_heavytail_tight,PPO:seed11,PPO,1172,441.8214,0.22,0.53
env_heavytail_tight,PPO:seed11,PPO,1173,722.7758,0.11,0.57
env_heavytail_tight,PPO:seed11,PPO,1174,708.5496,0.17,0.55
env_heavytail_tight,PPO:seed11,PPO,1175,393.98659999999995,0.1,0.53
env_heavytail_tight,PPO:seed11,PPO,1176,356.1988,0.24,0.46
env_heavytail_tight,PPO:seed11,PPO,1177,440.9642,0.17,0.5
env_heavytail_tight,PPO:seed11,PPO,1178,526.965,0.18,0.52
env_heavytail_tight,PPO:seed11,PPO,1179,611.2722,0.12,0.56
env_heavytail_tight,PPO:seed11,PPO,1180,586.1048,0.09,0.62
env_heavytail_tight,PPO:seed11,PPO,1181,335.30999999999995,0.24,0.47
env_heavytail_tight,PPO:seed11,PPO,1182,336.69599999999997,0.14,0.51
env_heavytail_tight,PPO:seed11,PPO,1183,329.34959999999995,0.18,0.48
env_heavytail_tight,PPO:seed11,PPO,1184,339.58119999999997,0.14,0.55
env_heavytail_tight,PPO:seed11,PPO,1185,476.02040000000005,0.2,0.47
env_heavytail_tight,PPO:seed11,PPO,1186,577.4348,0.12,0.51
env_heavytail_tight,PPO:seed11,PPO,1187,453.55539999999996,0.16,0.52
env_heavytail_tight,PPO:seed11,PPO,1188,376.86719999999997,0.16,0.51
env_heavytail_tight,PPO:seed11,PPO,1189,267.09200000000004,0.18,0.53
env_heavytail_tight,PPO:seed11,PPO,1190,630.6454000000001,0.16,0.5
env_heavytail_tight,PPO:seed11,PPO,1191,401.6802,0.18,0.51
env_heavytail_tight,PPO:seed11,PPO,1192,406.6982,0.11,0.5
env_heavytail_tight,PPO:seed11,PPO,1193,548.2547999999999,0.08,0.55
env_heavytail_tight,PPO:seed11,PPO,1194,319.64779999999996,0.14,0.52
env_heavytail_tight,PPO:seed11,PPO,1195,434.1426,0.17,0.48
env_heavytail_tight,PPO:seed11,PPO,1196,424.39979999999997,0.14,0.56
env_heavytail_tight,PPO:seed11,PPO,1197,382.11539999999997,0.13,0.56
env_heavytail_tight,PPO:seed11,PPO,1198,258.153,0.14,0.49
env_heavytail_tight,PPO:seed11,PPO,1199,449.7212,0.17,0.56
env_heavytail_tight,PPO:seed11,PPO,1200,597.2203999999999,0.23,0.51
env_heavytail_tight,PPO:seed11,PPO,1201,545.4214000000001,0.1,0.58
env_heavytail_tight,PPO:seed11,PPO,1202,517.01,0.13,0.56
env_heavytail_tight,PPO:seed11,PPO,1203,434.3270000000001,0.15,0.59
env_heavytail_tight,PPO:seed11,PPO,1204,528.9064,0.14,0.47
env_heavytail_tight,PPO:seed11,PPO,1205,791.9402,0.11,0.52
env_heavytail_tight,PPO:seed11,PPO,1206,624.3205999999999,0.18,0.51
env_heavytail_tight,PPO:seed11,PPO,1207,389.5492,0.12,0.59
env_heavytail_tight,PPO:seed11,PPO,1208,537.0878,0.15,0.49
env_heavytail_tight,PPO:seed11,PPO,1209,252.38440000000003,0.17,0.5
env_heavytail_tight,PPO:seed11,PPO,1210,598.3778,0.1,0.59
env_heavytail_tight,PPO:seed11,PPO,1211,535.1608,0.11,0.57
env_heavytail_tight,PPO:seed11,PPO,1212,707.4948,0.16,0.53
env_heavytail_tight,PPO:seed11,PPO,1213,519.9372,0.12,0.57
env_heavytail_tight,PPO:seed11,PPO,1214,386.23519999999996,0.17,0.52
env_heavytail_tight,PPO:seed11,PPO,1215,437.704,0.13,0.59
env_heavytail_tight,PPO:seed11,PPO,1216,501.8718,0.13,0.53
env_heavytail_tight,PPO:seed11,PPO,1217,386.591,0.11,0.58
env_heavytail_tight,PPO:seed11,PPO,1218,342.55420000000004,0.21,0.49
env_heavytail_tight,PPO:seed11,PPO,1219,505.0924,0.15,0.52
env_heavytail_tight,PPO:seed11,PPO,1220,525.8292,0.16,0.51
env_heavytail_tight,PPO:seed11,PPO,1221,402.13460000000003,0.08,0.54
env_heavytail_tight,PPO:seed11,PPO,1222,416.8664,0.14,0.55
env_heavytail_tight,PPO:seed11,PPO,1223,562.5336,0.11,0.59
env_heavytail_tight,PPO:seed11,PPO,1224,390.3714,0.1,0.59
env_heavytail_tight,PPO:seed11,PPO,1225,633.0974,0.2,0.53
env_heavytail_tight,PPO:seed11,PPO,1226,498.0316,0.16,0.53
env_heavytail_tight,PPO:seed11,PPO,1227,465.4062,0.15,0.57
env_heavytail_tight,PPO:seed11,PPO,1228,544.8960000000001,0.14,0.5
env_heavytail_tight,PPO:seed11,PPO,1229,278.38640000000004,0.16,0.57
env_heavytail_tight,PPO:seed11,PPO,1230,384.1411999999999,0.15,0.49
env_heavytail_tight,PPO:seed11,PPO,1231,613.5179999999998,0.13,0.54
env_heavytail_tight,PPO:seed11,PPO,1232,271.2982,0.19,0.48
env_heavytail_tight,PPO:seed11,PPO,1233,427.1056,0.15,0.48
env_heavytail_tight,PPO:seed11,PPO,1234,581.8886,0.2,0.5
env_heavytail_tight,PPO:seed11,PPO,1235,342.22220000000004,0.14,0.6
env_heavytail_tight,PPO:seed11,PPO,1236,358.6646,0.16,0.55
env_heavytail_tight,PPO:seed11,PPO,1237,476.86279999999994,0.18,0.47
env_heavytail_tight,PPO:seed11,PPO,1238,328.51059999999995,0.13,0.56
env_heavytail_tight,PPO:seed11,PPO,1239,583.8624000000001,0.14,0.51
env_heavytail_tight,PPO:seed11,PPO,1240,571.7116,0.18,0.52
env_heavytail_tight,PPO:seed11,PPO,1241,444.15919999999994,0.13,0.54
env_heavytail_tight,PPO:seed11,PPO,1242,373.8458,0.12,0.61
env_heavytail_tight,PPO:seed11,PPO,1243,607.0118,0.11,0.51
env_heavytail_tight,PPO:seed11,PPO,1244,312.994,0.16,0.51
env_heavytail_tight,PPO:seed11,PPO,1245,239.57140000000004,0.18,0.5
env_heavytail_tight,PPO:seed11,PPO,1246,369.92640000000006,0.15,0.56
env_heavytail_tight,PPO:seed11,PPO,1247,508.5849999999999,0.08,0.62
env_heavytail_tight,PPO:seed11,PPO,1248,559.7374,0.11,0.6
env_heavytail_tight,PPO:seed11,PPO,1249,630.7564,0.1,0.58
env_heavytail_tight,PPO:seed13,PPO,1000,404.3976,0.15,0.53
env_heavytail_tight,PPO:seed13,PPO,1001,534.7102,0.12,0.45
env_heavytail_tight,PPO:seed13,PPO,1002,501.8499999999999,0.23,0.53
env_heavytail_tight,PPO:seed13,PPO,1003,459.4588,0.08,0.56
env_heavytail_tight,PPO:seed13,PPO,1004,377.1978000000001,0.14,0.39
env_heavytail_tight,PPO:seed13,PPO,1005,446.60299999999995,0.17,0.47
env_heavytail_tight,PPO:seed13,PPO,1006,284.71320000000003,0.13,0.42
env_heavytail_tight,PPO:seed13,PPO,1007,591.2894000000001,0.13,0.57
env_heavytail_tight,PPO:seed13,PPO,1008,640.5964,0.15,0.61
env_heavytail_tight,PPO:seed13,PPO,1009,554.673,0.07,0.58
env_heavytail_tight,PPO:seed13,PPO,1010,406.9294,0.13,0.53
env_heavytail_tight,PPO:seed13,PPO,1011,375.04900000000004,0.11,0.56
env_heavytail_tight,PPO:seed13,PPO,1012,593.4352,0.12,0.47
env_heavytail_tight,PPO:seed13,PPO,1013,317.6736,0.1,0.66
env_heavytail_tight,PPO:seed13,PPO,1014,441.9423999999999,0.22,0.54
env_heavytail_tight,PPO:seed13,PPO,1015,341.23840000000007,0.17,0.58
env_heavytail_tight,PPO:seed13,PPO,1016,427.27359999999993,0.17,0.54
env_heavytail_tight,PPO:seed13,PPO,1017,316.8566,0.2,0.6
env_heavytail_tight,PPO:seed13,PPO,1018,569.362,0.13,0.58
env_heavytail_tight,PPO:seed13,PPO,1019,454.4176,0.18,0.49
env_heavytail_tight,PPO:seed13,PPO,1020,491.473,0.15,0.5
env_heavytail_tight,PPO:seed13,PPO,1021,402.88480000000004,0.13,0.59
env_heavytail_tight,PPO:seed13,PPO,1022,308.9434,0.18,0.55
env_heavytail_tight,PPO:seed13,PPO,1023,579.9316,0.18,0.44
env_heavytail_tight,PPO:seed13,PPO,1024,534.2758,0.15,0.48
env_heavytail_tight,PPO:seed13,PPO,1025,223.977,0.2,0.46
env_heavytail_tight,PPO:seed13,PPO,1026,499.7102,0.14,0.48
env_heavytail_tight,PPO:seed13,PPO,1027,655.5774,0.15,0.43
env_heavytail_tight,PPO:seed13,PPO,1028,454.2346,0.17,0.41
env_heavytail_tight,PPO:seed13,PPO,1029,309.13179999999994,0.2,0.52
env_heavytail_tight,PPO:seed13,PPO,1030,277.0872,0.17,0.59
env_heavytail_tight,PPO:seed13,PPO,1031,460.1408,0.13,0.51
env_heavytail_tight,PPO:seed13,PPO,1032,520.1376,0.25,0.48
env_heavytail_tight,PPO:seed13,PPO,1033,463.4624000000001,0.15,0.6
env_heavytail_tight,PPO:seed13,PPO,1034,437.4978,0.13,0.56
env_heavytail_tight,PPO:seed13,PPO,1035,439.61679999999996,0.11,0.51
env_heavytail_tight,PPO:seed13,PPO,1036,633.5578,0.15,0.51
env_heavytail_tight,PPO:seed13,PPO,1037,324.58039999999994,0.2,0.56
env_heavytail_tight,PPO:seed13,PPO,1038,565.5934,0.11,0.64
env_heavytail_tight,PPO:seed13,PPO,1039,415.4232,0.15,0.59
env_heavytail_tight,PPO:seed13,PPO,1040,402.14099999999996,0.14,0.57
env_heavytail_tight,PPO:seed13,PPO,1041,430.0992,0.1,0.62
env_heavytail_tight,PPO:seed13,PPO,1042,489.55219999999997,0.06,0.56
env_heavytail_tight,PPO:seed13,PPO,1043,660.9258,0.15,0.5
env_heavytail_tight,PPO:seed13,PPO,1044,671.0622,0.16,0.49
env_heavytail_tight,PPO:seed13,PPO,1045,445.22960000000006,0.13,0.53
env_heavytail_tight,PPO:seed13,PPO,1046,681.494,0.08,0.45
env_heavytail_tight,PPO:seed13,PPO,1047,698.5694000000001,0.09,0.64
env_heavytail_tight,PPO:seed13,PPO,1048,592.2668000000001,0.11,0.53
env_heavytail_tight,PPO:seed13,PPO,1049,535.1150000000001,0.21,0.54
env_heavytail_tight,PPO:seed13,PPO,1050,550.9826,0.15,0.59
env_heavytail_tight,PPO:seed13,PPO,1051,277.29499999999996,0.12,0.57
env_heavytail_tight,PPO:seed13,PPO,1052,370.71219999999994,0.14,0.58
env_heavytail_tight,PPO:seed13,PPO,1053,737.478,0.1,0.66
env_heavytail_tight,PPO:seed13,PPO,1054,488.6094,0.13,0.61
env_heavytail_tight,PPO:seed13,PPO,1055,487.4188000000001,0.14,0.53
env_heavytail_tight,PPO:seed13,PPO,1056,312.2254,0.2,0.59
env_heavytail_tight,PPO:seed13,PPO,1057,381.3161999999999,0.15,0.39
env_heavytail_tight,PPO:seed13,PPO,1058,448.17479999999995,0.12,0.51
env_heavytail_tight,PPO:seed13,PPO,1059,541.1378,0.17,0.57
env_heavytail_tight,PPO:seed13,PPO,1060,428.8082,0.13,0.53
env_heavytail_tight,PPO:seed13,PPO,1061,613.2938,0.09,0.49
env_heavytail_tight,PPO:seed13,PPO,1062,523.9082000000001,0.13,0.56
env_heavytail_tight,PPO:seed13,PPO,1063,442.8678,0.16,0.52
env_heavytail_tight,PPO:seed13,PPO,1064,358.4876,0.15,0.53
env_heavytail_tight,PPO:seed13,PPO,1065,565.741,0.11,0.53
env_heavytail_tight,PPO:seed13,PPO,1066,504.40280000000007,0.15,0.52
env_heavytail_tight,PPO:seed13,PPO,1067,477.09240000000005,0.14,0.64
env_heavytail_tight,PPO:seed13,PPO,1068,366.257,0.12,0.46
env_heavytail_tight,PPO:seed13,PPO,1069,312.76520000000005,0.14,0.59
env_heavytail_tight,PPO:seed13,PPO,1070,387.134,0.15,0.55
env_heavytail_tight,PPO:seed13,PPO,1071,533.317,0.11,0.57
env_heavytail_tight,PPO:seed13,PPO,1072,636.7716,0.12,0.53
env_heavytail_tight,PPO:seed13,PPO,1073,608.888,0.12,0.45
env_heavytail_tight,PPO:seed13,PPO,1074,595.0265999999999,0.15,0.53
env_heavytail_tight,PPO:seed13,PPO,1075,285.3586,0.14,0.54
env_heavytail_tight,PPO:seed13,PPO,1076,506.78819999999996,0.16,0.61
env_heavytail_tight,PPO:seed13,PPO,1077,395.41920000000005,0.13,0.58
env_heavytail_tight,PPO:seed13,PPO,1078,534.5626000000001,0.11,0.6
env_heavytail_tight,PPO:seed13,PPO,1079,411.69899999999996,0.1,0.58
env_heavytail_tight,PPO:seed13,PPO,1080,638.1356000000001,0.12,0.44
env_heavytail_tight,PPO:seed13,PPO,1081,517.6415999999999,0.17,0.59
env_heavytail_tight,PPO:seed13,PPO,1082,523.4957999999999,0.22,0.55
env_heavytail_tight,PPO:seed13,PPO,1083,723.943,0.13,0.59
env_heavytail_tight,PPO:seed13,PPO,1084,413.1552,0.12,0.61
env_heavytail_tight,PPO:seed13,PPO,1085,368.1268,0.14,0.52
env_heavytail_tight,PPO:seed13,PPO,1086,561.0996,0.13,0.6
env_heavytail_tight,PPO:seed13,PPO,1087,656.5268,0.09,0.54
env_heavytail_tight,PPO:seed13,PPO,1088,523.5305999999999,0.05,0.56
env_heavytail_tight,PPO:seed13,PPO,1089,466.8794,0.11,0.57
env_heavytail_tight,PPO:seed13,PPO,1090,533.3128,0.12,0.48
env_heavytail_tight,PPO:seed13,PPO,1091,460.6408,0.13,0.53
env_heavytail_tight,PPO:seed13,PPO,1092,325.1024,0.21,0.55
env_heavytail_tight,PPO:seed13,PPO,1093,335.0244,0.14,0.46
env_heavytail_tight,PPO:seed13,PPO,1094,399.10859999999997,0.13,0.52
env_heavytail_tight,PPO:seed13,PPO,1095,415.5816,0.26,0.4
env_heavytail_tight,PPO:seed13,PPO,1096,368.02160000000003,0.09,0.67
env_heavytail_tight,PPO:seed13,PPO,1097,512.2638,0.11,0.52
env_heavytail_tight,PPO:seed13,PPO,1098,454.00059999999996,0.16,0.5
env_heavytail_tight,PPO:seed13,PPO,1099,359.6422,0.18,0.52
env_heavytail_tight,PPO:seed13,PPO,1100,235.13440000000003,0.17,0.51
env_heavytail_tight,PPO:seed13,PPO,1101,335.42319999999995,0.13,0.59
env_heavytail_tight,PPO:seed13,PPO,1102,615.3539999999998,0.1,0.55
env_heavytail_tight,PPO:seed13,PPO,1103,513.8148000000001,0.1,0.57
env_heavytail_tight,PPO:seed13,PPO,1104,830.4968,0.12,0.51
env_heavytail_tight,PPO:seed13,PPO,1105,390.5816,0.2,0.54
env_heavytail_tight,PPO:seed13,PPO,1106,518.5919999999999,0.16,0.53
env_heavytail_tight,PPO:seed13,PPO,1107,501.65279999999996,0.14,0.52
env_heavytail_tight,PPO:seed13,PPO,1108,531.1276,0.1,0.55
env_heavytail_tight,PPO:seed13,PPO,1109,477.6762,0.07,0.56
env_heavytail_tight,PPO:seed13,PPO,1110,620.9124,0.12,0.56
env_heavytail_tight,PPO:seed13,PPO,1111,419.28639999999996,0.16,0.58
env_heavytail_tight,PPO:seed13,PPO,1112,569.6868,0.15,0.53
env_heavytail_tight,PPO:seed13,PPO,1113,530.2536,0.13,0.57
env_heavytail_tight,PPO:seed13,PPO,1114,602.2954,0.12,0.56
env_heavytail_tight,PPO:seed13,PPO,1115,454.409,0.11,0.44
env_heavytail_tight,PPO:seed13,PPO,1116,188.04899999999998,0.19,0.54
env_heavytail_tight,PPO:seed13,PPO,1117,296.35179999999997,0.13,0.48
env_heavytail_tight,PPO:seed13,PPO,1118,296.384,0.14,0.51
env_heavytail_tight,PPO:seed13,PPO,1119,250.7912,0.15,0.4
env_heavytail_tight,PPO:seed13,PPO,1120,523.2106,0.16,0.5
env_heavytail_tight,PPO:seed13,PPO,1121,433.467,0.2,0.48
env_heavytail_tight,PPO:seed13,PPO,1122,480.94759999999997,0.09,0.56
env_heavytail_tight,PPO:seed13,PPO,1123,567.2284,0.14,0.41
env_heavytail_tight,PPO:seed13,PPO,1124,518.9352,0.14,0.55
env_heavytail_tight,PPO:seed13,PPO,1125,439.71680000000003,0.16,0.43
env_heavytail_tight,PPO:seed13,PPO,1126,490.3108,0.12,0.45
env_heavytail_tight,PPO:seed13,PPO,1127,301.75419999999997,0.12,0.42
env_heavytail_tight,PPO:seed13,PPO,1128,471.5164,0.1,0.43
env_heavytail_tight,PPO:seed13,PPO,1129,549.3842,0.17,0.53
env_heavytail_tight,PPO:seed13,PPO,1130,596.027,0.16,0.42
env_heavytail_tight,PPO:seed13,PPO,1131,408.44259999999997,0.14,0.49
env_heavytail_tight,PPO:seed13,PPO,1132,355.1482,0.09,0.62
env_heavytail_tight,PPO:seed13,PPO,1133,420.0147999999999,0.13,0.55
env_heavytail_tight,PPO:seed13,PPO,1134,118.62240000000003,0.19,0.38
env_heavytail_tight,PPO:seed13,PPO,1135,386.38739999999996,0.13,0.43
env_heavytail_tight,PPO:seed13,PPO,1136,602.8294,0.13,0.53
env_heavytail_tight,PPO:seed13,PPO,1137,605.2893999999999,0.14,0.56
env_heavytail_tight,PPO:seed13,PPO,1138,320.1256,0.1,0.57
env_heavytail_tight,PPO:seed13,PPO,1139,668.3152,0.16,0.56
env_heavytail_tight,PPO:seed13,PPO,1140,276.8132,0.16,0.59
env_heavytail_tight,PPO:seed13,PPO,1141,292.01919999999996,0.21,0.62
env_heavytail_tight,PPO:seed13,PPO,1142,286.3534,0.27,0.52
env_heavytail_tight,PPO:seed13,PPO,1143,557.9084,0.13,0.6
env_heavytail_tight,PPO:seed13,PPO,1144,428.61560000000003,0.04,0.53
env_heavytail_tight,PPO:seed13,PPO,1145,548.437,0.14,0.56
env_heavytail_tight,PPO:seed13,PPO,1146,572.0978,0.1,0.48
env_heavytail_tight,PPO:seed13,PPO,1147,433.3537999999999,0.17,0.49
env_heavytail_tight,PPO:seed13,PPO,1148,450.93719999999996,0.12,0.62
env_heavytail_tight,PPO:seed13,PPO,1149,329.3192,0.14,0.46
env_heavytail_tight,PPO:seed13,PPO,1150,566.9014000000001,0.15,0.59
env_heavytail_tight,PPO:seed13,PPO,1151,371.7604,0.22,0.44
env_heavytail_tight,PPO:seed13,PPO,1152,386.5226,0.18,0.52
env_heavytail_tight,PPO:seed13,PPO,1153,475.2830000000001,0.17,0.39
env_heavytail_tight,PPO:seed13,PPO,1154,558.0179999999999,0.13,0.49
env_heavytail_tight,PPO:seed13,PPO,1155,309.6696,0.13,0.51
env_heavytail_tight,PPO:seed13,PPO,1156,367.41720000000004,0.13,0.56
env_heavytail_tight,PPO:seed13,PPO,1157,421.81759999999997,0.12,0.52
env_heavytail_tight,PPO:seed13,PPO,1158,612.0334,0.13,0.42
env_heavytail_tight,PPO:seed13,PPO,1159,431.7304,0.15,0.53
env_heavytail_tight,PPO:seed13,PPO,1160,418.8322,0.07,0.63
env_heavytail_tight,PPO:seed13,PPO,1161,333.5679999999999,0.13,0.6
env_heavytail_tight,PPO:seed13,PPO,1162,642.9653999999999,0.15,0.48
env_heavytail_tight,PPO:seed13,PPO,1163,583.5894,0.08,0.56
env_heavytail_tight,PPO:seed13,PPO,1164,576.8463999999999,0.13,0.58
env_heavytail_tight,PPO:seed13,PPO,1165,451.92679999999996,0.14,0.5
env_heavytail_tight,PPO:seed13,PPO,1166,798.8152000000001,0.16,0.47
env_heavytail_tight,PPO:seed13,PPO,1167,477.01000000000005,0.17,0.45
env_heavytail_tight,PPO:seed13,PPO,1168,232.6026,0.18,0.57
env_heavytail_tight,PPO:seed13,PPO,1169,531.9512,0.13,0.54
env_heavytail_tight,PPO:seed13,PPO,1170,383.1426,0.18,0.56
env_heavytail_tight,PPO:seed13,PPO,1171,453.4158,0.09,0.53
env_heavytail_tight,PPO:seed13,PPO,1172,441.1318,0.23,0.53
env_heavytail_tight,PPO:seed13,PPO,1173,684.3716000000001,0.14,0.58
env_heavytail_tight,PPO:seed13,PPO,1174,722.2135999999999,0.14,0.61
env_heavytail_tight,PPO:seed13,PPO,1175,412.0238,0.09,0.52
env_heavytail_tight,PPO:seed13,PPO,1176,353.303,0.23,0.42
env_heavytail_tight,PPO:seed13,PPO,1177,472.5136,0.11,0.55
env_heavytail_tight,PPO:seed13,PPO,1178,516.285,0.14,0.42
env_heavytail_tight,PPO:seed13,PPO,1179,558.3178,0.1,0.45
env_heavytail_tight,PPO:seed13,PPO,1180,600.716,0.12,0.57
env_heavytail_tight,PPO:seed13,PPO,1181,389.922,0.18,0.52
env_heavytail_tight,PPO:seed13,PPO,1182,304.1096,0.11,0.51
env_heavytail_tight,PPO:seed13,PPO,1183,373.1890000000001,0.13,0.52
env_heavytail_tight,PPO:seed13,PPO,1184,316.3042,0.13,0.55
env_heavytail_tight,PPO:seed13,PPO,1185,461.154,0.21,0.45
env_heavytail_tight,PPO:seed13,PPO,1186,590.0120000000001,0.1,0.5
env_heavytail_tight,PPO:seed13,PPO,1187,472.385,0.1,0.53
env_heavytail_tight,PPO:seed13,PPO,1188,369.7618,0.14,0.44
env_heavytail_tight,PPO:seed13,PPO,1189,255.7244,0.18,0.52
env_heavytail_tight,PPO:seed13,PPO,1190,613.9436000000001,0.17,0.41
env_heavytail_tight,PPO:seed13,PPO,1191,426.8,0.16,0.55
env_heavytail_tight,PPO:seed13,PPO,1192,394.864,0.14,0.56
env_heavytail_tight,PPO:seed13,PPO,1193,539.5484,0.09,0.55
env_heavytail_tight,PPO:seed13,PPO,1194,344.03139999999996,0.18,0.58
env_heavytail_tight,PPO:seed13,PPO,1195,419.93559999999997,0.16,0.4
env_heavytail_tight,PPO:seed13,PPO,1196,375.2812,0.21,0.46
env_heavytail_tight,PPO:seed13,PPO,1197,359.3265999999999,0.16,0.45
env_heavytail_tight,PPO:seed13,PPO,1198,315.20099999999996,0.16,0.61
env_heavytail_tight,PPO:seed13,PPO,1199,459.3306,0.17,0.54
env_heavytail_tight,PPO:seed13,PPO,1200,563.1024,0.18,0.43
env_heavytail_tight,PPO:seed13,PPO,1201,557.4621999999999,0.1,0.59
env_heavytail_tight,PPO:seed13,PPO,1202,514.8188,0.16,0.55
env_heavytail_tight,PPO:seed13,PPO,1203,463.23339999999996,0.12,0.62
env_heavytail_tight,PPO:seed13,PPO,1204,526.7785999999999,0.2,0.53
env_heavytail_tight,PPO:seed13,PPO,1205,796.898,0.11,0.47
env_heavytail_tight,PPO:seed13,PPO,1206,598.4940000000001,0.17,0.51
env_heavytail_tight,PPO:seed13,PPO,1207,405.1218,0.04,0.64
env_heavytail_tight,PPO:seed13,PPO,1208,506.9978,0.19,0.42
env_heavytail_tight,PPO:seed13,PPO,1209,248.85360000000003,0.12,0.45
env_heavytail_tight,PPO:seed13,PPO,1210,603.4481999999999,0.12,0.51
env_heavytail_tight,PPO:seed13,PPO,1211,531.9785999999999,0.09,0.56
env_heavytail_tight,PPO:seed13,PPO,1212,716.2742,0.15,0.5
env_heavytail_tight,PPO:seed13,PPO,1213,475.39279999999997,0.15,0.4
env_heavytail_tight,PPO:seed13,PPO,1214,405.98619999999994,0.13,0.51
env_heavytail_tight,PPO:seed13,PPO,1215,431.301,0.15,0.57
env_heavytail_tight,PPO:seed13,PPO,1216,514.6898,0.13,0.52
env_heavytail_tight,PPO:seed13,PPO,1217,388.5206,0.11,0.53
env_heavytail_tight,PPO:seed13,PPO,1218,329.7452,0.21,0.5
env_heavytail_tight,PPO:seed13,PPO,1219,503.64239999999995,0.16,0.48
env_heavytail_tight,PPO:seed13,PPO,1220,529.1758,0.21,0.52
env_heavytail_tight,PPO:seed13,PPO,1221,393.7654,0.16,0.57
env_heavytail_tight,PPO:seed13,PPO,1222,376.60580000000004,0.18,0.52
env_heavytail_tight,PPO:seed13,PPO,1223,573.1980000000001,0.11,0.58
env_heavytail_tight,PPO:seed13,PPO,1224,357.8762,0.1,0.49
env_heavytail_tight,PPO:seed13,PPO,1225,629.8964,0.19,0.54
env_heavytail_tight,PPO:seed13,PPO,1226,512.8232,0.17,0.45
env_heavytail_tight,PPO:seed13,PPO,1227,523.4058,0.11,0.62
env_heavytail_tight,PPO:seed13,PPO,1228,552.7374000000001,0.14,0.49
env_heavytail_tight,PPO:seed13,PPO,1229,264.47559999999993,0.19,0.5
env_heavytail_tight,PPO:seed13,PPO,1230,392.15459999999996,0.14,0.52
env_heavytail_tight,PPO:seed13,PPO,1231,586.0874000000001,0.13,0.42
env_heavytail_tight,PPO:seed13,PPO,1232,287.3571999999999,0.14,0.54
env_heavytail_tight,PPO:seed13,PPO,1233,439.084,0.15,0.54
env_heavytail_tight,PPO:seed13,PPO,1234,595.0881999999999,0.16,0.5
env_heavytail_tight,PPO:seed13,PPO,1235,345.6432,0.13,0.6
env_heavytail_tight,PPO:seed13,PPO,1236,352.60419999999993,0.17,0.53
env_heavytail_tight,PPO:seed13,PPO,1237,470.7456000000001,0.12,0.41
env_heavytail_tight,PPO:seed13,PPO,1238,327.3277999999999,0.13,0.56
env_heavytail_tight,PPO:seed13,PPO,1239,580.4128,0.11,0.44
env_heavytail_tight,PPO:seed13,PPO,1240,559.7447999999999,0.2,0.59
env_heavytail_tight,PPO:seed13,PPO,1241,451.6188,0.16,0.6
env_heavytail_tight,PPO:seed13,PPO,1242,314.9822,0.15,0.45
env_heavytail_tight,PPO:seed13,PPO,1243,600.3173999999999,0.12,0.45
env_heavytail_tight,PPO:seed13,PPO,1244,283.404,0.17,0.56
env_heavytail_tight,PPO:seed13,PPO,1245,255.4414,0.18,0.59
env_heavytail_tight,PPO:seed13,PPO,1246,358.6222,0.16,0.56
env_heavytail_tight,PPO:seed13,PPO,1247,517.6576,0.09,0.63
env_heavytail_tight,PPO:seed13,PPO,1248,560.6548,0.1,0.55
env_heavytail_tight,PPO:seed13,PPO,1249,558.0152,0.15,0.44
env_heavytail_tight,PPO:seed7,PPO,1000,353.97059999999993,0.17,0.38
env_heavytail_tight,PPO:seed7,PPO,1001,517.2683999999999,0.11,0.38
env_heavytail_tight,PPO:seed7,PPO,1002,532.1464,0.12,0.42
env_heavytail_tight,PPO:seed7,PPO,1003,419.32,0.11,0.44
env_heavytail_tight,PPO:seed7,PPO,1004,382.084,0.15,0.38
env_heavytail_tight,PPO:seed7,PPO,1005,481.363,0.14,0.42
env_heavytail_tight,PPO:seed7,PPO,1006,284.73900000000003,0.1,0.44
env_heavytail_tight,PPO:seed7,PPO,1007,552.982,0.11,0.39
env_heavytail_tight,PPO:seed7,PPO,1008,581.8807999999999,0.15,0.41
env_heavytail_tight,PPO:seed7,PPO,1009,501.5632000000001,0.07,0.41
env_heavytail_tight,PPO:seed7,PPO,1010,372.795,0.1,0.42
env_heavytail_tight,PPO:seed7,PPO,1011,340.3534,0.14,0.42
env_heavytail_tight,PPO:seed7,PPO,1012,571.2096,0.15,0.43
env_heavytail_tight,PPO:seed7,PPO,1013,270.6878,0.11,0.45
env_heavytail_tight,PPO:seed7,PPO,1014,441.8727999999999,0.16,0.41
env_heavytail_tight,PPO:seed7,PPO,1015,327.62199999999996,0.2,0.42
env_heavytail_tight,PPO:seed7,PPO,1016,428.23179999999996,0.13,0.38
env_heavytail_tight,PPO:seed7,PPO,1017,275.92799999999994,0.2,0.4
env_heavytail_tight,PPO:seed7,PPO,1018,535.1342,0.12,0.42
env_heavytail_tight,PPO:seed7,PPO,1019,429.385,0.18,0.39
env_heavytail_tight,PPO:seed7,PPO,1020,487.19359999999995,0.16,0.44
env_heavytail_tight,PPO:seed7,PPO,1021,363.372,0.18,0.4
env_heavytail_tight,PPO:seed7,PPO,1022,269.9736,0.19,0.41
env_heavytail_tight,PPO:seed7,PPO,1023,580.395,0.15,0.43
env_heavytail_tight,PPO:seed7,PPO,1024,549.8548000000001,0.11,0.42
env_heavytail_tight,PPO:seed7,PPO,1025,226.85559999999998,0.17,0.36
env_heavytail_tight,PPO:seed7,PPO,1026,458.1192,0.14,0.4
env_heavytail_tight,PPO:seed7,PPO,1027,654.1558000000001,0.12,0.43
env_heavytail_tight,PPO:seed7,PPO,1028,454.2332,0.16,0.39
env_heavytail_tight,PPO:seed7,PPO,1029,297.39739999999995,0.18,0.39
env_heavytail_tight,PPO:seed7,PPO,1030,231.13360000000003,0.15,0.42
env_heavytail_tight,PPO:seed7,PPO,1031,442.70459999999997,0.13,0.39
env_heavytail_tight,PPO:seed7,PPO,1032,497.0208,0.15,0.36
env_heavytail_tight,PPO:seed7,PPO,1033,442.941,0.12,0.42
env_heavytail_tight,PPO:seed7,PPO,1034,404.24780000000004,0.09,0.4
env_heavytail_tight,PPO:seed7,PPO,1035,423.1108,0.12,0.42
env_heavytail_tight,PPO:seed7,PPO,1036,636.9004,0.16,0.45
env_heavytail_tight,PPO:seed7,PPO,1037,300.3248,0.19,0.4
env_heavytail_tight,PPO:seed7,PPO,1038,548.6898,0.09,0.46
env_heavytail_tight,PPO:seed7,PPO,1039,361.88340000000005,0.18,0.38
env_heavytail_tight,PPO:seed7,PPO,1040,407.6548,0.17,0.43
env_heavytail_tight,PPO:seed7,PPO,1041,399.60760000000005,0.14,0.46
env_heavytail_tight,PPO:seed7,PPO,1042,448.821,0.06,0.44
env_heavytail_tight,PPO:seed7,PPO,1043,649.7178,0.11,0.41
env_heavytail_tight,PPO:seed7,PPO,1044,679.0334,0.14,0.44
env_heavytail_tight,PPO:seed7,PPO,1045,431.6332,0.12,0.41
env_heavytail_tight,PPO:seed7,PPO,1046,682.1612000000001,0.09,0.44
env_heavytail_tight,PPO:seed7,PPO,1047,640.485,0.13,0.43
env_heavytail_tight,PPO:seed7,PPO,1048,576.0828,0.12,0.4
env_heavytail_tight,PPO:seed7,PPO,1049,565.1822000000002,0.14,0.47
env_heavytail_tight,PPO:seed7,PPO,1050,532.9326,0.15,0.47
env_heavytail_tight,PPO:seed7,PPO,1051,192.5873999999999,0.12,0.4
env_heavytail_tight,PPO:seed7,PPO,1052,354.687,0.19,0.42
env_heavytail_tight,PPO:seed7,PPO,1053,657.9294,0.12,0.43
env_heavytail_tight,PPO:seed7,PPO,1054,486.019,0.13,0.45
env_heavytail_tight,PPO:seed7,PPO,1055,469.34499999999997,0.12,0.43
env_heavytail_tight,PPO:seed7,PPO,1056,282.05,0.15,0.45
env_heavytail_tight,PPO:seed7,PPO,1057,350.6776,0.19,0.34
env_heavytail_tight,PPO:seed7,PPO,1058,403.2848,0.14,0.39
env_heavytail_tight,PPO:seed7,PPO,1059,516.5526,0.08,0.44
env_heavytail_tight,PPO:seed7,PPO,1060,408.177,0.13,0.39
env_heavytail_tight,PPO:seed7,PPO,1061,602.2108000000001,0.1,0.43
env_heavytail_tight,PPO:seed7,PPO,1062,479.2592,0.12,0.43
env_heavytail_tight,PPO:seed7,PPO,1063,443.07640000000004,0.09,0.41
env_heavytail_tight,PPO:seed7,PPO,1064,358.545,0.13,0.43
env_heavytail_tight,PPO:seed7,PPO,1065,558.1338000000001,0.14,0.42
env_heavytail_tight,PPO:seed7,PPO,1066,450.53499999999997,0.17,0.39
env_heavytail_tight,PPO:seed7,PPO,1067,491.21220000000005,0.11,0.47
env_heavytail_tight,PPO:seed7,PPO,1068,355.6626,0.12,0.39
env_heavytail_tight,PPO:seed7,PPO,1069,280.66339999999997,0.15,0.43
env_heavytail_tight,PPO:seed7,PPO,1070,347.517,0.14,0.38
env_heavytail_tight,PPO:seed7,PPO,1071,495.595,0.12,0.43
env_heavytail_tight,PPO:seed7,PPO,1072,622.2926,0.2,0.43
env_heavytail_tight,PPO:seed7,PPO,1073,618.0654,0.13,0.43
env_heavytail_tight,PPO:seed7,PPO,1074,602.6666,0.13,0.47
env_heavytail_tight,PPO:seed7,PPO,1075,317.043,0.09,0.49
env_heavytail_tight,PPO:seed7,PPO,1076,508.9050000000001,0.17,0.42
env_heavytail_tight,PPO:seed7,PPO,1077,390.8708,0.06,0.48
env_heavytail_tight,PPO:seed7,PPO,1078,507.22440000000006,0.08,0.45
env_heavytail_tight,PPO:seed7,PPO,1079,369.54540000000003,0.17,0.41
env_heavytail_tight,PPO:seed7,PPO,1080,613.5878,0.13,0.42
env_heavytail_tight,PPO:seed7,PPO,1081,510.6192,0.11,0.44
env_heavytail_tight,PPO:seed7,PPO,1082,536.574,0.12,0.41
env_heavytail_tight,PPO:seed7,PPO,1083,677.8618,0.1,0.43
env_heavytail_tight,PPO:seed7,PPO,1084,396.0332,0.12,0.41
env_heavytail_tight,PPO:seed7,PPO,1085,351.3224,0.12,0.41
env_heavytail_tight,PPO:seed7,PPO,1086,518.0724,0.12,0.38
env_heavytail_tight,PPO:seed7,PPO,1087,610.8766,0.12,0.41
env_heavytail_tight,PPO:seed7,PPO,1088,493.8594,0.11,0.41
env_heavytail_tight,PPO:seed7,PPO,1089,387.86940000000004,0.15,0.4
env_heavytail_tight,PPO:seed7,PPO,1090,515.0148,0.1,0.43
env_heavytail_tight,PPO:seed7,PPO,1091,430.371,0.15,0.39
env_heavytail_tight,PPO:seed7,PPO,1092,267.04460000000006,0.15,0.37
env_heavytail_tight,PPO:seed7,PPO,1093,309.6148,0.14,0.4
env_heavytail_tight,PPO:seed7,PPO,1094,390.43600000000004,0.13,0.4
env_heavytail_tight,PPO:seed7,PPO,1095,430.0038,0.19,0.36
env_heavytail_tight,PPO:seed7,PPO,1096,290.5844,0.12,0.41
env_heavytail_tight,PPO:seed7,PPO,1097,491.55979999999994,0.11,0.47
env_heavytail_tight,PPO:seed7,PPO,1098,413.49719999999996,0.18,0.38
env_heavytail_tight,PPO:seed7,PPO,1099,339.818,0.13,0.39
env_heavytail_tight,PPO:seed7,PPO,1100,206.4044,0.18,0.37
env_heavytail_tight,PPO:seed7,PPO,1101,298.096,0.12,0.42
env_heavytail_tight,PPO:seed7,PPO,1102,634.7330000000001,0.09,0.42
env_heavytail_tight,PPO:seed7,PPO,1103,451.06140000000005,0.16,0.46
env_heavytail_tight,PPO:seed7,PPO,1104,812.6414,0.06,0.44
env_heavytail_tight,PPO:seed7,PPO,1105,387.9624,0.17,0.42
env_heavytail_tight,PPO:seed7,PPO,1106,498.53420000000006,0.11,0.42
env_heavytail_tight,PPO:seed7,PPO,1107,464.423,0.12,0.43
env_heavytail_tight,PPO:seed7,PPO,1108,504.54639999999995,0.14,0.39
env_heavytail_tight,PPO:seed7,PPO,1109,475.7772,0.06,0.48
env_heavytail_tight,PPO:seed7,PPO,1110,601.4712,0.1,0.45
env_heavytail_tight,PPO:seed7,PPO,1111,365.69280000000003,0.15,0.41
env_heavytail_tight,PPO:seed7,PPO,1112,558.4762000000001,0.13,0.4
env_heavytail_tight,PPO:seed7,PPO,1113,531.148,0.13,0.42
env_heavytail_tight,PPO:seed7,PPO,1114,539.2646,0.16,0.43
env_heavytail_tight,PPO:seed7,PPO,1115,442.1124,0.12,0.43
env_heavytail_tight,PPO:seed7,PPO,1116,174.78259999999997,0.18,0.37
env_heavytail_tight,PPO:seed7,PPO,1117,290.2634,0.11,0.48
env_heavytail_tight,PPO:seed7,PPO,1118,271.1671999999999,0.11,0.43
env_heavytail_tight,PPO:seed7,PPO,1119,242.56940000000003,0.18,0.37
env_heavytail_tight,PPO:seed7,PPO,1120,532.8328,0.08,0.43
env_heavytail_tight,PPO:seed7,PPO,1121,404.93199999999996,0.17,0.35
env_heavytail_tight,PPO:seed7,PPO,1122,431.3028,0.1,0.38
env_heavytail_tight,PPO:seed7,PPO,1123,572.3108000000001,0.12,0.41
env_heavytail_tight,PPO:seed7,PPO,1124,529.4118,0.12,0.44
env_heavytail_tight,PPO:seed7,PPO,1125,433.4856,0.1,0.44
env_heavytail_tight,PPO:seed7,PPO,1126,478.36619999999994,0.13,0.43
env_heavytail_tight,PPO:seed7,PPO,1127,299.2728,0.16,0.39
env_heavytail_tight,PPO:seed7,PPO,1128,471.8766,0.1,0.41
env_heavytail_tight,PPO:seed7,PPO,1129,484.06999999999994,0.21,0.33
env_heavytail_tight,PPO:seed7,PPO,1130,587.6096,0.16,0.4
env_heavytail_tight,PPO:seed7,PPO,1131,350.1128,0.17,0.39
env_heavytail_tight,PPO:seed7,PPO,1132,319.65639999999996,0.11,0.41
env_heavytail_tight,PPO:seed7,PPO,1133,423.46880000000004,0.12,0.43
env_heavytail_tight,PPO:seed7,PPO,1134,137.869,0.14,0.41
env_heavytail_tight,PPO:seed7,PPO,1135,349.7572,0.18,0.36
env_heavytail_tight,PPO:seed7,PPO,1136,578.5992000000001,0.15,0.42
env_heavytail_tight,PPO:seed7,PPO,1137,591.359,0.13,0.47
env_heavytail_tight,PPO:seed7,PPO,1138,271.4198,0.11,0.39
env_heavytail_tight,PPO:seed7,PPO,1139,637.4961999999999,0.14,0.42
env_heavytail_tight,PPO:seed7,PPO,1140,259.02160000000003,0.14,0.41
env_heavytail_tight,PPO:seed7,PPO,1141,243.79780000000005,0.15,0.42
env_heavytail_tight,PPO:seed7,PPO,1142,276.52219999999994,0.2,0.38
env_heavytail_tight,PPO:seed7,PPO,1143,576.4558,0.09,0.43
env_heavytail_tight,PPO:seed7,PPO,1144,401.08619999999996,0.06,0.5
env_heavytail_tight,PPO:seed7,PPO,1145,512.0274,0.12,0.41
env_heavytail_tight,PPO:seed7,PPO,1146,543.4920000000001,0.13,0.43
env_heavytail_tight,PPO:seed7,PPO,1147,446.4154,0.09,0.43
env_heavytail_tight,PPO:seed7,PPO,1148,413.1962,0.12,0.42
env_heavytail_tight,PPO:seed7,PPO,1149,322.07079999999996,0.13,0.4
env_heavytail_tight,PPO:seed7,PPO,1150,521.4094,0.15,0.43
env_heavytail_tight,PPO:seed7,PPO,1151,365.17660000000006,0.16,0.42
env_heavytail_tight,PPO:seed7,PPO,1152,383.82839999999993,0.15,0.41
env_heavytail_tight,PPO:seed7,PPO,1153,475.9066,0.14,0.4
env_heavytail_tight,PPO:seed7,PPO,1154,564.4141999999999,0.06,0.49
env_heavytail_tight,PPO:seed7,PPO,1155,322.731,0.16,0.41
env_heavytail_tight,PPO:seed7,PPO,1156,368.5996,0.16,0.42
env_heavytail_tight,PPO:seed7,PPO,1157,439.8238,0.09,0.45
env_heavytail_tight,PPO:seed7,PPO,1158,639.2493999999999,0.09,0.41
env_heavytail_tight,PPO:seed7,PPO,1159,445.1788,0.14,0.43
env_heavytail_tight,PPO:seed7,PPO,1160,406.5376,0.06,0.48
env_heavytail_tight,PPO:seed7,PPO,1161,311.2426,0.19,0.4
env_heavytail_tight,PPO:seed7,PPO,1162,600.3602,0.19,0.34
env_heavytail_tight,PPO:seed7,PPO,1163,505.5046,0.11,0.42
env_heavytail_tight,PPO:seed7,PPO,1164,557.6758,0.08,0.46
env_heavytail_tight,PPO:seed7,PPO,1165,422.38700000000006,0.14,0.4
env_heavytail_tight,PPO:seed7,PPO,1166,791.8964000000001,0.12,0.38
env_heavytail_tight,PPO:seed7,PPO,1167,469.0434,0.19,0.39
env_heavytail_tight,PPO:seed7,PPO,1168,243.33119999999997,0.14,0.41
env_heavytail_tight,PPO:seed7,PPO,1169,489.5558,0.12,0.41
env_heavytail_tight,PPO:seed7,PPO,1170,385.73179999999996,0.18,0.46
env_heavytail_tight,PPO:seed7,PPO,1171,461.9518,0.04,0.46
env_heavytail_tight,PPO:seed7,PPO,1172,426.5882,0.15,0.42
env_heavytail_tight,PPO:seed7,PPO,1173,680.1589999999999,0.12,0.43
env_heavytail_tight,PPO:seed7,PPO,1174,688.4924,0.2,0.41
env_heavytail_tight,PPO:seed7,PPO,1175,404.7002,0.06,0.46
env_heavytail_tight,PPO:seed7,PPO,1176,351.7246,0.23,0.34
env_heavytail_tight,PPO:seed7,PPO,1177,436.40500000000003,0.12,0.44
env_heavytail_tight,PPO:seed7,PPO,1178,535.0804,0.11,0.45
env_heavytail_tight,PPO:seed7,PPO,1179,552.4495999999999,0.09,0.41
env_heavytail_tight,PPO:seed7,PPO,1180,576.1422,0.06,0.49
env_heavytail_tight,PPO:seed7,PPO,1181,364.6259999999999,0.14,0.43
env_heavytail_tight,PPO:seed7,PPO,1182,284.9778,0.12,0.38
env_heavytail_tight,PPO:seed7,PPO,1183,331.73420000000004,0.13,0.39
env_heavytail_tight,PPO:seed7,PPO,1184,323.2218,0.14,0.42
env_heavytail_tight,PPO:seed7,PPO,1185,452.85179999999997,0.19,0.37
env_heavytail_tight,PPO:seed7,PPO,1186,605.4156,0.11,0.45
env_heavytail_tight,PPO:seed7,PPO,1187,415.273,0.12,0.4
env_heavytail_tight,PPO:seed7,PPO,1188,371.8214,0.15,0.43
env_heavytail_tight,PPO:seed7,PPO,1189,271.07980000000003,0.19,0.38
env_heavytail_tight,PPO:seed7,PPO,1190,623.2694,0.13,0.41
env_heavytail_tight,PPO:seed7,PPO,1191,388.43620000000004,0.14,0.4
env_heavytail_tight,PPO:seed7,PPO,1192,422.7408,0.07,0.42
env_heavytail_tight,PPO:seed7,PPO,1193,545.4458,0.03,0.45
env_heavytail_tight,PPO:seed7,PPO,1194,300.68679999999995,0.17,0.39
env_heavytail_tight,PPO:seed7,PPO,1195,409.6522,0.14,0.38
env_heavytail_tight,PPO:seed7,PPO,1196,385.1818,0.2,0.4
env_heavytail_tight,PPO:seed7,PPO,1197,351.4432,0.17,0.4
env_heavytail_tight,PPO:seed7,PPO,1198,248.723,0.14,0.42
env_heavytail_tight,PPO:seed7,PPO,1199,426.09000000000003,0.13,0.41
env_heavytail_tight,PPO:seed7,PPO,1200,566.8268,0.19,0.39
env_heavytail_tight,PPO:seed7,PPO,1201,547.917,0.07,0.44
env_heavytail_tight,PPO:seed7,PPO,1202,472.289,0.16,0.41
env_heavytail_tight,PPO:seed7,PPO,1203,430.41859999999997,0.14,0.42
env_heavytail_tight,PPO:seed7,PPO,1204,524.4122,0.14,0.4
env_heavytail_tight,PPO:seed7,PPO,1205,807.7687999999999,0.1,0.48
env_heavytail_tight,PPO:seed7,PPO,1206,597.0308,0.16,0.4
env_heavytail_tight,PPO:seed7,PPO,1207,321.717,0.16,0.4
env_heavytail_tight,PPO:seed7,PPO,1208,523.4754,0.13,0.38
env_heavytail_tight,PPO:seed7,PPO,1209,216.54020000000003,0.19,0.41
env_heavytail_tight,PPO:seed7,PPO,1210,548.7588,0.16,0.38
env_heavytail_tight,PPO:seed7,PPO,1211,494.0061999999999,0.07,0.4
env_heavytail_tight,PPO:seed7,PPO,1212,703.3752000000001,0.14,0.43
env_heavytail_tight,PPO:seed7,PPO,1213,488.9858,0.09,0.43
env_heavytail_tight,PPO:seed7,PPO,1214,370.8784,0.14,0.44
env_heavytail_tight,PPO:seed7,PPO,1215,385.5088,0.16,0.44
env_heavytail_tight,PPO:seed7,PPO,1216,489.198,0.12,0.41
env_heavytail_tight,PPO:seed7,PPO,1217,378.3774000000001,0.08,0.45
env_heavytail_tight,PPO:seed7,PPO,1218,335.3226,0.14,0.41
env_heavytail_tight,PPO:seed7,PPO,1219,493.2509999999999,0.16,0.44
env_heavytail_tight,PPO:seed7,PPO,1220,490.00159999999994,0.15,0.41
env_heavytail_tight,PPO:seed7,PPO,1221,397.8727999999999,0.1,0.44
env_heavytail_tight,PPO:seed7,PPO,1222,373.7626,0.16,0.43
env_heavytail_tight,PPO:seed7,PPO,1223,566.7554,0.07,0.44
env_heavytail_tight,PPO:seed7,PPO,1224,348.2736,0.09,0.46
env_heavytail_tight,PPO:seed7,PPO,1225,593.54,0.14,0.39
env_heavytail_tight,PPO:seed7,PPO,1226,503.50839999999994,0.1,0.38
env_heavytail_tight,PPO:seed7,PPO,1227,468.81199999999995,0.12,0.44
env_heavytail_tight,PPO:seed7,PPO,1228,504.85540000000003,0.13,0.42
env_heavytail_tight,PPO:seed7,PPO,1229,257.0079999999999,0.16,0.41
env_heavytail_tight,PPO:seed7,PPO,1230,368.85420000000005,0.16,0.44
env_heavytail_tight,PPO:seed7,PPO,1231,580.7525999999999,0.17,0.41
env_heavytail_tight,PPO:seed7,PPO,1232,267.49620000000004,0.13,0.43
env_heavytail_tight,PPO:seed7,PPO,1233,393.3646,0.13,0.43
env_heavytail_tight,PPO:seed7,PPO,1234,581.2262000000001,0.17,0.41
env_heavytail_tight,PPO:seed7,PPO,1235,293.2402,0.18,0.41
env_heavytail_tight,PPO:seed7,PPO,1236,331.63280000000003,0.15,0.39
env_heavytail_tight,PPO:seed7,PPO,1237,454.2686,0.1,0.41
env_heavytail_tight,PPO:seed7,PPO,1238,331.28899999999993,0.13,0.43
env_heavytail_tight,PPO:seed7,PPO,1239,568.9918,0.15,0.42
env_heavytail_tight,PPO:seed7,PPO,1240,548.0717999999999,0.19,0.42
env_heavytail_tight,PPO:seed7,PPO,1241,417.05019999999996,0.13,0.43
env_heavytail_tight,PPO:seed7,PPO,1242,308.98159999999996,0.17,0.42
env_heavytail_tight,PPO:seed7,PPO,1243,608.548,0.1,0.46
env_heavytail_tight,PPO:seed7,PPO,1244,278.7008,0.14,0.42
env_heavytail_tight,PPO:seed7,PPO,1245,213.00600000000003,0.18,0.38
env_heavytail_tight,PPO:seed7,PPO,1246,337.51320000000004,0.13,0.47
env_heavytail_tight,PPO:seed7,PPO,1247,512.047,0.04,0.47
env_heavytail_tight,PPO:seed7,PPO,1248,551.8156,0.08,0.49
env_heavytail_tight,PPO:seed7,PPO,1249,547.3807999999999,0.18,0.39
